<?xml version="1.0" encoding="UTF-8"?>
<kml xmlns="http://www.opengis.net/kml/2.2">
  <Document>
    <name>미국·캐나다 대륙횡단 10,786 km 로드트립</name>
    <description>LAX to JFK 26-Day Cross-Country Road Trip</description>
    <Style id="routeLine">
      <LineStyle>
        <color>ffea7000</color>
        <width>5</width>
      </LineStyle>
    </Style>
    <Placemark>
      <name>대륙횡단 실제 주행 경로선 (10,786 km)</name>
      <styleUrl>#routeLine</styleUrl>
      <LineString>
        <tessellate>1</tessellate>
        <coordinates>
-118.40371,33.94281,0 -118.40058,33.94313,0 -118.39787,33.94344,0 -118.39537,33.94442,0 -118.3961,33.94734,0 -118.39614,33.95131,0 -118.3979,33.95319,0 -118.40609,33.95333,0 -118.40976,33.95331,0 -118.41258,33.95394,0 -118.41503,33.95573,0 -118.41687,33.9575,0 -118.41872,33.95928,0 -118.42069,33.96148,0 -118.42272,33.96391,0 -118.42473,33.96555,0 -118.42709,33.9671,0 -118.42906,33.97025,0 -118.43037,33.97223,0 -118.43196,33.97451,0 -118.4335,33.9764,0 -118.43561,33.97784,0 -118.43762,33.97941,0 -118.43969,33.98125,0 -118.44161,33.98338,0 -118.44321,33.98526,0 -118.44475,33.98721,0 -118.44643,33.98905,0 -118.44812,33.99082,0 -118.44989,33.99265,0 -118.45235,33.99388,0 -118.45482,33.99506,0 -118.45729,33.99624,0 -118.45969,33.9974,0 -118.46226,33.99864,0 -118.46471,33.99982,0 -118.46715,34.00102,0 -118.46968,34.00222,0 -118.47203,34.00373,0 -118.47412,34.00527,0 -118.47626,34.00688,0 -118.47849,34.00865,0 -118.48045,34.01023,0 -118.48243,34.01184,0 -118.48436,34.01348,0 -118.48619,34.01517,0 -118.48826,34.01357,0 -118.49076,34.01259,0 -118.49368,34.01178,0 -118.49647,34.01179,0 -118.50004,34.01499,0 -118.50204,34.01668,0 -118.50413,34.01823,0 -118.50614,34.01981,0 -118.50814,34.02137,0 -118.51042,34.02316,0 -118.51285,34.02474,0 -118.51555,34.02612,0 -118.51814,34.02747,0 -118.52042,34.02873,0 -118.52269,34.02999,0 -118.5254,34.03142,0 -118.52815,34.03229,0 -118.53257,34.03407,0 -118.53501,34.03527,0 -118.53767,34.03676,0 -118.54026,34.03809,0 -118.54323,34.03905,0 -118.54599,34.03961,0 -118.54893,34.03944,0 -118.55367,34.03876,0 -118.55645,34.03865,0 -118.559,34.03956,0 -118.56181,34.04047,0 -118.56444,34.04135,0 -118.56713,34.04178,0 -118.57008,34.04213,0 -118.57304,34.04153,0 -118.57545,34.04022,0 -118.5786,34.04013,0 -118.58178,34.03956,0 -118.58446,34.03881,0 -118.58772,34.03932,0 -118.5908,34.03974,0 -118.59373,34.03992,0 -118.59665,34.03961,0 -118.5998,34.03943,0 -118.60296,34.03945,0 -118.60662,34.03842,0 -118.60903,34.03701,0 -118.61182,34.0371,0 -118.61875,34.03774,0 -118.62225,34.03813,0 -118.62514,34.03794,0 -118.62787,34.03734,0 -118.63067,34.0376,0 -118.63427,34.03726,0 -118.63702,34.037,0 -118.63972,34.03757,0 -118.64436,34.03851,0 -118.64734,34.03847,0 -118.65012,34.03809,0 -118.65345,34.03864,0 -118.65746,34.0391,0 -118.66043,34.03938,0 -118.66339,34.03964,0 -118.66624,34.03962,0 -118.66905,34.03946,0 -118.67193,34.0392,0 -118.6745,34.03841,0 -118.67696,34.0374,0 -118.67916,34.03571,0 -118.68192,34.03469,0 -118.68489,34.0344,0 -118.68772,34.03439,0 -118.69044,34.03469,0 -118.69209,34.0376,0 -118.69484,34.03788,0 -118.69209,34.0376,0 -118.69143,34.03538,0 -118.68788,34.03428,0 -118.68513,34.03433,0 -118.68192,34.03469,0 -118.67916,34.03571,0 -118.67718,34.03727,0 -118.67461,34.03837,0 -118.67193,34.0392,0 -118.66905,34.03946,0 -118.66625,34.03962,0 -118.66339,34.03964,0 -118.66043,34.03938,0 -118.65746,34.0391,0 -118.65469,34.03882,0 -118.65069,34.03818,0 -118.64794,34.0383,0 -118.64518,34.03862,0 -118.64177,34.038,0 -118.63833,34.03722,0 -118.63542,34.03698,0 -118.63177,34.03759,0 -118.6287,34.03737,0 -118.62583,34.03766,0 -118.62307,34.03817,0 -118.61986,34.03786,0 -118.61416,34.03723,0 -118.61095,34.03689,0 -118.60817,34.03742,0 -118.6045,34.03918,0 -118.60145,34.03937,0 -118.59806,34.03952,0 -118.59535,34.03994,0 -118.59261,34.03995,0 -118.58947,34.03946,0 -118.5862,34.03894,0 -118.58324,34.03913,0 -118.58042,34.03996,0 -118.5772,34.03997,0 -118.57435,34.0408,0 -118.57157,34.04192,0 -118.56879,34.04193,0 -118.56609,34.0415,0 -118.56337,34.04115,0 -118.56072,34.04015,0 -118.55763,34.03894,0 -118.55498,34.03845,0 -118.55201,34.03904,0 -118.54934,34.03947,0 -118.54641,34.03959,0 -118.54323,34.03905,0 -118.54026,34.03809,0 -118.53767,34.03676,0 -118.53501,34.03527,0 -118.53257,34.03407,0 -118.52961,34.03284,0 -118.52704,34.03207,0 -118.52457,34.03102,0 -118.52143,34.02929,0 -118.51915,34.02794,0 -118.51563,34.02612,0 -118.51285,34.02474,0 -118.51042,34.02316,0 -118.50835,34.02154,0 -118.50614,34.01981,0 -118.50413,34.01823,0 -118.50214,34.01661,0 -118.50013,34.01492,0 -118.49774,34.01274,0 -118.49548,34.01137,0 -118.49282,34.0122,0 -118.48997,34.01257,0 -118.48557,34.01494,0 -118.48255,34.01688,0 -118.47998,34.01896,0 -118.47754,34.02096,0 -118.4752,34.02264,0 -118.46455,34.02572,0 -118.46145,34.02651,0 -118.45754,34.02732,0 -118.45472,34.02769,0 -118.45183,34.02762,0 -118.44899,34.02824,0 -118.44516,34.02925,0 -118.4415,34.03006,0 -118.43835,34.03023,0 -118.43597,34.03155,0 -118.43619,34.03392,0 -118.43788,34.03592,0 -118.43908,34.03802,0 -118.44068,34.0402,0 -118.44295,34.04283,0 -118.44496,34.04573,0 -118.44325,34.0479,0 -118.44043,34.04869,0 -118.43781,34.04941,0 -118.43473,34.05027,0 -118.43192,34.05208,0 -118.42946,34.05371,0 -118.42683,34.05552,0 -118.42467,34.057,0 -118.42222,34.05862,0 -118.42003,34.06,0 -118.41753,34.06167,0 -118.41537,34.06317,0 -118.41325,34.0651,0 -118.41103,34.06663,0 -118.40872,34.06821,0 -118.40614,34.06996,0 -118.40377,34.0716,0 -118.40163,34.07306,0 -118.40377,34.0716,0 -118.40614,34.06996,0 -118.40829,34.0685,0 -118.41044,34.06704,0 -118.41281,34.0654,0 -118.41501,34.06391,0 -118.4173,34.06229,0 -118.41943,34.06072,0 -118.42165,34.0592,0 -118.42391,34.0577,0 -118.42655,34.05588,0 -118.42906,34.05417,0 -118.43141,34.0526,0 -118.43397,34.05084,0 -118.43649,34.04993,0 -118.43938,34.04913,0 -118.44268,34.04819,0 -118.44559,34.04735,0 -118.44485,34.04437,0 -118.44286,34.04233,0 -118.44119,34.04041,0 -118.43961,34.03849,0 -118.43842,34.03566,0 -118.43697,34.0335,0 -118.4374,34.0312,0 -118.44005,34.03045,0 -118.44313,34.02994,0 -118.44661,34.02908,0 -118.44961,34.02827,0 -118.45234,34.02779,0 -118.45544,34.02786,0 -118.45888,34.02723,0 -118.46157,34.02666,0 -118.46464,34.02585,0 -118.4732,34.02352,0 -118.47581,34.02247,0 -118.47803,34.02078,0 -118.48209,34.01748,0 -118.4849,34.0155,0 -118.4882,34.0137,0 -118.49083,34.01284,0 -118.49383,34.01238,0 -118.49435,34.01007,0 -118.49727,34.01012,0 -118.49799,34.01254,0 -118.49559,34.01139,0 -118.49282,34.0122,0 -118.48997,34.01257,0 -118.48557,34.01494,0 -118.48255,34.01688,0 -118.47998,34.01896,0 -118.47754,34.02096,0 -118.4752,34.02264,0 -118.46455,34.02572,0 -118.46145,34.02651,0 -118.45754,34.02732,0 -118.45472,34.02769,0 -118.45183,34.02762,0 -118.44899,34.02824,0 -118.44516,34.02925,0 -118.4415,34.03006,0 -118.43835,34.03023,0 -118.43597,34.03155,0 -118.43619,34.03392,0 -118.43788,34.03592,0 -118.43908,34.03802,0 -118.44068,34.0402,0 -118.44295,34.04283,0 -118.44644,34.04689,0 -118.44821,34.04909,0 -118.44923,34.05156,0 -118.45031,34.05372,0 -118.45188,34.05564,0 -118.45353,34.05763,0 -118.45533,34.05993,0 -118.4574,34.06239,0 -118.45912,34.06438,0 -118.46149,34.06705,0 -118.4636,34.06946,0 -118.46503,34.07149,0 -118.46475,34.07381,0 -118.46206,34.07307,0 -118.45944,34.07426,0 -118.45668,34.07488,0 -118.45467,34.07655,0 -118.45085,34.07579,0 -118.44925,34.0739,0 -118.44588,34.0736,0 -118.44869,34.07355,0 -118.45032,34.07546,0 -118.45327,34.07693,0 -118.45602,34.07543,0 -118.45848,34.07443,0 -118.46083,34.07323,0 -118.46343,34.07393,0 -118.46621,34.07357,0 -118.46804,34.07531,0 -118.4691,34.0774,0 -118.47246,34.08001,0 -118.47388,34.08215,0 -118.47459,34.0844,0 -118.47517,34.08846,0 -118.47561,34.09136,0 -118.47602,34.09385,0 -118.47658,34.09607,0 -118.47773,34.09829,0 -118.47768,34.10071,0 -118.47715,34.10304,0 -118.47773,34.10527,0 -118.47956,34.10779,0 -118.48109,34.10982,0 -118.48199,34.11203,0 -118.48187,34.11468,0 -118.48169,34.11722,0 -118.48092,34.11948,0 -118.47935,34.12144,0 -118.47708,34.12425,0 -118.47549,34.1262,0 -118.47418,34.1282,0 -118.47214,34.13427,0 -118.4714,34.13655,0 -118.47102,34.13902,0 -118.47128,34.1416,0 -118.47112,34.14401,0 -118.47037,34.14634,0 -118.4692,34.1487,0 -118.46797,34.15106,0 -118.46764,34.15339,0 -118.4684,34.15619,0 -118.46806,34.15848,0 -118.4648,34.15934,0 -118.46127,34.15934,0 -118.4585,34.1588,0 -118.45551,34.15791,0 -118.45208,34.15754,0 -118.44901,34.15701,0 -118.44628,34.15585,0 -118.44353,34.15513,0 -118.44028,34.15545,0 -118.43456,34.15556,0 -118.43143,34.15555,0 -118.42799,34.15553,0 -118.42394,34.15626,0 -118.42101,34.15669,0 -118.41704,34.15667,0 -118.41395,34.15666,0 -118.41053,34.15665,0 -118.40549,34.15662,0 -118.40268,34.15624,0 -118.40026,34.15512,0 -118.3974,34.15437,0 -118.39279,34.15435,0 -118.38791,34.15438,0 -118.38438,34.1544,0 -118.38089,34.1543,0 -118.37767,34.15331,0 -118.37511,34.15116,0 -118.37337,34.1491,0 -118.37052,34.14696,0 -118.36863,34.14533,0 -118.36661,34.14127,0 -118.36514,34.13931,0 -118.36312,34.13776,0 -118.36121,34.13613,0 -118.35919,34.13431,0 -118.35637,34.13305,0 -118.35351,34.13229,0 -118.35181,34.13408,0 -118.34993,34.13584,0 -118.35057,34.13804,0 -118.35313,34.13724,0 -118.35057,34.13804,0 -118.34993,34.13584,0 -118.35191,34.13421,0 -118.35079,34.13204,0 -118.34878,34.13036,0 -118.34695,34.12856,0 -118.34515,34.12673,0 -118.34369,34.12473,0 -118.34058,34.12203,0 -118.33884,34.12013,0 -118.33768,34.11808,0 -118.33664,34.11429,0 -118.33577,34.11207,0 -118.33428,34.11011,0 -118.33219,34.10867,0 -118.32856,34.1065,0 -118.32625,34.10513,0 -118.32378,34.10407,0 -118.32138,34.10525,0 -118.31865,34.10526,0 -118.31591,34.10527,0 -118.31315,34.10538,0 -118.3103,34.10539,0 -118.30926,34.10747,0 -118.30617,34.10842,0 -118.30285,34.10907,0 -118.29978,34.10964,0 -118.29659,34.11022,0 -118.29325,34.11082,0 -118.29163,34.11269,0 -118.28993,34.11481,0 -118.29096,34.11693,0 -118.29359,34.11796,0 -118.29634,34.12096,0 -118.297,34.12378,0 -118.29969,34.12329,0 -118.30273,34.12302,0 -118.30071,34.12142,0 -118.30038,34.11917,0 -118.30002,34.12147,0 -118.29827,34.12327,0 -118.29637,34.121,0 -118.29488,34.11904,0 -118.29263,34.11767,0 -118.29062,34.11614,0 -118.29052,34.1138,0 -118.29192,34.11164,0 -118.29549,34.11041,0 -118.29931,34.10973,0 -118.30205,34.10923,0 -118.30599,34.10845,0 -118.309,34.10785,0 -118.30929,34.1055,0 -118.31201,34.10539,0 -118.31475,34.10529,0 -118.3175,34.10527,0 -118.32045,34.10525,0 -118.32341,34.10525,0 -118.32621,34.10553,0 -118.33065,34.10797,0 -118.33297,34.10937,0 -118.33487,34.11102,0 -118.33649,34.11512,0 -118.33715,34.11741,0 -118.33818,34.11961,0 -118.33995,34.12178,0 -118.34287,34.12429,0 -118.34462,34.12639,0 -118.34746,34.12939,0 -118.34961,34.13145,0 -118.35175,34.13304,0 -118.35487,34.13394,0 -118.35815,34.13495,0 -118.3605,34.1362,0 -118.3627,34.13776,0 -118.36479,34.13926,0 -118.36644,34.14135,0 -118.36754,34.14379,0 -118.36888,34.1459,0 -118.37142,34.14781,0 -118.37338,34.1495,0 -118.37519,34.15228,0 -118.37691,34.15412,0 -118.38317,34.15457,0 -118.38759,34.15454,0 -118.39195,34.15454,0 -118.3963,34.15451,0 -118.39933,34.15493,0 -118.40187,34.15612,0 -118.40451,34.15678,0 -118.41039,34.15681,0 -118.41364,34.15684,0 -118.41699,34.15685,0 -118.42094,34.15686,0 -118.42641,34.1559,0 -118.43106,34.15572,0 -118.43451,34.15573,0 -118.43893,34.15575,0 -118.44163,34.15539,0 -118.44445,34.15543,0 -118.44738,34.15655,0 -118.45017,34.1575,0 -118.45314,34.15783,0 -118.45615,34.15829,0 -118.45872,34.1591,0 -118.46217,34.15957,0 -118.46559,34.15971,0 -118.46834,34.1605,0 -118.47059,34.16207,0 -118.46971,34.15964,0 -118.46923,34.15731,0 -118.46846,34.15505,0 -118.46821,34.15243,0 -118.46882,34.15014,0 -118.46999,34.14786,0 -118.47106,34.14543,0 -118.47159,34.14297,0 -118.4715,34.14071,0 -118.47136,34.1384,0 -118.47261,34.13375,0 -118.47337,34.13142,0 -118.47408,34.12921,0 -118.47513,34.12712,0 -118.47697,34.12482,0 -118.47858,34.12283,0 -118.48067,34.12024,0 -118.48184,34.11813,0 -118.48212,34.11517,0 -118.48227,34.11288,0 -118.48183,34.11058,0 -118.47894,34.10651,0 -118.47762,34.10431,0 -118.47762,34.10186,0 -118.47816,34.09965,0 -118.47757,34.09724,0 -118.47651,34.09506,0 -118.47603,34.09212,0 -118.4755,34.0889,0 -118.47513,34.08619,0 -118.47477,34.0839,0 -118.47388,34.08156,0 -118.47242,34.07959,0 -118.47056,34.07767,0 -118.46904,34.07577,0 -118.46701,34.07315,0 -118.46501,34.0707,0 -118.46334,34.06882,0 -118.46168,34.06693,0 -118.45993,34.06495,0 -118.45828,34.06304,0 -118.45655,34.06099,0 -118.45453,34.05846,0 -118.45302,34.05656,0 -118.45121,34.05446,0 -118.44987,34.05242,0 -118.44902,34.05004,0 -118.44764,34.04787,0 -118.4451,34.04491,0 -118.44331,34.04286,0 -118.44119,34.04041,0 -118.43961,34.03849,0 -118.43842,34.03566,0 -118.43686,34.03357,0 -118.43474,34.03175,0 -118.43199,34.03106,0 -118.42925,34.03141,0 -118.42431,34.03167,0 -118.41979,34.03168,0 -118.4163,34.03172,0 -118.41321,34.03133,0 -118.41024,34.03033,0 -118.40683,34.02988,0 -118.40352,34.02958,0 -118.39712,34.02903,0 -118.39423,34.02929,0 -118.3916,34.03035,0 -118.3891,34.03182,0 -118.38593,34.03371,0 -118.38317,34.03531,0 -118.38056,34.03661,0 -118.37773,34.03687,0 -118.37315,34.03595,0 -118.3698,34.03524,0 -118.36437,34.03406,0 -118.36155,34.03374,0 -118.35835,34.03382,0 -118.35551,34.03395,0 -118.35049,34.03418,0 -118.34544,34.03441,0 -118.34025,34.03465,0 -118.33106,34.03509,0 -118.3278,34.03523,0 -118.32392,34.03569,0 -118.32121,34.03608,0 -118.31754,34.03662,0 -118.3144,34.03679,0 -118.31125,34.03687,0 -118.30772,34.03687,0 -118.30462,34.03684,0 -118.30168,34.03679,0 -118.29819,34.03677,0 -118.29521,34.03668,0 -118.29188,34.0367,0 -118.28837,34.03665,0 -118.28557,34.03666,0 -118.28286,34.03695,0 -118.27967,34.03767,0 -118.27686,34.03787,0 -118.27408,34.03783,0 -118.27144,34.03698,0 -118.2683,34.03499,0 -118.26562,34.03362,0 -118.26305,34.03222,0 -118.26006,34.03115,0 -118.25723,34.03008,0 -118.2515,34.02704,0 -118.24694,34.02456,0 -118.24428,34.02368,0 -118.24119,34.02386,0 -118.23769,34.02522,0 -118.23188,34.02757,0 -118.22836,34.02865,0 -118.22549,34.02922,0 -118.22317,34.0305,0 -118.22156,34.03279,0 -118.22026,34.03501,0 -118.21973,34.03763,0 -118.21891,34.04024,0 -118.21724,34.0427,0 -118.2154,34.0455,0 -118.21419,34.04849,0 -118.2139,34.05076,0 -118.21375,34.05317,0 -118.21138,34.05438,0 -118.2087,34.05372,0 -118.20592,34.0535,0 -118.20275,34.05438,0 -118.19906,34.05521,0 -118.19544,34.05539,0 -118.18774,34.05518,0 -118.18496,34.05542,0 -118.18195,34.0566,0 -118.17886,34.05802,0 -118.17566,34.05945,0 -118.17235,34.0609,0 -118.16966,34.0615,0 -118.16624,34.06115,0 -118.16346,34.06149,0 -118.16101,34.06282,0 -118.1588,34.06418,0 -118.15539,34.066,0 -118.15291,34.06729,0 -118.14962,34.06904,0 -118.14714,34.07033,0 -118.1446,34.07115,0 -118.1399,34.07128,0 -118.13613,34.07131,0 -118.13327,34.07135,0 -118.12848,34.07142,0 -118.12503,34.07145,0 -118.12162,34.07149,0 -118.11122,34.07163,0 -118.10832,34.07164,0 -118.10386,34.07171,0 -118.09968,34.07175,0 -118.09665,34.07179,0 -118.09331,34.07184,0 -118.09053,34.07186,0 -118.08604,34.07193,0 -118.08203,34.07197,0 -118.07574,34.07203,0 -118.07272,34.07207,0 -118.06606,34.07218,0 -118.06013,34.07222,0 -118.05572,34.07228,0 -118.05272,34.07216,0 -118.04908,34.07086,0 -118.0463,34.06965,0 -118.04236,34.06868,0 -118.03961,34.0683,0 -118.03615,34.06795,0 -118.03197,34.06782,0 -118.02888,34.06787,0 -118.02522,34.06799,0 -118.02233,34.06778,0 -118.01911,34.06665,0 -118.01651,34.06554,0 -118.0132,34.06475,0 -118.01036,34.06412,0 -118.00756,34.06392,0 -118.00362,34.0645,0 -118.00088,34.06491,0 -117.99796,34.06522,0 -117.99379,34.06582,0 -117.98833,34.06659,0 -117.98563,34.06691,0 -117.98143,34.06751,0 -117.97717,34.06802,0 -117.97412,34.06844,0 -117.96976,34.06902,0 -117.96618,34.06948,0 -117.96291,34.06991,0 -117.95841,34.07044,0 -117.94935,34.07138,0 -117.94608,34.07175,0 -117.94305,34.07209,0 -117.93637,34.07227,0 -117.93108,34.07226,0 -117.9269,34.07222,0 -117.92196,34.07217,0 -117.91681,34.0721,0 -117.91261,34.0721,0 -117.90789,34.07205,0 -117.90471,34.07203,0 -117.89916,34.07195,0 -117.89465,34.07192,0 -117.89047,34.07189,0 -117.88715,34.07186,0 -117.88417,34.0718,0 -117.87823,34.07173,0 -117.87254,34.07168,0 -117.86955,34.0716,0 -117.86684,34.07113,0 -117.86439,34.0701,0 -117.86141,34.06858,0 -117.85856,34.06791,0 -117.85387,34.06821,0 -117.85052,34.06822,0 -117.8469,34.0681,0 -117.84308,34.06859,0 -117.84035,34.06875,0 -117.83726,34.06806,0 -117.83424,34.06717,0 -117.83154,34.06616,0 -117.8292,34.06488,0 -117.82615,34.06392,0 -117.82268,34.06362,0 -117.81983,34.06348,0 -117.81402,34.06365,0 -117.81126,34.06386,0 -117.80817,34.06453,0 -117.80569,34.06549,0 -117.8028,34.06681,0 -117.80002,34.0681,0 -117.79344,34.0711,0 -117.79035,34.07219,0 -117.78763,34.07268,0 -117.78488,34.07276,0 -117.78204,34.07274,0 -117.77911,34.07279,0 -117.77592,34.07264,0 -117.77194,34.07209,0 -117.76817,34.0715,0 -117.76378,34.07082,0 -117.76092,34.07081,0 -117.7582,34.07144,0 -117.75526,34.07253,0 -117.75241,34.07368,0 -117.74614,34.07622,0 -117.74185,34.07802,0 -117.73868,34.07932,0 -117.73548,34.08063,0 -117.73246,34.08138,0 -117.72799,34.08149,0 -117.72275,34.08159,0 -117.71942,34.08163,0 -117.71532,34.0817,0 -117.71036,34.08176,0 -117.70475,34.08165,0 -117.70202,34.08158,0 -117.69922,34.0819,0 -117.69643,34.08256,0 -117.69392,34.08355,0 -117.69098,34.08485,0 -117.68845,34.08597,0 -117.68578,34.08688,0 -117.68291,34.08721,0 -117.6766,34.08722,0 -117.67349,34.08723,0 -117.67043,34.08724,0 -117.66738,34.08724,0 -117.66448,34.08726,0 -117.66094,34.08727,0 -117.65797,34.08726,0 -117.65503,34.08727,0 -117.65184,34.08729,0 -117.64831,34.0873,0 -117.64534,34.08731,0 -117.64224,34.08705,0 -117.63941,34.08636,0 -117.63677,34.08512,0 -117.63201,34.08239,0 -117.62871,34.08051,0 -117.62626,34.07913,0 -117.62394,34.07777,0 -117.62155,34.07642,0 -117.61888,34.07489,0 -117.61648,34.07351,0 -117.61413,34.07211,0 -117.61142,34.07059,0 -117.60869,34.06937,0 -117.606,34.06851,0 -117.60294,34.0679,0 -117.59965,34.06755,0 -117.59655,34.06748,0 -117.59302,34.06744,0 -117.58911,34.06742,0 -117.58611,34.06741,0 -117.58294,34.06739,0 -117.57919,34.06737,0 -117.57607,34.06735,0 -117.5727,34.06734,0 -117.56977,34.06733,0 -117.56598,34.06733,0 -117.56205,34.06732,0 -117.55873,34.06731,0 -117.55516,34.06729,0 -117.55185,34.06712,0 -117.54837,34.06688,0 -117.54549,34.06767,0 -117.54419,34.06973,0 -117.54452,34.07211,0 -117.54466,34.07642,0 -117.54463,34.08213,0 -117.54458,34.08511,0 -117.54454,34.08797,0 -117.54423,34.09031,0 -117.54362,34.09266,0 -117.54217,34.09585,0 -117.54014,34.09888,0 -117.53844,34.10077,0 -117.53648,34.10252,0 -117.53219,34.10609,0 -117.5287,34.10896,0 -117.52382,34.11301,0 -117.52033,34.11589,0 -117.51725,34.11843,0 -117.51476,34.12051,0 -117.50993,34.12447,0 -117.5058,34.12789,0 -117.50119,34.13172,0 -117.49815,34.13425,0 -117.49556,34.13643,0 -117.49228,34.13913,0 -117.48935,34.14155,0 -117.48566,34.14459,0 -117.47985,34.14944,0 -117.47488,34.15356,0 -117.46571,34.16118,0 -117.46327,34.1633,0 -117.46061,34.16538,0 -117.45705,34.16828,0 -117.45438,34.17031,0 -117.45221,34.17168,0 -117.44786,34.17411,0 -117.44212,34.17737,0 -117.43929,34.17928,0 -117.43693,34.18132,0 -117.4347,34.18335,0 -117.43243,34.18529,0 -117.4304,34.18688,0 -117.4223,34.19248,0 -117.4203,34.19424,0 -117.41784,34.19799,0 -117.41543,34.20241,0 -117.41427,34.20459,0 -117.41342,34.20684,0 -117.41247,34.21081,0 -117.41185,34.21349,0 -117.41126,34.21588,0 -117.41064,34.21827,0 -117.41,34.22065,0 -117.40971,34.223,0 -117.41053,34.22536,0 -117.41241,34.22724,0 -117.41627,34.23022,0 -117.41932,34.23252,0 -117.42149,34.23417,0 -117.4248,34.23666,0 -117.42769,34.23886,0 -117.43006,34.24066,0 -117.43266,34.24269,0 -117.43573,34.2456,0 -117.43763,34.24723,0 -117.44033,34.24882,0 -117.44315,34.25016,0 -117.44573,34.25144,0 -117.44792,34.25323,0 -117.44927,34.25527,0 -117.44988,34.25791,0 -117.44966,34.26058,0 -117.44935,34.26289,0 -117.44934,34.26564,0 -117.44938,34.2684,0 -117.44942,34.27078,0 -117.44947,34.27356,0 -117.45038,34.27645,0 -117.45159,34.27881,0 -117.45204,34.28133,0 -117.45154,34.28678,0 -117.45157,34.28948,0 -117.45222,34.29186,0 -117.45347,34.29405,0 -117.45519,34.29623,0 -117.4573,34.29882,0 -117.45947,34.30154,0 -117.46227,34.30374,0 -117.46492,34.30479,0 -117.468,34.30624,0 -117.4711,34.30884,0 -117.47379,34.31109,0 -117.47701,34.31388,0 -117.4788,34.31583,0 -117.48074,34.31907,0 -117.48173,34.32218,0 -117.48207,34.32457,0 -117.48209,34.32743,0 -117.48211,34.33018,0 -117.48209,34.33291,0 -117.48135,34.33535,0 -117.47986,34.33737,0 -117.47773,34.33896,0 -117.47481,34.34007,0 -117.47189,34.34031,0 -117.46862,34.33999,0 -117.4649,34.33991,0 -117.46167,34.34018,0 -117.45842,34.34081,0 -117.45556,34.34164,0 -117.45205,34.34288,0 -117.44752,34.34447,0 -117.44488,34.34547,0 -117.44253,34.34687,0 -117.4399,34.34948,0 -117.4387,34.35166,0 -117.43794,34.35447,0 -117.4367,34.35781,0 -117.43504,34.36018,0 -117.43337,34.36205,0 -117.42758,34.36834,0 -117.42475,34.37143,0 -117.42279,34.37358,0 -117.42109,34.37562,0 -117.41804,34.37934,0 -117.41216,34.38669,0 -117.40877,34.3909,0 -117.40718,34.39279,0 -117.4053,34.39469,0 -117.40368,34.39669,0 -117.40214,34.39863,0 -117.39994,34.40145,0 -117.3982,34.40367,0 -117.39372,34.40943,0 -117.38936,34.41498,0 -117.38298,34.42314,0 -117.37986,34.42708,0 -117.3774,34.43026,0 -117.36504,34.4461,0 -117.35923,34.45355,0 -117.35338,34.46101,0 -117.3485,34.46721,0 -117.34271,34.47465,0 -117.34005,34.47804,0 -117.33839,34.48024,0 -117.33311,34.48874,0 -117.33002,34.49364,0 -117.32614,34.49984,0 -117.32448,34.50256,0 -117.32339,34.50539,0 -117.32248,34.5088,0 -117.32175,34.51151,0 -117.32059,34.51575,0 -117.31915,34.52119,0 -117.31814,34.52406,0 -117.31574,34.5287,0 -117.31418,34.53171,0 -117.31183,34.53632,0 -117.31063,34.53842,0 -117.30867,34.54035,0 -117.3046,34.54288,0 -117.30204,34.54445,0 -117.29665,34.54772,0 -117.2938,34.54945,0 -117.29146,34.55113,0 -117.28972,34.55353,0 -117.28815,34.55654,0 -117.28594,34.56073,0 -117.28125,34.56652,0 -117.27237,34.57626,0 -117.27042,34.5784,0 -117.26285,34.58669,0 -117.26016,34.59004,0 -117.25825,34.59241,0 -117.25644,34.59465,0 -117.25187,34.60045,0 -117.24208,34.61283,0 -117.23052,34.62742,0 -117.22193,34.63868,0 -117.22017,34.64107,0 -117.21841,34.64341,0 -117.21644,34.64644,0 -117.21483,34.65116,0 -117.21013,34.66672,0 -117.20975,34.67007,0 -117.21185,34.67864,0 -117.21258,34.68113,0 -117.21299,34.68391,0 -117.21276,34.68642,0 -117.21195,34.68885,0 -117.20713,34.6979,0 -117.20353,34.70462,0 -117.19646,34.71798,0 -117.1943,34.72179,0 -117.19215,34.72471,0 -117.18575,34.73175,0 -117.17531,34.74323,0 -117.17221,34.74664,0 -117.16908,34.75007,0 -117.16626,34.75308,0 -117.1637,34.7553,0 -117.16127,34.75728,0 -117.15927,34.75886,0 -117.14524,34.77022,0 -117.13063,34.782,0 -117.11927,34.79119,0 -117.10954,34.79902,0 -117.10052,34.80633,0 -117.09817,34.80904,0 -117.09672,34.81235,0 -117.09563,34.81586,0 -117.0945,34.81995,0 -117.08766,34.84392,0 -117.08621,34.84903,0 -117.0845,34.85499,0 -117.08359,34.85807,0 -117.08286,34.86061,0 -117.08216,34.86308,0 -117.0811,34.86558,0 -117.07925,34.86808,0 -117.07673,34.87038,0 -117.07398,34.87282,0 -117.07168,34.87483,0 -117.06871,34.87746,0 -117.06375,34.88175,0 -117.06118,34.88342,0 -117.05851,34.88421,0 -117.05385,34.88492,0 -117.04947,34.8854,0 -117.04669,34.8857,0 -117.04347,34.88595,0 -117.04004,34.88596,0 -117.03507,34.88592,0 -117.03221,34.8859,0 -117.02874,34.8859,0 -117.02166,34.88582,0 -117.01758,34.88581,0 -117.01445,34.8858,0 -117.01125,34.88579,0 -117.00782,34.88623,0 -117.00502,34.88658,0 -117.00213,34.88665,0 -116.9987,34.88662,0 -116.99559,34.88653,0 -116.99285,34.8862,0 -116.99014,34.88563,0 -116.98038,34.88313,0 -116.97585,34.88196,0 -116.97289,34.88108,0 -116.97032,34.87975,0 -116.96825,34.87822,0 -116.96486,34.87563,0 -116.95852,34.8708,0 -116.95601,34.86918,0 -116.95327,34.86802,0 -116.94375,34.86592,0 -116.93634,34.86439,0 -116.93246,34.86358,0 -116.90208,34.85731,0 -116.89844,34.85655,0 -116.89555,34.85595,0 -116.88426,34.85362,0 -116.87795,34.85231,0 -116.87414,34.85152,0 -116.86562,34.84977,0 -116.85603,34.84778,0 -116.85097,34.84707,0 -116.82199,34.84336,0 -116.81431,34.8424,0 -116.80884,34.84172,0 -116.80369,34.84106,0 -116.79874,34.84043,0 -116.79562,34.84004,0 -116.79038,34.83936,0 -116.78618,34.83884,0 -116.7821,34.83831,0 -116.77473,34.83737,0 -116.76165,34.83571,0 -116.75887,34.83538,0 -116.75468,34.83502,0 -116.74788,34.83443,0 -116.73897,34.83368,0 -116.7183,34.83189,0 -116.70796,34.83101,0 -116.70191,34.83048,0 -116.69832,34.83016,0 -116.6945,34.82983,0 -116.6904,34.82948,0 -116.68651,34.82905,0 -116.6739,34.82747,0 -116.66724,34.82637,0 -116.66333,34.82568,0 -116.65916,34.82494,0 -116.65506,34.82421,0 -116.65092,34.82347,0 -116.64679,34.82273,0 -116.64264,34.82199,0 -116.63849,34.82125,0 -116.6344,34.82051,0 -116.63029,34.81978,0 -116.62621,34.81905,0 -116.62214,34.81832,0 -116.61805,34.81759,0 -116.614,34.81686,0 -116.60654,34.81553,0 -116.52948,34.8017,0 -116.5262,34.80112,0 -116.52201,34.80036,0 -116.51795,34.79962,0 -116.51383,34.79889,0 -116.51075,34.79833,0 -116.50663,34.79725,0 -116.50284,34.79621,0 -116.49465,34.79397,0 -116.48774,34.79209,0 -116.4776,34.7907,0 -116.47197,34.79008,0 -116.4568,34.78835,0 -116.45296,34.78789,0 -116.44808,34.78733,0 -116.44458,34.78693,0 -116.43628,34.78597,0 -116.428,34.78502,0 -116.41997,34.78409,0 -116.41618,34.78345,0 -116.40794,34.78157,0 -116.40388,34.78064,0 -116.39582,34.77879,0 -116.39169,34.77785,0 -116.386,34.77655,0 -116.38196,34.77564,0 -116.37794,34.77471,0 -116.37126,34.77317,0 -116.3684,34.77251,0 -116.36581,34.77166,0 -116.36238,34.76991,0 -116.3594,34.76775,0 -116.3554,34.76477,0 -116.35186,34.76214,0 -116.34851,34.75963,0 -116.3441,34.75634,0 -116.34018,34.75344,0 -116.33805,34.75193,0 -116.33514,34.75028,0 -116.32911,34.74717,0 -116.32515,34.74512,0 -116.32196,34.74347,0 -116.31513,34.74005,0 -116.31236,34.73891,0 -116.30893,34.73783,0 -116.30533,34.737,0 -116.30134,34.73608,0 -116.2888,34.73319,0 -116.28589,34.73252,0 -116.27768,34.73067,0 -116.2728,34.72984,0 -116.2563,34.72789,0 -116.24575,34.72665,0 -116.2429,34.72634,0 -116.2348,34.72588,0 -116.23132,34.72568,0 -116.2272,34.72546,0 -116.21929,34.72504,0 -116.20512,34.72427,0 -116.19771,34.72388,0 -116.18701,34.72421,0 -116.18098,34.7245,0 -116.17563,34.72474,0 -116.16839,34.72507,0 -116.16336,34.7253,0 -116.15811,34.72554,0 -116.14609,34.72608,0 -116.14269,34.72624,0 -116.09125,34.72727,0 -116.08505,34.7274,0 -116.08204,34.72726,0 -116.07903,34.72665,0 -116.07649,34.72573,0 -116.07337,34.72424,0 -116.07005,34.72267,0 -116.06715,34.72128,0 -116.06408,34.71994,0 -116.05863,34.71823,0 -116.05171,34.71629,0 -116.04655,34.71484,0 -116.04193,34.71428,0 -116.03245,34.71491,0 -116.02889,34.71526,0 -116.02198,34.71679,0 -116.01894,34.71746,0 -116.01608,34.71809,0 -116.01252,34.7189,0 -116.00961,34.71974,0 -116.00667,34.721,0 -116.00395,34.72196,0 -116.0006,34.72243,0 -115.9976,34.72224,0 -115.99411,34.72132,0 -115.9911,34.72062,0 -115.98808,34.72029,0 -115.98246,34.72041,0 -115.97959,34.72051,0 -115.97585,34.72084,0 -115.96786,34.72196,0 -115.96453,34.72244,0 -115.96097,34.72295,0 -115.95751,34.72335,0 -115.95392,34.72354,0 -115.94759,34.7237,0 -115.94333,34.72381,0 -115.94033,34.72388,0 -115.93741,34.72396,0 -115.93265,34.72407,0 -115.92989,34.72413,0 -115.92683,34.72421,0 -115.92292,34.72463,0 -115.91961,34.72535,0 -115.9152,34.72678,0 -115.91141,34.72805,0 -115.90853,34.72882,0 -115.90454,34.72966,0 -115.90057,34.7306,0 -115.89756,34.73145,0 -115.89439,34.73249,0 -115.89123,34.73351,0 -115.88857,34.73409,0 -115.88578,34.73444,0 -115.88298,34.73448,0 -115.88019,34.73427,0 -115.87681,34.73368,0 -115.87401,34.73335,0 -115.86904,34.73323,0 -115.86589,34.73303,0 -115.86089,34.73229,0 -115.85429,34.73126,0 -115.85022,34.73062,0 -115.84627,34.73,0 -115.84216,34.72936,0 -115.83814,34.72872,0 -115.83398,34.72807,0 -115.82918,34.72732,0 -115.82577,34.72675,0 -115.82226,34.7259,0 -115.81927,34.72493,0 -115.81531,34.72363,0 -115.81129,34.72232,0 -115.80848,34.72141,0 -115.80514,34.72053,0 -115.80215,34.71999,0 -115.79801,34.71964,0 -115.79176,34.71936,0 -115.7872,34.71911,0 -115.78294,34.71862,0 -115.77901,34.71798,0 -115.77523,34.71741,0 -115.77248,34.71712,0 -115.76844,34.71686,0 -115.76289,34.71674,0 -115.75881,34.71666,0 -115.75466,34.71658,0 -115.75058,34.7165,0 -115.74649,34.71643,0 -115.74278,34.71634,0 -115.73943,34.71637,0 -115.73482,34.71662,0 -115.73075,34.71692,0 -115.72661,34.71722,0 -115.72049,34.71765,0 -115.71724,34.71788,0 -115.71305,34.71818,0 -115.70895,34.71848,0 -115.70081,34.71907,0 -115.69781,34.71926,0 -115.69268,34.71965,0 -115.68938,34.71989,0 -115.68561,34.72015,0 -115.68174,34.72046,0 -115.67862,34.72072,0 -115.67086,34.72137,0 -115.66685,34.7217,0 -115.6624,34.72224,0 -115.65802,34.72312,0 -115.65477,34.72364,0 -115.6446,34.72339,0 -115.64158,34.72328,0 -115.63868,34.72328,0 -115.63211,34.72398,0 -115.62409,34.72513,0 -115.61886,34.72585,0 -115.61051,34.72701,0 -115.60194,34.72821,0 -115.58936,34.72997,0 -115.58413,34.73067,0 -115.57968,34.73116,0 -115.57661,34.73129,0 -115.56417,34.73186,0 -115.56078,34.73237,0 -115.55691,34.73328,0 -115.55399,34.73431,0 -115.54913,34.73616,0 -115.52818,34.74407,0 -115.50239,34.75385,0 -115.48644,34.75985,0 -115.48297,34.76125,0 -115.47919,34.76327,0 -115.47268,34.76726,0 -115.46674,34.77084,0 -115.46434,34.77198,0 -115.46038,34.77345,0 -115.45515,34.77523,0 -115.4317,34.78324,0 -115.42369,34.78599,0 -115.42082,34.78721,0 -115.41244,34.79214,0 -115.4093,34.79339,0 -115.40305,34.79472,0 -115.39972,34.79539,0 -115.38745,34.7979,0 -115.38345,34.7989,0 -115.37895,34.80037,0 -115.3749,34.80175,0 -115.37157,34.80269,0 -115.36828,34.80324,0 -115.36546,34.80341,0 -115.36115,34.80343,0 -115.35754,34.80343,0 -115.35462,34.80344,0 -115.34975,34.80336,0 -115.34615,34.8032,0 -115.33475,34.8021,0 -115.33081,34.8017,0 -115.32794,34.80139,0 -115.32468,34.80105,0 -115.3208,34.80078,0 -115.31785,34.80077,0 -115.31465,34.80096,0 -115.30754,34.80156,0 -115.29263,34.80284,0 -115.27913,34.80398,0 -115.27591,34.80424,0 -115.27219,34.80457,0 -115.26845,34.80488,0 -115.26175,34.80545,0 -115.25752,34.80579,0 -115.25465,34.80604,0 -115.24856,34.80656,0 -115.24294,34.80703,0 -115.23425,34.80777,0 -115.2304,34.80808,0 -115.22741,34.80833,0 -115.22421,34.80861,0 -115.21997,34.80897,0 -115.21663,34.80924,0 -115.21332,34.80951,0 -115.21058,34.80974,0 -115.2069,34.81007,0 -115.1999,34.81075,0 -115.19682,34.81111,0 -115.19331,34.81154,0 -115.1905,34.81188,0 -115.18706,34.81232,0 -115.18389,34.81271,0 -115.17243,34.81414,0 -115.15171,34.81671,0 -115.1425,34.81785,0 -115.13945,34.81824,0 -115.13402,34.8189,0 -115.12702,34.81978,0 -115.09937,34.8232,0 -115.08571,34.82491,0 -115.07196,34.82661,0 -115.06263,34.82784,0 -115.05768,34.82873,0 -115.05379,34.8295,0 -115.05067,34.83013,0 -115.04741,34.83039,0 -115.04408,34.83019,0 -115.04045,34.8299,0 -115.03443,34.82943,0 -115.02988,34.82913,0 -115.02674,34.82938,0 -115.01795,34.8317,0 -115.01435,34.8327,0 -115.01089,34.83367,0 -115.00409,34.83557,0 -115.00065,34.83653,0 -114.99742,34.83743,0 -114.99259,34.83879,0 -114.98633,34.84053,0 -114.98299,34.84144,0 -114.97958,34.84242,0 -114.9754,34.84357,0 -114.97123,34.84475,0 -114.96634,34.8461,0 -114.96203,34.8473,0 -114.94056,34.85327,0 -114.92549,34.85747,0 -114.92279,34.85791,0 -114.91969,34.85797,0 -114.9163,34.85763,0 -114.91078,34.85705,0 -114.90668,34.85661,0 -114.90318,34.85624,0 -114.89781,34.85567,0 -114.89487,34.85536,0 -114.89166,34.85501,0 -114.88875,34.85496,0 -114.88413,34.85584,0 -114.8765,34.85771,0 -114.87371,34.85826,0 -114.87042,34.85835,0 -114.86735,34.85863,0 -114.86394,34.85922,0 -114.86092,34.85976,0 -114.85822,34.86051,0 -114.85538,34.86178,0 -114.85014,34.86437,0 -114.84716,34.86578,0 -114.84425,34.86673,0 -114.83997,34.86731,0 -114.83705,34.8675,0 -114.83416,34.86781,0 -114.83151,34.86845,0 -114.82871,34.86935,0 -114.82531,34.87041,0 -114.82228,34.87136,0 -114.81871,34.87248,0 -114.80789,34.87587,0 -114.80477,34.87685,0 -114.79788,34.87901,0 -114.79248,34.8807,0 -114.78949,34.88161,0 -114.78643,34.88224,0 -114.7837,34.88254,0 -114.78006,34.88257,0 -114.77724,34.8823,0 -114.77406,34.88168,0 -114.76512,34.87914,0 -114.76233,34.87844,0 -114.75892,34.87796,0 -114.75514,34.8779,0 -114.75208,34.87821,0 -114.74892,34.87886,0 -114.74506,34.87971,0 -114.73387,34.88223,0 -114.73074,34.88292,0 -114.72666,34.88382,0 -114.72304,34.88466,0 -114.71975,34.8855,0 -114.71298,34.8875,0 -114.70683,34.88937,0 -114.70354,34.89037,0 -114.70068,34.89111,0 -114.69752,34.89126,0 -114.69406,34.89054,0 -114.68726,34.88834,0 -114.68045,34.88615,0 -114.67724,34.88511,0 -114.67362,34.88393,0 -114.67053,34.88274,0 -114.66753,34.8813,0 -114.66425,34.87922,0 -114.66092,34.877,0 -114.65866,34.87548,0 -114.6544,34.87261,0 -114.65107,34.87037,0 -114.64047,34.86324,0 -114.63074,34.8567,0 -114.62772,34.85469,0 -114.62458,34.85257,0 -114.62127,34.85046,0 -114.61835,34.84864,0 -114.61602,34.84722,0 -114.61411,34.84519,0 -114.61295,34.8427,0 -114.61151,34.83956,0 -114.61048,34.83734,0 -114.60888,34.83523,0 -114.60667,34.83365,0 -114.60384,34.83228,0 -114.6015,34.83055,0 -114.5998,34.82838,0 -114.59837,34.82592,0 -114.59724,34.82355,0 -114.59615,34.82097,0 -114.59426,34.81544,0 -114.5888,34.79807,0 -114.5874,34.79369,0 -114.58655,34.791,0 -114.58318,34.78034,0 -114.58153,34.77507,0 -114.58062,34.77227,0 -114.57973,34.77014,0 -114.57861,34.768,0 -114.57716,34.76585,0 -114.57412,34.76214,0 -114.57176,34.75935,0 -114.56781,34.75465,0 -114.5642,34.75037,0 -114.55801,34.74301,0 -114.55403,34.73829,0 -114.54957,34.733,0 -114.54571,34.72839,0 -114.54383,34.72631,0 -114.54131,34.72448,0 -114.53878,34.72306,0 -114.53633,34.72167,0 -114.53155,34.71896,0 -114.52881,34.71785,0 -114.52598,34.71718,0 -114.5225,34.71691,0 -114.51529,34.71719,0 -114.50869,34.71744,0 -114.50042,34.71778,0 -114.49764,34.71758,0 -114.49414,34.71716,0 -114.49097,34.71697,0 -114.48694,34.71719,0 -114.48363,34.71739,0 -114.48083,34.71762,0 -114.47807,34.71774,0 -114.47508,34.71806,0 -114.47231,34.71816,0 -114.46803,34.71831,0 -114.46369,34.71865,0 -114.45915,34.71918,0 -114.45471,34.7197,0 -114.44996,34.72025,0 -114.4459,34.72073,0 -114.44257,34.72113,0 -114.4397,34.72146,0 -114.43588,34.72191,0 -114.43122,34.72246,0 -114.42811,34.72282,0 -114.42405,34.72329,0 -114.42099,34.72367,0 -114.41742,34.72408,0 -114.41434,34.72444,0 -114.41087,34.72485,0 -114.40636,34.72538,0 -114.4016,34.72594,0 -114.3988,34.72624,0 -114.3951,34.72651,0 -114.39044,34.72669,0 -114.38686,34.72683,0 -114.38335,34.72696,0 -114.37936,34.72711,0 -114.37563,34.72725,0 -114.37148,34.7274,0 -114.36767,34.72755,0 -114.36332,34.72771,0 -114.35811,34.7279,0 -114.35284,34.7281,0 -114.34799,34.72828,0 -114.34333,34.72845,0 -114.34026,34.72856,0 -114.33509,34.72875,0 -114.32984,34.72895,0 -114.32085,34.72928,0 -114.31683,34.72943,0 -114.31342,34.72954,0 -114.31025,34.72963,0 -114.30633,34.72974,0 -114.30145,34.72989,0 -114.29452,34.73008,0 -114.28856,34.73025,0 -114.28524,34.73035,0 -114.28118,34.73046,0 -114.27595,34.73078,0 -114.27151,34.73126,0 -114.26771,34.73186,0 -114.26361,34.73269,0 -114.25954,34.73371,0 -114.25531,34.73502,0 -114.25243,34.73604,0 -114.24846,34.73761,0 -114.24434,34.73957,0 -114.23444,34.74472,0 -114.23072,34.74667,0 -114.22634,34.74897,0 -114.22268,34.75088,0 -114.21984,34.75247,0 -114.21655,34.75447,0 -114.21432,34.75606,0 -114.20722,34.76111,0 -114.19367,34.77083,0 -114.18592,34.77636,0 -114.18161,34.77947,0 -114.17509,34.78413,0 -114.17159,34.78662,0 -114.16823,34.78903,0 -114.1641,34.79198,0 -114.16196,34.7936,0 -114.15916,34.79601,0 -114.15637,34.79873,0 -114.15435,34.80103,0 -114.15247,34.80352,0 -114.15106,34.80564,0 -114.14869,34.8099,0 -114.14767,34.81213,0 -114.14654,34.81517,0 -114.14578,34.81783,0 -114.14516,34.82055,0 -114.14472,34.82388,0 -114.14455,34.82695,0 -114.14466,34.83068,0 -114.14482,34.83318,0 -114.14499,34.83548,0 -114.14545,34.84194,0 -114.14601,34.85048,0 -114.14641,34.85626,0 -114.14664,34.85949,0 -114.14682,34.86231,0 -114.14709,34.86619,0 -114.14736,34.87022,0 -114.14755,34.87294,0 -114.14771,34.87528,0 -114.14791,34.87844,0 -114.14818,34.88127,0 -114.14874,34.88369,0 -114.14974,34.88614,0 -114.15144,34.88893,0 -114.1529,34.89126,0 -114.15406,34.89368,0 -114.15474,34.8961,0 -114.155,34.89836,0 -114.15485,34.90107,0 -114.15323,34.90989,0 -114.15274,34.91254,0 -114.15224,34.91515,0 -114.15157,34.91878,0 -114.1482,34.93676,0 -114.1472,34.94214,0 -114.14657,34.94552,0 -114.14508,34.95348,0 -114.14324,34.96338,0 -114.14245,34.96761,0 -114.14199,34.97006,0 -114.14122,34.97418,0 -114.13976,34.98203,0 -114.13816,34.9906,0 -114.1364,34.99998,0 -114.13593,35.00251,0 -114.13391,35.01336,0 -114.13246,35.02111,0 -114.13192,35.02401,0 -114.131,35.02896,0 -114.13025,35.03292,0 -114.12971,35.0358,0 -114.12914,35.03885,0 -114.12865,35.04146,0 -114.12799,35.04492,0 -114.12754,35.04741,0 -114.12692,35.05064,0 -114.12647,35.05307,0 -114.12595,35.05592,0 -114.12479,35.06213,0 -114.12389,35.06691,0 -114.12308,35.07124,0 -114.12248,35.07444,0 -114.12195,35.07724,0 -114.12149,35.07969,0 -114.12108,35.08193,0 -114.11981,35.08875,0 -114.11912,35.09242,0 -114.1183,35.09679,0 -114.11753,35.10083,0 -114.11687,35.10442,0 -114.11627,35.10694,0 -114.11535,35.11037,0 -114.11465,35.1127,0 -114.11357,35.11601,0 -114.11261,35.11861,0 -114.11147,35.12123,0 -114.10998,35.12421,0 -114.10796,35.12768,0 -114.1065,35.12989,0 -114.10499,35.13205,0 -114.10358,35.13403,0 -114.10203,35.13621,0 -114.10037,35.13861,0 -114.09885,35.14079,0 -114.09736,35.14292,0 -114.09516,35.14608,0 -114.09326,35.14878,0 -114.09165,35.15072,0 -114.08978,35.15265,0 -114.08769,35.15447,0 -114.08534,35.15624,0 -114.08315,35.15764,0 -114.08012,35.15927,0 -114.07693,35.1607,0 -114.07457,35.16263,0 -114.07379,35.16479,0 -114.0746,35.16895,0 -114.07512,35.17125,0 -114.07518,35.1739,0 -114.07467,35.17616,0 -114.07346,35.17858,0 -114.0715,35.18094,0 -114.06898,35.184,0 -114.06758,35.18675,0 -114.06702,35.18934,0 -114.06692,35.19234,0 -114.06683,35.19493,0 -114.06677,35.19749,0 -114.06603,35.20001,0 -114.06429,35.2023,0 -114.06153,35.2054,0 -114.05961,35.20751,0 -114.05768,35.20937,0 -114.05455,35.21141,0 -114.05208,35.21263,0 -114.04894,35.21395,0 -114.04584,35.21493,0 -114.04161,35.21593,0 -114.03737,35.21682,0 -114.03405,35.21724,0 -114.031,35.2173,0 -114.02741,35.21705,0 -114.02458,35.21688,0 -114.01924,35.2169,0 -114.01568,35.21696,0 -114.0113,35.21703,0 -114.00765,35.2171,0 -114.00404,35.21718,0 -114.00093,35.21723,0 -113.99675,35.21706,0 -113.99306,35.21657,0 -113.99021,35.21598,0 -113.98587,35.21496,0 -113.98321,35.21428,0 -113.97964,35.21341,0 -113.97428,35.21211,0 -113.97026,35.21112,0 -113.96574,35.21004,0 -113.96109,35.20892,0 -113.95811,35.20819,0 -113.95367,35.20709,0 -113.94191,35.20423,0 -113.93065,35.20148,0 -113.92456,35.20001,0 -113.91988,35.1989,0 -113.9161,35.19827,0 -113.91232,35.19797,0 -113.90883,35.19778,0 -113.90441,35.19756,0 -113.90162,35.1974,0 -113.89798,35.19722,0 -113.89427,35.19702,0 -113.85365,35.19487,0 -113.84855,35.1946,0 -113.8421,35.19432,0 -113.83738,35.19405,0 -113.8342,35.19381,0 -113.83133,35.19344,0 -113.82851,35.19291,0 -113.82559,35.19207,0 -113.82266,35.19105,0 -113.81876,35.18934,0 -113.79919,35.18059,0 -113.79532,35.17885,0 -113.79087,35.17685,0 -113.78775,35.17546,0 -113.78514,35.17428,0 -113.78228,35.1731,0 -113.77961,35.17222,0 -113.77687,35.17149,0 -113.77398,35.17092,0 -113.77069,35.17041,0 -113.76551,35.1696,0 -113.7432,35.16612,0 -113.73561,35.16493,0 -113.71215,35.16129,0 -113.70814,35.16065,0 -113.70525,35.1602,0 -113.70101,35.15955,0 -113.69764,35.15916,0 -113.69451,35.15913,0 -113.69138,35.15939,0 -113.68763,35.15979,0 -113.6829,35.16029,0 -113.66992,35.16166,0 -113.66692,35.16199,0 -113.6631,35.1622,0 -113.65877,35.16197,0 -113.655,35.16137,0 -113.65194,35.16067,0 -113.64831,35.16014,0 -113.64393,35.15999,0 -113.6376,35.16002,0 -113.63371,35.16004,0 -113.61887,35.1601,0 -113.61584,35.16011,0 -113.61304,35.16014,0 -113.60855,35.1603,0 -113.60496,35.16054,0 -113.60107,35.16085,0 -113.59704,35.16117,0 -113.59172,35.16159,0 -113.58629,35.16202,0 -113.58337,35.16211,0 -113.57881,35.16192,0 -113.57523,35.16147,0 -113.57139,35.1607,0 -113.5672,35.15957,0 -113.56436,35.1589,0 -113.56084,35.15855,0 -113.55768,35.15871,0 -113.54863,35.16047,0 -113.54517,35.1611,0 -113.53878,35.16128,0 -113.53575,35.16157,0 -113.53288,35.16268,0 -113.52736,35.16706,0 -113.52485,35.16911,0 -113.52246,35.17033,0 -113.51953,35.17073,0 -113.5159,35.17049,0 -113.51294,35.17056,0 -113.50977,35.1713,0 -113.50714,35.17207,0 -113.50333,35.17284,0 -113.50007,35.17413,0 -113.49715,35.17482,0 -113.49445,35.1754,0 -113.49127,35.17646,0 -113.48777,35.17726,0 -113.48446,35.17738,0 -113.4801,35.17669,0 -113.47671,35.17675,0 -113.47398,35.17804,0 -113.47133,35.17962,0 -113.46809,35.18074,0 -113.46438,35.18109,0 -113.46126,35.18086,0 -113.4585,35.18097,0 -113.45578,35.18148,0 -113.4528,35.18259,0 -113.44881,35.18536,0 -113.44644,35.18729,0 -113.44363,35.18905,0 -113.44068,35.19005,0 -113.43787,35.19041,0 -113.43455,35.19023,0 -113.42973,35.18976,0 -113.42697,35.18953,0 -113.42271,35.18898,0 -113.41757,35.18767,0 -113.40607,35.18561,0 -113.40294,35.18503,0 -113.39481,35.18362,0 -113.39121,35.18336,0 -113.38691,35.18375,0 -113.38342,35.18472,0 -113.38034,35.18616,0 -113.37595,35.1885,0 -113.37235,35.18985,0 -113.36957,35.19044,0 -113.36617,35.19068,0 -113.36166,35.19072,0 -113.35226,35.19081,0 -113.33737,35.19092,0 -113.33298,35.19073,0 -113.32678,35.18967,0 -113.32366,35.18906,0 -113.32068,35.18884,0 -113.31759,35.18918,0 -113.31481,35.18995,0 -113.31145,35.19162,0 -113.30882,35.19389,0 -113.30292,35.2007,0 -113.3012,35.20247,0 -113.2989,35.20424,0 -113.29528,35.20605,0 -113.29228,35.20694,0 -113.28947,35.20739,0 -113.27931,35.20727,0 -113.27607,35.20727,0 -113.27298,35.2076,0 -113.26951,35.20835,0 -113.26547,35.20982,0 -113.26081,35.21231,0 -113.25555,35.2152,0 -113.24707,35.21981,0 -113.24319,35.2219,0 -113.23948,35.22399,0 -113.23621,35.22554,0 -113.23337,35.22657,0 -113.21963,35.23132,0 -113.21643,35.23241,0 -113.21282,35.2337,0 -113.20904,35.23549,0 -113.20588,35.23716,0 -113.19215,35.24459,0 -113.18762,35.24701,0 -113.18348,35.24927,0 -113.18097,35.25062,0 -113.17849,35.25194,0 -113.17523,35.25373,0 -113.17092,35.25604,0 -113.16379,35.25989,0 -113.13124,35.27748,0 -113.12833,35.27948,0 -113.12594,35.28176,0 -113.12323,35.28399,0 -113.12005,35.28566,0 -113.11723,35.28673,0 -113.11383,35.28739,0 -113.1109,35.28749,0 -113.10791,35.28718,0 -113.1005,35.28568,0 -113.09752,35.28553,0 -113.09453,35.28612,0 -113.09169,35.28741,0 -113.08846,35.28882,0 -113.08518,35.28993,0 -113.08094,35.29096,0 -113.07796,35.29142,0 -113.07365,35.29176,0 -113.05478,35.29198,0 -113.04321,35.29212,0 -113.03689,35.2922,0 -113.03376,35.29261,0 -113.03099,35.29355,0 -113.02843,35.29511,0 -113.02476,35.29784,0 -113.02132,35.29996,0 -113.01797,35.30122,0 -113.0151,35.30181,0 -113.01227,35.30208,0 -113.00648,35.30231,0 -113.0024,35.30273,0 -112.99815,35.30357,0 -112.98878,35.30668,0 -112.9836,35.30848,0 -112.97423,35.31176,0 -112.96958,35.31339,0 -112.96238,35.31591,0 -112.95871,35.31703,0 -112.95541,35.31797,0 -112.94964,35.3194,0 -112.94507,35.32027,0 -112.94168,35.32085,0 -112.93669,35.32156,0 -112.93227,35.32202,0 -112.92904,35.32226,0 -112.92511,35.32247,0 -112.91871,35.32256,0 -112.91525,35.32248,0 -112.91084,35.32226,0 -112.90683,35.32194,0 -112.90302,35.32154,0 -112.89688,35.32066,0 -112.89345,35.3201,0 -112.88746,35.319,0 -112.86827,35.31531,0 -112.86531,35.31449,0 -112.86257,35.31352,0 -112.85948,35.31213,0 -112.85605,35.31031,0 -112.85196,35.30793,0 -112.84879,35.30615,0 -112.83502,35.29824,0 -112.82791,35.29426,0 -112.82443,35.29255,0 -112.82139,35.29122,0 -112.81841,35.29005,0 -112.81504,35.28889,0 -112.81162,35.28786,0 -112.8076,35.28672,0 -112.80184,35.28507,0 -112.79462,35.28301,0 -112.78629,35.28066,0 -112.78099,35.27915,0 -112.76641,35.275,0 -112.76315,35.27407,0 -112.7597,35.27328,0 -112.75657,35.27282,0 -112.75324,35.27255,0 -112.74996,35.27249,0 -112.74153,35.27235,0 -112.73765,35.27214,0 -112.7349,35.27162,0 -112.7313,35.27038,0 -112.72715,35.26784,0 -112.72367,35.26472,0 -112.72028,35.26208,0 -112.71763,35.26045,0 -112.71398,35.25861,0 -112.70953,35.2569,0 -112.68898,35.24937,0 -112.66766,35.24155,0 -112.66462,35.24056,0 -112.6612,35.23955,0 -112.65638,35.23832,0 -112.65128,35.23727,0 -112.64807,35.23673,0 -112.64492,35.2363,0 -112.63736,35.2354,0 -112.62721,35.23425,0 -112.60998,35.23227,0 -112.60336,35.2315,0 -112.59653,35.23071,0 -112.59333,35.23034,0 -112.58977,35.22992,0 -112.58679,35.22952,0 -112.58315,35.22888,0 -112.57333,35.22693,0 -112.56723,35.22572,0 -112.55146,35.2226,0 -112.54342,35.22103,0 -112.53972,35.22085,0 -112.52757,35.22084,0 -112.52267,35.22082,0 -112.51434,35.22081,0 -112.51045,35.22079,0 -112.50522,35.22066,0 -112.50214,35.22057,0 -112.49928,35.22043,0 -112.49581,35.22,0 -112.4928,35.21945,0 -112.48959,35.21901,0 -112.48645,35.21888,0 -112.4824,35.2191,0 -112.47815,35.21987,0 -112.47551,35.22064,0 -112.47201,35.22139,0 -112.46884,35.22147,0 -112.46604,35.22107,0 -112.46273,35.22046,0 -112.45932,35.22001,0 -112.45635,35.21982,0 -112.45285,35.2197,0 -112.44957,35.21943,0 -112.44668,35.21899,0 -112.44384,35.21838,0 -112.44028,35.21736,0 -112.43449,35.21559,0 -112.4314,35.21476,0 -112.42833,35.21438,0 -112.42458,35.2141,0 -112.41156,35.21319,0 -112.40755,35.2134,0 -112.40454,35.21425,0 -112.40132,35.21557,0 -112.39819,35.21646,0 -112.39525,35.21666,0 -112.39216,35.21627,0 -112.38919,35.21577,0 -112.38319,35.21583,0 -112.37989,35.21599,0 -112.37666,35.21635,0 -112.37377,35.2167,0 -112.37056,35.21682,0 -112.36281,35.21523,0 -112.35961,35.21473,0 -112.35649,35.21478,0 -112.35348,35.21531,0 -112.34978,35.21668,0 -112.3468,35.21756,0 -112.3408,35.21856,0 -112.33809,35.21931,0 -112.33567,35.22045,0 -112.33283,35.22169,0 -112.32929,35.22244,0 -112.32578,35.22292,0 -112.32298,35.22284,0 -112.31954,35.22219,0 -112.31326,35.22081,0 -112.31008,35.22012,0 -112.30662,35.21958,0 -112.30133,35.21994,0 -112.29791,35.22036,0 -112.29378,35.21999,0 -112.29004,35.21921,0 -112.28648,35.21883,0 -112.28312,35.21888,0 -112.28037,35.21917,0 -112.27762,35.21972,0 -112.27417,35.22071,0 -112.2706,35.22138,0 -112.2661,35.22173,0 -112.25496,35.22214,0 -112.2511,35.22229,0 -112.24444,35.22253,0 -112.24114,35.22306,0 -112.23843,35.22438,0 -112.23639,35.22636,0 -112.23456,35.22909,0 -112.23229,35.23171,0 -112.22989,35.23364,0 -112.2275,35.23501,0 -112.22472,35.23622,0 -112.22206,35.23736,0 -112.21984,35.23879,0 -112.21799,35.24056,0 -112.21595,35.24335,0 -112.21413,35.24549,0 -112.21182,35.24748,0 -112.20922,35.24951,0 -112.20673,35.25151,0 -112.20454,35.25305,0 -112.20204,35.25442,0 -112.19845,35.25617,0 -112.19432,35.25823,0 -112.19193,35.25941,0 -112.18902,35.26086,0 -112.18652,35.26209,0 -112.18354,35.26317,0 -112.18085,35.26367,0 -112.17682,35.2638,0 -112.17311,35.26386,0 -112.16815,35.2639,0 -112.16455,35.26395,0 -112.16136,35.26365,0 -112.15866,35.26305,0 -112.15613,35.26206,0 -112.15351,35.26083,0 -112.15055,35.26174,0 -112.15023,35.26418,0 -112.14932,35.2693,0 -112.14871,35.27163,0 -112.14705,35.2782,0 -112.14621,35.28148,0 -112.14564,35.2837,0 -112.14459,35.28612,0 -112.14262,35.29032,0 -112.14167,35.29282,0 -112.14137,35.29522,0 -112.14158,35.29771,0 -112.14224,35.30013,0 -112.14381,35.30393,0 -112.14562,35.30833,0 -112.14656,35.31062,0 -112.14782,35.3137,0 -112.14886,35.31605,0 -112.15167,35.32011,0 -112.15337,35.32324,0 -112.15453,35.32555,0 -112.15559,35.32763,0 -112.15668,35.32978,0 -112.15884,35.33407,0 -112.16038,35.33645,0 -112.16281,35.33966,0 -112.16504,35.34255,0 -112.16634,35.34489,0 -112.16679,35.34923,0 -112.16692,35.35155,0 -112.16712,35.35522,0 -112.16727,35.35807,0 -112.16712,35.36078,0 -112.16546,35.36603,0 -112.1641,35.36994,0 -112.16296,35.37322,0 -112.16185,35.37639,0 -112.16156,35.37879,0 -112.1621,35.38113,0 -112.16506,35.38808,0 -112.16649,35.39144,0 -112.16818,35.39547,0 -112.16918,35.39856,0 -112.16945,35.40141,0 -112.16962,35.40436,0 -112.16979,35.40755,0 -112.17022,35.41573,0 -112.17101,35.43039,0 -112.17148,35.43932,0 -112.17165,35.44269,0 -112.17155,35.44632,0 -112.17087,35.45146,0 -112.17048,35.45444,0 -112.17052,35.45748,0 -112.17114,35.45969,0 -112.17251,35.46445,0 -112.17354,35.46741,0 -112.17451,35.46971,0 -112.17612,35.47284,0 -112.17716,35.47499,0 -112.17753,35.47724,0 -112.17695,35.48012,0 -112.17625,35.48264,0 -112.17514,35.48645,0 -112.17467,35.48872,0 -112.17422,35.49599,0 -112.17406,35.49829,0 -112.1738,35.50265,0 -112.17347,35.50695,0 -112.17298,35.50955,0 -112.17208,35.5126,0 -112.17044,35.51761,0 -112.16755,35.52649,0 -112.16639,35.53006,0 -112.16511,35.53399,0 -112.16408,35.53715,0 -112.16322,35.54001,0 -112.1617,35.54564,0 -112.16086,35.54895,0 -112.15982,35.55272,0 -112.15872,35.55686,0 -112.15799,35.5596,0 -112.15713,35.56292,0 -112.15493,35.5712,0 -112.15388,35.57515,0 -112.15313,35.57793,0 -112.15093,35.58616,0 -112.15017,35.58919,0 -112.14933,35.59229,0 -112.14824,35.59636,0 -112.14742,35.59948,0 -112.1463,35.60418,0 -112.14586,35.60658,0 -112.14466,35.61395,0 -112.1427,35.62819,0 -112.14208,35.63282,0 -112.13996,35.64854,0 -112.13957,35.65132,0 -112.13926,35.65357,0 -112.13874,35.65739,0 -112.13835,35.66034,0 -112.13803,35.66273,0 -112.13744,35.667,0 -112.13711,35.66944,0 -112.13673,35.67212,0 -112.13568,35.67998,0 -112.13448,35.68875,0 -112.13323,35.69813,0 -112.13288,35.70054,0 -112.13239,35.70397,0 -112.13208,35.70625,0 -112.13141,35.71148,0 -112.13125,35.71394,0 -112.13119,35.71993,0 -112.13115,35.72393,0 -112.13113,35.73018,0 -112.13109,35.73315,0 -112.13105,35.73909,0 -112.13103,35.74256,0 -112.13101,35.74612,0 -112.13097,35.7496,0 -112.13096,35.75309,0 -112.13088,35.7599,0 -112.13083,35.76266,0 -112.13027,35.76736,0 -112.12997,35.77026,0 -112.12953,35.77417,0 -112.12927,35.77697,0 -112.12926,35.77945,0 -112.12959,35.78424,0 -112.12991,35.78889,0 -112.13029,35.79418,0 -112.13058,35.7983,0 -112.13098,35.80365,0 -112.13162,35.81278,0 -112.13182,35.81543,0 -112.132,35.81819,0 -112.1321,35.82249,0 -112.13206,35.8253,0 -112.13196,35.83201,0 -112.13188,35.83592,0 -112.13195,35.83871,0 -112.13216,35.84123,0 -112.13288,35.84663,0 -112.13338,35.85027,0 -112.1337,35.85384,0 -112.1337,35.85641,0 -112.13343,35.86117,0 -112.13305,35.86651,0 -112.1329,35.86901,0 -112.13252,35.87483,0 -112.13224,35.87904,0 -112.13198,35.88236,0 -112.13157,35.88584,0 -112.13086,35.89012,0 -112.13026,35.894,0 -112.12998,35.8966,0 -112.12965,35.90077,0 -112.12953,35.90461,0 -112.1296,35.90888,0 -112.13007,35.91873,0 -112.13039,35.92556,0 -112.13056,35.92892,0 -112.13069,35.93186,0 -112.13092,35.93743,0 -112.13106,35.94006,0 -112.1314,35.94686,0 -112.13166,35.95232,0 -112.13187,35.95609,0 -112.13189,35.95902,0 -112.13137,35.96223,0 -112.13053,35.96481,0 -112.12933,35.96695,0 -112.12828,35.96935,0 -112.12703,35.9721,0 -112.12588,35.9743,0 -112.12502,35.97649,0 -112.12426,35.97871,0 -112.12351,35.98197,0 -112.12326,35.98464,0 -112.12326,35.98721,0 -112.12337,35.98969,0 -112.12319,35.99233,0 -112.12281,35.99458,0 -112.12113,35.99638,0 -112.12104,35.99885,0 -112.12141,36.00124,0 -112.12131,36.00383,0 -112.12096,36.00684,0 -112.12055,36.00923,0 -112.12027,36.01221,0 -112.12047,36.01508,0 -112.12136,36.01785,0 -112.12224,36.02005,0 -112.12272,36.02244,0 -112.12298,36.02628,0 -112.12306,36.02893,0 -112.12304,36.03221,0 -112.12256,36.03546,0 -112.12181,36.03883,0 -112.12101,36.04167,0 -112.11969,36.04385,0 -112.117,36.04617,0 -112.11318,36.0478,0 -112.10902,36.04968,0 -112.10673,36.05103,0 -112.10366,36.0514,0 -112.10066,36.05039,0 -112.09731,36.0493,0 -112.0949,36.04816,0 -112.0916,36.04734,0 -112.0888,36.0472,0 -112.08587,36.04658,0 -112.08244,36.04427,0 -112.07682,36.03999,0 -112.0734,36.03736,0 -112.07026,36.03539,0 -112.06785,36.03372,0 -112.06543,36.02769,0 -112.06503,36.02499,0 -112.06546,36.02216,0 -112.06628,36.01679,0 -112.06587,36.01378,0 -112.0643,36.01177,0 -112.06088,36.01123,0 -112.05783,36.01041,0 -112.05483,36.00937,0 -112.05192,36.00867,0 -112.04561,36.00486,0 -112.03946,36.00099,0 -112.033,35.99695,0 -112.03011,35.99557,0 -112.02644,35.99426,0 -112.02355,35.99358,0 -112.02035,35.99423,0 -112.01656,35.996,0 -112.01331,35.99711,0 -112.01013,35.99727,0 -112.0071,35.99681,0 -112.00375,35.99514,0 -112.0013,35.99399,0 -111.9981,35.99316,0 -111.99566,35.99176,0 -111.99263,35.98936,0 -111.99079,35.99153,0 -111.98982,35.9938,0 -111.98849,35.99618,0 -111.98982,35.9938,0 -111.99079,35.99153,0 -111.99263,35.98936,0 -111.99107,35.987,0 -111.98981,35.98382,0 -111.9891,35.98119,0 -111.98834,35.97864,0 -111.98613,35.97682,0 -111.98342,35.97595,0 -111.98187,35.97347,0 -111.9797,35.971,0 -111.97715,35.96957,0 -111.97423,35.96847,0 -111.97118,35.96822,0 -111.96802,35.9692,0 -111.96533,35.97046,0 -111.96378,35.97275,0 -111.96213,35.97462,0 -111.95957,35.97582,0 -111.95717,35.97715,0 -111.95518,35.97911,0 -111.95262,35.98078,0 -111.94955,35.98119,0 -111.94698,35.9802,0 -111.94405,35.98075,0 -111.94111,35.98288,0 -111.93972,35.98524,0 -111.93568,35.99067,0 -111.93323,35.99336,0 -111.93138,35.99536,0 -111.92724,35.99991,0 -111.92514,36.00184,0 -111.92405,36.00394,0 -111.92514,36.00184,0 -111.92724,35.99991,0 -111.93138,35.99536,0 -111.93323,35.99336,0 -111.93559,35.99076,0 -111.93878,35.98725,0 -111.93989,35.98458,0 -111.94327,35.98132,0 -111.94567,35.98016,0 -111.94874,35.98089,0 -111.95159,35.98118,0 -111.95438,35.97962,0 -111.95701,35.97734,0 -111.95957,35.97582,0 -111.96213,35.97462,0 -111.96378,35.97275,0 -111.96533,35.97046,0 -111.96802,35.9692,0 -111.97063,35.96829,0 -111.97423,35.96847,0 -111.97715,35.96957,0 -111.9797,35.971,0 -111.98159,35.97301,0 -111.98268,35.97533,0 -111.98613,35.97682,0 -111.98834,35.97864,0 -111.9891,35.98119,0 -111.98981,35.98382,0 -111.99078,35.98647,0 -111.99209,35.98879,0 -111.99451,35.99089,0 -111.99692,35.99258,0 -111.99973,35.99365,0 -112.00375,35.99514,0 -112.00625,35.99643,0 -112.01013,35.99727,0 -112.01331,35.99711,0 -112.01602,35.99625,0 -112.01949,35.99464,0 -112.02219,35.99368,0 -112.02539,35.99386,0 -112.02791,35.99489,0 -112.03083,35.9958,0 -112.03734,35.99965,0 -112.04561,36.00486,0 -112.05009,36.00766,0 -112.05256,36.0089,0 -112.05563,36.00959,0 -112.06001,36.01109,0 -112.0632,36.0114,0 -112.0657,36.0132,0 -112.06633,36.0157,0 -112.06546,36.02216,0 -112.06511,36.02441,0 -112.06514,36.02669,0 -112.06707,36.03236,0 -112.06877,36.03454,0 -112.07189,36.03629,0 -112.07597,36.03936,0 -112.08244,36.04427,0 -112.0849,36.04609,0 -112.08792,36.04714,0 -112.09108,36.04725,0 -112.09404,36.04789,0 -112.09731,36.0493,0 -112.10012,36.05032,0 -112.10293,36.05105,0 -112.1054,36.05224,0 -112.10764,36.05045,0 -112.11077,36.04881,0 -112.11501,36.04711,0 -112.11793,36.04552,0 -112.1199,36.04356,0 -112.12129,36.04091,0 -112.12207,36.03765,0 -112.12287,36.03361,0 -112.12305,36.03088,0 -112.12298,36.02628,0 -112.12272,36.02244,0 -112.12224,36.02005,0 -112.12136,36.01785,0 -112.12047,36.01508,0 -112.12027,36.01221,0 -112.12055,36.00923,0 -112.12096,36.00684,0 -112.12131,36.00383,0 -112.12148,36.00146,0 -112.12185,35.99891,0 -112.12231,35.99659,0 -112.12292,35.99409,0 -112.12336,35.99063,0 -112.12329,35.98778,0 -112.12323,35.98532,0 -112.12351,35.98197,0 -112.12426,35.97871,0 -112.12527,35.97646,0 -112.12604,35.97427,0 -112.12702,35.97212,0 -112.12834,35.96949,0 -112.12934,35.96732,0 -112.13048,35.96492,0 -112.13137,35.96223,0 -112.13189,35.95902,0 -112.13187,35.95609,0 -112.13174,35.95367,0 -112.1314,35.94686,0 -112.13106,35.94006,0 -112.13092,35.93743,0 -112.13069,35.93186,0 -112.13056,35.92892,0 -112.13043,35.92647,0 -112.13007,35.91873,0 -112.1296,35.90888,0 -112.12953,35.90461,0 -112.12965,35.90077,0 -112.12981,35.89835,0 -112.13026,35.894,0 -112.13086,35.89012,0 -112.13138,35.88708,0 -112.13184,35.88373,0 -112.13212,35.88098,0 -112.13252,35.87483,0 -112.1329,35.86901,0 -112.13305,35.86651,0 -112.13343,35.86117,0 -112.13359,35.85832,0 -112.13372,35.85517,0 -112.1336,35.85205,0 -112.13288,35.84663,0 -112.13236,35.84276,0 -112.13207,35.84016,0 -112.13188,35.83592,0 -112.13196,35.83201,0 -112.13206,35.8253,0 -112.1321,35.82249,0 -112.13208,35.82014,0 -112.13193,35.81702,0 -112.13162,35.81278,0 -112.13104,35.80489,0 -112.13058,35.7983,0 -112.13029,35.79418,0 -112.12991,35.78889,0 -112.12959,35.78424,0 -112.12926,35.77945,0 -112.12927,35.77697,0 -112.12953,35.77419,0 -112.12997,35.77026,0 -112.13027,35.76736,0 -112.13058,35.76483,0 -112.13087,35.76183,0 -112.13096,35.75309,0 -112.13097,35.7496,0 -112.13101,35.74612,0 -112.13107,35.74285,0 -112.13105,35.73909,0 -112.13108,35.73521,0 -112.13111,35.73159,0 -112.13115,35.72465,0 -112.13119,35.71993,0 -112.13121,35.71565,0 -112.13127,35.71311,0 -112.13208,35.70625,0 -112.13239,35.70397,0 -112.13288,35.70054,0 -112.13323,35.69813,0 -112.13422,35.69065,0 -112.13568,35.67998,0 -112.13673,35.67212,0 -112.13711,35.66944,0 -112.13744,35.667,0 -112.13803,35.66273,0 -112.13835,35.66034,0 -112.13874,35.65739,0 -112.1391,35.65474,0 -112.13942,35.65247,0 -112.13996,35.64854,0 -112.14208,35.63282,0 -112.1427,35.62819,0 -112.14466,35.61395,0 -112.14586,35.60658,0 -112.1463,35.60418,0 -112.14694,35.60132,0 -112.14801,35.59722,0 -112.14924,35.59279,0 -112.15017,35.58919,0 -112.15081,35.58662,0 -112.15257,35.58011,0 -112.15343,35.57682,0 -112.15493,35.5712,0 -112.15713,35.56292,0 -112.15799,35.5596,0 -112.15872,35.55686,0 -112.1597,35.5532,0 -112.16086,35.54895,0 -112.1617,35.54564,0 -112.16262,35.54211,0 -112.16408,35.53715,0 -112.16511,35.53399,0 -112.16629,35.5304,0 -112.16755,35.52649,0 -112.17037,35.51781,0 -112.17208,35.5126,0 -112.17298,35.50955,0 -112.17347,35.50695,0 -112.1738,35.50265,0 -112.17395,35.50001,0 -112.17422,35.49599,0 -112.17457,35.49041,0 -112.17486,35.48764,0 -112.17571,35.48451,0 -112.17695,35.48012,0 -112.1775,35.47771,0 -112.17716,35.47499,0 -112.17612,35.47284,0 -112.175,35.47071,0 -112.17397,35.4685,0 -112.17311,35.4663,0 -112.17153,35.46104,0 -112.17073,35.45825,0 -112.17035,35.45589,0 -112.17087,35.45146,0 -112.17155,35.44632,0 -112.17168,35.44371,0 -112.1715,35.43945,0 -112.17112,35.43261,0 -112.17031,35.41741,0 -112.16984,35.40853,0 -112.16962,35.40436,0 -112.16946,35.40158,0 -112.16918,35.39856,0 -112.16818,35.39547,0 -112.16649,35.39144,0 -112.16506,35.38808,0 -112.16231,35.38159,0 -112.16156,35.37879,0 -112.16185,35.37639,0 -112.1629,35.3734,0 -112.1641,35.36994,0 -112.1649,35.36763,0 -112.16659,35.36278,0 -112.16719,35.3603,0 -112.16723,35.35737,0 -112.16699,35.35285,0 -112.16679,35.34923,0 -112.16659,35.34594,0 -112.16579,35.34365,0 -112.16294,35.33982,0 -112.16085,35.33709,0 -112.15917,35.33467,0 -112.15757,35.33155,0 -112.15596,35.32835,0 -112.15464,35.32578,0 -112.15337,35.32324,0 -112.15167,35.32011,0 -112.15006,35.31793,0 -112.14865,35.3156,0 -112.14656,35.31062,0 -112.14562,35.30833,0 -112.14414,35.30475,0 -112.14224,35.30013,0 -112.14158,35.29771,0 -112.14137,35.29522,0 -112.14167,35.29282,0 -112.14262,35.29032,0 -112.14379,35.28783,0 -112.14481,35.28567,0 -112.14621,35.28148,0 -112.14705,35.2782,0 -112.14871,35.27163,0 -112.14932,35.2693,0 -112.15006,35.26638,0 -112.1502,35.26371,0 -112.15088,35.26111,0 -112.15375,35.2619,0 -112.15673,35.26281,0 -112.15943,35.26359,0 -112.16281,35.26415,0 -112.16615,35.26426,0 -112.17275,35.26417,0 -112.17905,35.26409,0 -112.18205,35.26382,0 -112.18479,35.26312,0 -112.18827,35.26157,0 -112.19263,35.25942,0 -112.19553,35.25796,0 -112.19925,35.25617,0 -112.2019,35.25484,0 -112.20485,35.25319,0 -112.20846,35.25056,0 -112.21066,35.2488,0 -112.21291,35.24702,0 -112.21501,35.24505,0 -112.2169,35.24257,0 -112.2185,35.2405,0 -112.22052,35.23875,0 -112.22495,35.23655,0 -112.22754,35.23546,0 -112.23013,35.23408,0 -112.23254,35.23226,0 -112.23438,35.23031,0 -112.23595,35.22807,0 -112.2381,35.22589,0 -112.24095,35.22449,0 -112.24455,35.22397,0 -112.24809,35.22442,0 -112.2515,35.2245,0 -112.2558,35.22323,0 -112.25864,35.22271,0 -112.26566,35.22227,0 -112.26946,35.2223,0 -112.27301,35.22204,0 -112.27629,35.22106,0 -112.27915,35.21999,0 -112.28185,35.21952,0 -112.2847,35.21964,0 -112.29101,35.22149,0 -112.29389,35.22206,0 -112.2977,35.22166,0 -112.30126,35.22053,0 -112.30514,35.21995,0 -112.30835,35.22024,0 -112.31329,35.22131,0 -112.31757,35.22226,0 -112.32126,35.22304,0 -112.32409,35.2233,0 -112.32789,35.22288,0 -112.33103,35.22234,0 -112.33469,35.22118,0 -112.33738,35.21981,0 -112.34033,35.21886,0 -112.34613,35.21788,0 -112.34972,35.21692,0 -112.35251,35.21585,0 -112.35578,35.21512,0 -112.35915,35.21499,0 -112.36193,35.21536,0 -112.36688,35.21649,0 -112.36961,35.21705,0 -112.37313,35.2171,0 -112.37814,35.2165,0 -112.3816,35.21618,0 -112.38783,35.21599,0 -112.39069,35.21618,0 -112.39406,35.21677,0 -112.39738,35.21674,0 -112.40077,35.21598,0 -112.40409,35.21463,0 -112.4071,35.21372,0 -112.41003,35.21343,0 -112.41733,35.21398,0 -112.42032,35.21423,0 -112.4241,35.21452,0 -112.42782,35.21465,0 -112.43098,35.21499,0 -112.4342,35.21582,0 -112.43801,35.21697,0 -112.44145,35.21802,0 -112.4446,35.21886,0 -112.44746,35.21943,0 -112.4505,35.21982,0 -112.45422,35.22004,0 -112.45722,35.22015,0 -112.46122,35.22055,0 -112.46405,35.22102,0 -112.46739,35.22162,0 -112.47076,35.22178,0 -112.47381,35.22137,0 -112.47689,35.22053,0 -112.48016,35.21975,0 -112.48378,35.21928,0 -112.4868,35.21916,0 -112.49018,35.21935,0 -112.49514,35.22019,0 -112.49895,35.22069,0 -112.50458,35.22095,0 -112.50785,35.22102,0 -112.51124,35.22109,0 -112.51654,35.22112,0 -112.52077,35.22112,0 -112.52757,35.22112,0 -112.53849,35.22114,0 -112.54161,35.22118,0 -112.54667,35.22196,0 -112.55137,35.22289,0 -112.56039,35.22467,0 -112.56612,35.2258,0 -112.57259,35.22708,0 -112.58194,35.22893,0 -112.58505,35.22955,0 -112.58781,35.23008,0 -112.59143,35.23065,0 -112.59491,35.23108,0 -112.60478,35.23221,0 -112.6077,35.23256,0 -112.62131,35.23412,0 -112.62708,35.23479,0 -112.63721,35.23596,0 -112.64601,35.23699,0 -112.6489,35.23737,0 -112.65414,35.23832,0 -112.65705,35.23894,0 -112.66043,35.23975,0 -112.66462,35.24092,0 -112.66747,35.24183,0 -112.67023,35.24279,0 -112.68882,35.2496,0 -112.70936,35.25718,0 -112.71228,35.25823,0 -112.71511,35.25945,0 -112.71752,35.26075,0 -112.72005,35.26231,0 -112.72241,35.26411,0 -112.72519,35.26654,0 -112.72877,35.26938,0 -112.73117,35.27065,0 -112.73458,35.27186,0 -112.73768,35.27245,0 -112.74076,35.27262,0 -112.74719,35.27273,0 -112.75267,35.27283,0 -112.75569,35.27303,0 -112.75971,35.27357,0 -112.76307,35.27436,0 -112.76639,35.27531,0 -112.78011,35.2792,0 -112.78614,35.28094,0 -112.79227,35.28268,0 -112.80168,35.28535,0 -112.80763,35.28704,0 -112.81147,35.28813,0 -112.81492,35.28917,0 -112.81813,35.29027,0 -112.82137,35.29154,0 -112.82428,35.29281,0 -112.82778,35.29454,0 -112.83035,35.29593,0 -112.83288,35.29741,0 -112.84646,35.30516,0 -112.84879,35.30651,0 -112.85137,35.30799,0 -112.85549,35.31036,0 -112.8585,35.31203,0 -112.86257,35.31385,0 -112.86522,35.31478,0 -112.8682,35.3156,0 -112.87625,35.31719,0 -112.88842,35.31949,0 -112.89391,35.32053,0 -112.89792,35.32129,0 -112.90193,35.32194,0 -112.90659,35.32248,0 -112.9096,35.32274,0 -112.91347,35.32295,0 -112.91746,35.32309,0 -112.9206,35.32313,0 -112.92512,35.32304,0 -112.92962,35.32278,0 -112.93458,35.32236,0 -112.93805,35.32196,0 -112.94195,35.32137,0 -112.94492,35.32087,0 -112.95003,35.31985,0 -112.9527,35.31924,0 -112.95556,35.31852,0 -112.95864,35.31764,0 -112.96306,35.31629,0 -112.96985,35.31392,0 -112.97424,35.31238,0 -112.98388,35.309,0 -112.98919,35.30714,0 -112.99625,35.30467,0 -112.99984,35.30367,0 -113.00287,35.30307,0 -113.00654,35.30263,0 -113.01243,35.30239,0 -113.01586,35.30202,0 -113.01938,35.30109,0 -113.02284,35.29955,0 -113.02734,35.29634,0 -113.02971,35.29462,0 -113.03241,35.29333,0 -113.03588,35.29256,0 -113.04105,35.29243,0 -113.05476,35.29229,0 -113.0685,35.29212,0 -113.07212,35.29207,0 -113.07526,35.29198,0 -113.07939,35.29153,0 -113.08364,35.29066,0 -113.08701,35.28967,0 -113.08997,35.28856,0 -113.09291,35.28717,0 -113.09601,35.28602,0 -113.09894,35.28581,0 -113.1053,35.28694,0 -113.10859,35.28756,0 -113.11137,35.28779,0 -113.11468,35.28757,0 -113.11745,35.28698,0 -113.12056,35.2858,0 -113.12381,35.28399,0 -113.12608,35.28213,0 -113.12864,35.2798,0 -113.13094,35.27829,0 -113.13719,35.27491,0 -113.15089,35.2675,0 -113.16348,35.26072,0 -113.17085,35.25673,0 -113.17412,35.25498,0 -113.17673,35.25355,0 -113.17987,35.25187,0 -113.18497,35.2491,0 -113.18766,35.24764,0 -113.19209,35.24521,0 -113.20621,35.23765,0 -113.20929,35.23598,0 -113.21177,35.23475,0 -113.21434,35.23371,0 -113.21957,35.23189,0 -113.23327,35.22716,0 -113.23637,35.22601,0 -113.23987,35.22438,0 -113.24705,35.22043,0 -113.25581,35.21567,0 -113.26082,35.21293,0 -113.26464,35.21083,0 -113.26782,35.20959,0 -113.27084,35.20901,0 -113.27372,35.20893,0 -113.27652,35.20922,0 -113.27991,35.20962,0 -113.28346,35.20971,0 -113.28694,35.2094,0 -113.29,35.20877,0 -113.29315,35.20778,0 -113.29614,35.20641,0 -113.29915,35.20459,0 -113.30122,35.20293,0 -113.30346,35.20057,0 -113.30528,35.19853,0 -113.30783,35.19557,0 -113.30995,35.19344,0 -113.31252,35.19175,0 -113.31621,35.19036,0 -113.32045,35.1898,0 -113.32395,35.19007,0 -113.32869,35.19091,0 -113.33182,35.19117,0 -113.33737,35.19127,0 -113.3514,35.19112,0 -113.36014,35.19103,0 -113.36535,35.191,0 -113.36982,35.19097,0 -113.37887,35.19084,0 -113.3926,35.19071,0 -113.39677,35.19093,0 -113.4005,35.19162,0 -113.40357,35.19254,0 -113.40865,35.19458,0 -113.41139,35.195,0 -113.41462,35.19421,0 -113.41727,35.19234,0 -113.41997,35.19049,0 -113.42265,35.18976,0 -113.42598,35.19001,0 -113.42906,35.19035,0 -113.4328,35.19078,0 -113.43588,35.19109,0 -113.43922,35.19087,0 -113.44191,35.19014,0 -113.44479,35.18889,0 -113.4488,35.18717,0 -113.45197,35.18598,0 -113.4546,35.18525,0 -113.45802,35.18465,0 -113.46126,35.1844,0 -113.46424,35.18443,0 -113.4672,35.18437,0 -113.46977,35.18339,0 -113.47225,35.18211,0 -113.47502,35.18104,0 -113.47869,35.18006,0 -113.48385,35.17914,0 -113.48772,35.17895,0 -113.49226,35.17909,0 -113.49553,35.17847,0 -113.49854,35.17678,0 -113.50188,35.17487,0 -113.5047,35.17416,0 -113.50747,35.17329,0 -113.50996,35.17186,0 -113.51293,35.17119,0 -113.51617,35.17151,0 -113.519,35.17166,0 -113.52261,35.17081,0 -113.52541,35.16916,0 -113.52846,35.16724,0 -113.53092,35.16595,0 -113.53451,35.16336,0 -113.53734,35.16203,0 -113.5409,35.16157,0 -113.54408,35.16151,0 -113.54776,35.16096,0 -113.55465,35.15956,0 -113.55736,35.15904,0 -113.56029,35.15884,0 -113.56326,35.15903,0 -113.56668,35.15973,0 -113.56951,35.16052,0 -113.57296,35.16138,0 -113.57635,35.16194,0 -113.58055,35.16233,0 -113.5834,35.1624,0 -113.58658,35.1623,0 -113.59584,35.16157,0 -113.60306,35.16098,0 -113.60654,35.16072,0 -113.60959,35.16056,0 -113.61334,35.16044,0 -113.61888,35.1604,0 -113.62332,35.16038,0 -113.63148,35.16034,0 -113.63536,35.16032,0 -113.64138,35.16028,0 -113.64587,35.16028,0 -113.64915,35.16054,0 -113.65477,35.16163,0 -113.65811,35.16221,0 -113.66266,35.1625,0 -113.66576,35.16238,0 -113.66946,35.16202,0 -113.67824,35.16108,0 -113.68308,35.16057,0 -113.68588,35.16027,0 -113.68957,35.15988,0 -113.69265,35.15955,0 -113.69544,35.15938,0 -113.69831,35.15949,0 -113.70239,35.16007,0 -113.70516,35.1605,0 -113.70807,35.16096,0 -113.71391,35.16187,0 -113.72372,35.16339,0 -113.72935,35.16429,0 -113.73315,35.16487,0 -113.75068,35.16761,0 -113.76406,35.16969,0 -113.77545,35.17151,0 -113.77891,35.17233,0 -113.7817,35.17322,0 -113.78437,35.17428,0 -113.78748,35.17569,0 -113.79042,35.17698,0 -113.79309,35.17818,0 -113.79627,35.17964,0 -113.80211,35.18224,0 -113.80876,35.18521,0 -113.81292,35.18708,0 -113.8169,35.18886,0 -113.81997,35.19024,0 -113.82471,35.19211,0 -113.82732,35.1929,0 -113.83294,35.194,0 -113.84246,35.19463,0 -113.84852,35.19494,0 -113.85882,35.19548,0 -113.87144,35.19614,0 -113.88343,35.19676,0 -113.89566,35.19741,0 -113.89983,35.19762,0 -113.90385,35.19782,0 -113.90987,35.19814,0 -113.91422,35.19838,0 -113.9176,35.19879,0 -113.92157,35.19959,0 -113.92569,35.2006,0 -113.9292,35.20146,0 -113.94179,35.20453,0 -113.9463,35.20563,0 -113.95204,35.20702,0 -113.95585,35.20796,0 -113.95869,35.20864,0 -113.96318,35.20973,0 -113.96752,35.21078,0 -113.97399,35.21236,0 -113.97719,35.21313,0 -113.98268,35.21449,0 -113.98868,35.21594,0 -113.99289,35.21685,0 -113.99697,35.21738,0 -114.00275,35.21752,0 -114.00625,35.21743,0 -114.01011,35.21736,0 -114.01479,35.21729,0 -114.01947,35.21719,0 -114.02303,35.21714,0 -114.02723,35.21734,0 -114.0306,35.21756,0 -114.03352,35.21756,0 -114.03638,35.21729,0 -114.0391,35.21678,0 -114.04219,35.21612,0 -114.04529,35.2154,0 -114.04871,35.21435,0 -114.05415,35.21198,0 -114.05753,35.20984,0 -114.0598,35.20781,0 -114.06157,35.20593,0 -114.06304,35.20396,0 -114.06506,35.20172,0 -114.0666,35.19963,0 -114.0671,35.19625,0 -114.06747,35.1936,0 -114.06792,35.19133,0 -114.07066,35.19221,0 -114.07274,35.19403,0 -114.07479,35.19584,0 -114.07685,35.19766,0 -114.07916,35.20017,0 -114.08154,35.20151,0 -114.08441,35.20242,0 -114.08691,35.20348,0 -114.09082,35.20481,0 -114.09347,35.20562,0 -114.09652,35.20659,0 -114.09906,35.20761,0 -114.10312,35.20895,0 -114.10682,35.21041,0 -114.11093,35.21202,0 -114.11348,35.21359,0 -114.11567,35.21592,0 -114.11778,35.21755,0 -114.12081,35.21906,0 -114.12332,35.22028,0 -114.12606,35.22183,0 -114.12897,35.22393,0 -114.13153,35.22587,0 -114.13423,35.22792,0 -114.13586,35.22998,0 -114.1371,35.23229,0 -114.13867,35.2343,0 -114.14257,35.23778,0 -114.14449,35.23947,0 -114.14687,35.24198,0 -114.15153,35.24836,0 -114.15294,35.25032,0 -114.17446,35.27996,0 -114.18142,35.28954,0 -114.18624,35.29618,0 -114.19121,35.30305,0 -114.19497,35.30819,0 -114.20095,35.31649,0 -114.20458,35.32143,0 -114.21148,35.33098,0 -114.21455,35.33521,0 -114.22759,35.35326,0 -114.23118,35.35823,0 -114.23276,35.36042,0 -114.23487,35.36333,0 -114.24384,35.37573,0 -114.25149,35.3863,0 -114.25795,35.39525,0 -114.2691,35.41062,0 -114.27075,35.41291,0 -114.27382,35.41714,0 -114.27556,35.41953,0 -114.2802,35.42598,0 -114.28433,35.43166,0 -114.28584,35.43374,0 -114.28911,35.43833,0 -114.29298,35.44394,0 -114.29643,35.44893,0 -114.30134,35.45603,0 -114.30604,35.46281,0 -114.30752,35.46496,0 -114.32087,35.48429,0 -114.32334,35.48787,0 -114.32497,35.4902,0 -114.32633,35.4922,0 -114.3288,35.49576,0 -114.33197,35.50036,0 -114.33356,35.50265,0 -114.34265,35.51579,0 -114.3444,35.51833,0 -114.35369,35.53177,0 -114.35539,35.53421,0 -114.35739,35.5371,0 -114.35994,35.54079,0 -114.362,35.54377,0 -114.36495,35.54803,0 -114.37147,35.55743,0 -114.37375,35.56073,0 -114.37761,35.56629,0 -114.37946,35.56896,0 -114.38356,35.57489,0 -114.38544,35.5776,0 -114.39109,35.58578,0 -114.39355,35.58932,0 -114.39541,35.59199,0 -114.39752,35.59504,0 -114.40107,35.60017,0 -114.40388,35.60426,0 -114.40638,35.60696,0 -114.40878,35.60865,0 -114.41096,35.6102,0 -114.41315,35.61256,0 -114.41789,35.61893,0 -114.4279,35.63237,0 -114.43112,35.63668,0 -114.43512,35.64209,0 -114.43778,35.64565,0 -114.44693,35.65792,0 -114.44862,35.66017,0 -114.45122,35.66286,0 -114.45383,35.66458,0 -114.45659,35.66704,0 -114.45895,35.67025,0 -114.46043,35.6723,0 -114.46329,35.67627,0 -114.46513,35.67886,0 -114.46663,35.68138,0 -114.46791,35.68414,0 -114.46893,35.68723,0 -114.46948,35.68965,0 -114.4703,35.69226,0 -114.47372,35.69868,0 -114.47702,35.7048,0 -114.47856,35.70766,0 -114.48,35.71032,0 -114.48225,35.71449,0 -114.4858,35.7211,0 -114.48842,35.72595,0 -114.49673,35.74134,0 -114.50232,35.75167,0 -114.50782,35.76194,0 -114.51089,35.76753,0 -114.51684,35.77853,0 -114.51978,35.78321,0 -114.52144,35.78539,0 -114.5239,35.78822,0 -114.52622,35.79082,0 -114.53031,35.7954,0 -114.5321,35.7974,0 -114.53787,35.80387,0 -114.54218,35.80868,0 -114.54574,35.8127,0 -114.54961,35.817,0 -114.5517,35.81935,0 -114.55337,35.82121,0 -114.56008,35.82871,0 -114.56267,35.83161,0 -114.56619,35.83558,0 -114.56828,35.8379,0 -114.57165,35.84166,0 -114.5742,35.84403,0 -114.57738,35.84552,0 -114.58434,35.84782,0 -114.58794,35.84913,0 -114.59068,35.85087,0 -114.59232,35.8527,0 -114.59427,35.85637,0 -114.59799,35.85919,0 -114.60051,35.86119,0 -114.60264,35.86386,0 -114.60806,35.87115,0 -114.61302,35.87781,0 -114.61483,35.88025,0 -114.61659,35.88264,0 -114.62016,35.88746,0 -114.62302,35.89134,0 -114.6244,35.89336,0 -114.62567,35.89644,0 -114.6266,35.90108,0 -114.62726,35.90476,0 -114.62879,35.91302,0 -114.62949,35.91573,0 -114.63123,35.92075,0 -114.63424,35.92904,0 -114.63542,35.93153,0 -114.63671,35.93374,0 -114.64105,35.94037,0 -114.64527,35.9468,0 -114.64696,35.9492,0 -114.64881,35.9511,0 -114.65252,35.95372,0 -114.65908,35.95788,0 -114.66331,35.96056,0 -114.66857,35.96392,0 -114.67159,35.96582,0 -114.67413,35.96743,0 -114.67708,35.96882,0 -114.68271,35.97052,0 -114.68546,35.97132,0 -114.68802,35.97236,0 -114.69086,35.97419,0 -114.69394,35.97561,0 -114.69638,35.97748,0 -114.6986,35.97973,0 -114.70099,35.98099,0 -114.70534,35.98307,0 -114.70838,35.98418,0 -114.7113,35.98509,0 -114.71363,35.98653,0 -114.71591,35.98989,0 -114.71773,35.99318,0 -114.71889,35.99528,0 -114.72007,35.99739,0 -114.72128,35.99993,0 -114.72236,36.00208,0 -114.72383,36.00428,0 -114.72554,36.00628,0 -114.7274,36.00796,0 -114.72993,36.00927,0 -114.73404,36.01006,0 -114.73714,36.01066,0 -114.74132,36.01254,0 -114.74386,36.01375,0 -114.74644,36.01479,0 -114.74957,36.01537,0 -114.7528,36.01534,0 -114.75572,36.01472,0 -114.75838,36.01353,0 -114.76052,36.01206,0 -114.76266,36.01057,0 -114.76539,36.00991,0 -114.76855,36.01054,0 -114.771,36.01163,0 -114.77377,36.01221,0 -114.77672,36.01107,0 -114.77941,36.01039,0 -114.78249,36.00982,0 -114.78567,36.00917,0 -114.78863,36.00856,0 -114.7914,36.00829,0 -114.79431,36.00871,0 -114.79701,36.00928,0 -114.79989,36.00903,0 -114.80268,36.00854,0 -114.80594,36.00788,0 -114.80964,36.00721,0 -114.81352,36.00645,0 -114.81615,36.00551,0 -114.81805,36.00384,0 -114.82028,36.00111,0 -114.82214,35.99894,0 -114.82449,35.9961,0 -114.82606,35.99414,0 -114.82781,35.99211,0 -114.83012,35.99024,0 -114.83295,35.98866,0 -114.83651,35.98683,0 -114.83912,35.9854,0 -114.84148,35.9842,0 -114.84352,35.98259,0 -114.84482,35.97897,0 -114.84583,35.97669,0 -114.84645,35.9744,0 -114.84834,35.97274,0 -114.85064,35.97138,0 -114.85307,35.97026,0 -114.85568,35.96937,0 -114.85847,35.96887,0 -114.86696,35.96801,0 -114.87067,35.96767,0 -114.87429,35.96734,0 -114.87725,35.96706,0 -114.88061,35.96692,0 -114.88451,35.96707,0 -114.88746,35.96723,0 -114.89432,35.96761,0 -114.90023,35.96793,0 -114.90327,35.9681,0 -114.90607,35.96825,0 -114.90891,35.96841,0 -114.91165,35.9691,0 -114.91341,35.97111,0 -114.91424,35.97346,0 -114.91488,35.97575,0 -114.91573,35.97797,0 -114.91692,35.98024,0 -114.91864,35.98272,0 -114.92091,35.9853,0 -114.92495,35.98895,0 -114.92807,35.9917,0 -114.93058,35.99377,0 -114.93293,35.99506,0 -114.93737,35.99686,0 -114.94052,35.99816,0 -114.94361,35.99921,0 -114.94652,35.99982,0 -114.94947,36.00008,0 -114.95634,36.00007,0 -114.96286,36.00006,0 -114.96967,36.00003,0 -114.97269,36.00019,0 -114.97624,36.00084,0 -114.97898,36.00172,0 -114.98175,36.00302,0 -114.98412,36.00459,0 -114.98615,36.00641,0 -114.98773,36.00832,0 -114.99037,36.0126,0 -114.99201,36.0145,0 -114.99421,36.01635,0 -114.99978,36.02099,0 -115.00185,36.02272,0 -115.00639,36.02651,0 -115.00843,36.02846,0 -115.01105,36.03107,0 -115.01305,36.03304,0 -115.01564,36.03413,0 -115.01837,36.03341,0 -115.02377,36.03273,0 -115.02674,36.03238,0 -115.0299,36.03193,0 -115.03397,36.0312,0 -115.03808,36.03061,0 -115.04088,36.03025,0 -115.04383,36.02988,0 -115.04678,36.0295,0 -115.05119,36.02897,0 -115.05469,36.02855,0 -115.05832,36.0281,0 -115.06271,36.02754,0 -115.06753,36.02692,0 -115.07665,36.02576,0 -115.08114,36.02519,0 -115.08466,36.02468,0 -115.08963,36.02385,0 -115.0927,36.02361,0 -115.09635,36.02363,0 -115.10019,36.02367,0 -115.10667,36.02373,0 -115.11318,36.02378,0 -115.11809,36.02383,0 -115.12116,36.02388,0 -115.12392,36.02433,0 -115.12667,36.0254,0 -115.129,36.02701,0 -115.13085,36.02921,0 -115.13314,36.03581,0 -115.13339,36.03829,0 -115.13344,36.04056,0 -115.13439,36.04272,0 -115.13727,36.04275,0 -115.14077,36.0426,0 -115.14393,36.04253,0 -115.14757,36.04252,0 -115.15043,36.04246,0 -115.1542,36.04239,0 -115.15743,36.04233,0 -115.16115,36.04234,0 -115.16411,36.04241,0 -115.16785,36.04234,0 -115.17132,36.04244,0 -115.1742,36.04252,0 -115.17703,36.04342,0 -115.17982,36.0436,0 -115.18263,36.04357,0 -115.18573,36.04265,0 -115.18844,36.04143,0 -115.19328,36.03925,0 -115.19727,36.03746,0 -115.20001,36.03623,0 -115.20385,36.03451,0 -115.20659,36.03328,0 -115.20962,36.03193,0 -115.21234,36.03073,0 -115.21547,36.02933,0 -115.21967,36.02745,0 -115.22244,36.02631,0 -115.22544,36.0257,0 -115.23285,36.02442,0 -115.23579,36.02391,0 -115.24012,36.02313,0 -115.24307,36.02258,0 -115.24776,36.02178,0 -115.25293,36.02083,0 -115.25662,36.02038,0 -115.25966,36.02026,0 -115.26339,36.0202,0 -115.26812,36.02023,0 -115.27512,36.02029,0 -115.27898,36.02033,0 -115.283,36.02036,0 -115.28835,36.02039,0 -115.29598,36.02045,0 -115.29906,36.02065,0 -115.30241,36.0211,0 -115.30581,36.02157,0 -115.30885,36.02207,0 -115.31291,36.02282,0 -115.31588,36.02351,0 -115.31892,36.02444,0 -115.32197,36.02613,0 -115.3248,36.02764,0 -115.3293,36.02918,0 -115.3336,36.03053,0 -115.3369,36.03153,0 -115.33996,36.03232,0 -115.34263,36.03301,0 -115.34597,36.03387,0 -115.34992,36.03488,0 -115.35324,36.03529,0 -115.35718,36.03511,0 -115.35998,36.03484,0 -115.36307,36.03458,0 -115.36733,36.03416,0 -115.37104,36.03379,0 -115.37417,36.03345,0 -115.3777,36.03312,0 -115.38074,36.03287,0 -115.38362,36.03261,0 -115.38661,36.03258,0 -115.39082,36.03277,0 -115.39387,36.03284,0 -115.39678,36.03213,0 -115.39909,36.03055,0 -115.40086,36.02772,0 -115.40236,36.02577,0 -115.40461,36.02439,0 -115.41647,36.01924,0 -115.41934,36.01776,0 -115.42173,36.01595,0 -115.42391,36.01411,0 -115.426,36.01246,0 -115.42898,36.01086,0 -115.43216,36.00961,0 -115.43476,36.00859,0 -115.43744,36.0074,0 -115.43982,36.00584,0 -115.44207,36.00369,0 -115.44389,36.00169,0 -115.44629,35.99976,0 -115.4493,35.99791,0 -115.45182,35.9967,0 -115.45512,35.99561,0 -115.45822,35.99461,0 -115.46135,35.99388,0 -115.46427,35.99405,0 -115.46696,35.995,0 -115.4696,35.99655,0 -115.47216,35.9975,0 -115.4751,35.99813,0 -115.47783,35.99944,0 -115.48023,36.00071,0 -115.48346,36.00121,0 -115.48636,36.00165,0 -115.48811,36.00351,0 -115.48854,36.00605,0 -115.4894,36.00821,0 -115.4913,36.00995,0 -115.49401,36.01064,0 -115.49671,36.01185,0 -115.49929,36.0132,0 -115.50205,36.01528,0 -115.50395,36.01693,0 -115.5068,36.01824,0 -115.5091,36.01965,0 -115.51139,36.02108,0 -115.51575,36.02228,0 -115.5202,36.02295,0 -115.5231,36.02315,0 -115.52589,36.02335,0 -115.5318,36.02381,0 -115.53859,36.02379,0 -115.54295,36.02368,0 -115.54957,36.02258,0 -115.55389,36.02152,0 -115.55761,36.01996,0 -115.56128,36.01834,0 -115.57082,36.0142,0 -115.57563,36.0121,0 -115.58043,36.01002,0 -115.58422,36.00837,0 -115.58716,36.00741,0 -115.59124,36.00687,0 -115.59749,36.0066,0 -115.60615,36.00617,0 -115.63072,36.00499,0 -115.63742,36.00469,0 -115.64573,36.00427,0 -115.64956,36.0041,0 -115.65285,36.00432,0 -115.65606,36.00509,0 -115.65861,36.00612,0 -115.66175,36.00799,0 -115.66857,36.01212,0 -115.67754,36.01767,0 -115.68318,36.0211,0 -115.68844,36.02429,0 -115.69818,36.03023,0 -115.70339,36.03341,0 -115.7168,36.04158,0 -115.73053,36.04995,0 -115.73705,36.05396,0 -115.73955,36.05549,0 -115.74536,36.05901,0 -115.74979,36.06172,0 -115.75267,36.06348,0 -115.76329,36.06998,0 -115.76812,36.07292,0 -115.77149,36.07498,0 -115.79339,36.08831,0 -115.79874,36.09157,0 -115.81846,36.1036,0 -115.83977,36.11659,0 -115.84937,36.12242,0 -115.85965,36.12867,0 -115.86284,36.13062,0 -115.86521,36.13202,0 -115.86854,36.13403,0 -115.87241,36.13638,0 -115.87512,36.13808,0 -115.87975,36.14089,0 -115.88458,36.14377,0 -115.88735,36.14548,0 -115.89011,36.1472,0 -115.89268,36.14904,0 -115.89495,36.15102,0 -115.89678,36.15287,0 -115.89861,36.15475,0 -115.90077,36.15696,0 -115.90261,36.15886,0 -115.90589,36.16229,0 -115.90843,36.16492,0 -115.91047,36.16705,0 -115.91267,36.16893,0 -115.91501,36.17032,0 -115.9179,36.17147,0 -115.92874,36.17529,0 -115.93172,36.17634,0 -115.93564,36.1777,0 -115.94106,36.17962,0 -115.94648,36.18153,0 -115.94949,36.18262,0 -115.9521,36.18353,0 -115.95573,36.18481,0 -115.95831,36.18584,0 -115.9607,36.18709,0 -115.9632,36.18911,0 -115.96502,36.19089,0 -115.96686,36.19269,0 -115.96881,36.19459,0 -115.97138,36.19712,0 -115.97356,36.19924,0 -115.97552,36.20115,0 -115.97744,36.20303,0 -115.97934,36.20489,0 -115.98119,36.20658,0 -115.98329,36.2081,0 -115.9855,36.20954,0 -115.98788,36.21108,0 -115.99023,36.21261,0 -115.99218,36.21459,0 -115.99315,36.21685,0 -115.99397,36.21923,0 -115.99491,36.22201,0 -115.996,36.22521,0 -115.99708,36.22825,0 -115.99858,36.23256,0 -116.00038,36.2378,0 -116.00117,36.24012,0 -116.00226,36.24331,0 -116.00398,36.24832,0 -116.00474,36.25058,0 -116.00517,36.253,0 -116.00504,36.25565,0 -116.00408,36.25971,0 -116.00309,36.26373,0 -116.00648,36.26376,0 -116.01477,36.26386,0 -116.02003,36.26386,0 -116.02306,36.26386,0 -116.02609,36.26384,0 -116.02894,36.26384,0 -116.0328,36.26384,0 -116.03946,36.26382,0 -116.04973,36.2638,0 -116.05465,36.2638,0 -116.05889,36.26379,0 -116.0635,36.2638,0 -116.06811,36.2638,0 -116.07256,36.26374,0 -116.07693,36.26369,0 -116.07988,36.26365,0 -116.08575,36.26358,0 -116.09021,36.26363,0 -116.09472,36.26369,0 -116.09936,36.26376,0 -116.10224,36.26384,0 -116.10543,36.26492,0 -116.10808,36.26622,0 -116.11804,36.2711,0 -116.12045,36.27228,0 -116.12369,36.27312,0 -116.12687,36.27328,0 -116.13,36.27343,0 -116.13321,36.27376,0 -116.14118,36.27786,0 -116.14343,36.27978,0 -116.14629,36.28297,0 -116.14844,36.28489,0 -116.1509,36.28606,0 -116.15364,36.28726,0 -116.15668,36.28696,0 -116.15984,36.28594,0 -116.16298,36.28536,0 -116.16713,36.28557,0 -116.1701,36.28662,0 -116.17246,36.2883,0 -116.1746,36.28985,0 -116.17708,36.29162,0 -116.17992,36.29369,0 -116.18228,36.29538,0 -116.18466,36.29711,0 -116.18729,36.29898,0 -116.19013,36.30105,0 -116.19513,36.30466,0 -116.19784,36.30649,0 -116.20093,36.30794,0 -116.21292,36.31177,0 -116.22363,36.31518,0 -116.22888,36.31685,0 -116.23258,36.31804,0 -116.23837,36.31987,0 -116.24465,36.3214,0 -116.24918,36.32247,0 -116.25414,36.32364,0 -116.25714,36.32445,0 -116.26104,36.32606,0 -116.26397,36.32734,0 -116.26963,36.32984,0 -116.27193,36.33146,0 -116.27392,36.33419,0 -116.277,36.33915,0 -116.28205,36.34228,0 -116.28735,36.34487,0 -116.29103,36.34611,0 -116.30198,36.34774,0 -116.31485,36.34958,0 -116.31773,36.34959,0 -116.32095,36.34871,0 -116.32877,36.34484,0 -116.3317,36.34337,0 -116.33514,36.34168,0 -116.35211,36.33326,0 -116.36118,36.32876,0 -116.36436,36.32718,0 -116.38194,36.31846,0 -116.40293,36.30812,0 -116.40531,36.30691,0 -116.40923,36.30478,0 -116.41165,36.30335,0 -116.41413,36.30211,0 -116.41522,36.30462,0 -116.42175,36.30449,0 -116.42671,36.30439,0 -116.43394,36.30426,0 -116.44075,36.30411,0 -116.4458,36.304,0 -116.45005,36.30393,0 -116.45375,36.30386,0 -116.45982,36.30373,0 -116.46268,36.30368,0 -116.46561,36.30361,0 -116.46949,36.30354,0 -116.47871,36.30334,0 -116.48727,36.30317,0 -116.49228,36.30306,0 -116.49612,36.30298,0 -116.50015,36.30296,0 -116.50359,36.30321,0 -116.50637,36.30362,0 -116.51121,36.30467,0 -116.51854,36.30631,0 -116.52165,36.307,0 -116.52468,36.30785,0 -116.5278,36.30903,0 -116.53212,36.31098,0 -116.54418,36.31644,0 -116.54816,36.31825,0 -116.5507,36.3194,0 -116.55658,36.32206,0 -116.56119,36.32415,0 -116.56391,36.32538,0 -116.56933,36.32783,0 -116.57243,36.32924,0 -116.57533,36.33055,0 -116.58363,36.33431,0 -116.59112,36.3377,0 -116.59481,36.33936,0 -116.59773,36.34049,0 -116.60201,36.34174,0 -116.61072,36.34415,0 -116.61991,36.34671,0 -116.62408,36.34787,0 -116.62755,36.34882,0 -116.63482,36.35084,0 -116.64082,36.35251,0 -116.64326,36.35383,0 -116.64784,36.35766,0 -116.65042,36.35983,0 -116.65236,36.36185,0 -116.65486,36.36489,0 -116.65685,36.36686,0 -116.65955,36.3688,0 -116.66185,36.3704,0 -116.66421,36.37185,0 -116.67231,36.37383,0 -116.67817,36.3748,0 -116.68189,36.37511,0 -116.68519,36.37539,0 -116.68836,36.37573,0 -116.69111,36.37649,0 -116.69357,36.37524,0 -116.6956,36.37282,0 -116.69764,36.37073,0 -116.70007,36.36878,0 -116.70257,36.36698,0 -116.70536,36.36502,0 -116.70854,36.36335,0 -116.70856,36.36039,0 -116.70839,36.35762,0 -116.70806,36.35495,0 -116.70724,36.35274,0 -116.70491,36.35147,0 -116.70235,36.34996,0 -116.70033,36.348,0 -116.69856,36.34604,0 -116.69606,36.34426,0 -116.69332,36.34233,0 -116.69159,36.34009,0 -116.69017,36.33792,0 -116.68913,36.3346,0 -116.68869,36.33237,0 -116.68864,36.3297,0 -116.68852,36.32715,0 -116.68778,36.32491,0 -116.68789,36.32174,0 -116.68764,36.3195,0 -116.68714,36.31617,0 -116.68837,36.31409,0 -116.68905,36.31169,0 -116.68771,36.30958,0 -116.68653,36.30743,0 -116.68465,36.30556,0 -116.68245,36.30401,0 -116.68011,36.30215,0 -116.67851,36.29994,0 -116.67823,36.29741,0 -116.67787,36.29438,0 -116.6781,36.29189,0 -116.67753,36.28964,0 -116.6768,36.28704,0 -116.67559,36.28493,0 -116.67317,36.28356,0 -116.67064,36.28224,0 -116.66892,36.28001,0 -116.66789,36.27721,0 -116.66673,36.27499,0 -116.66434,36.27336,0 -116.66322,36.27089,0 -116.66378,36.26865,0 -116.66558,36.26506,0 -116.66768,36.26196,0 -116.66952,36.25977,0 -116.67136,36.25759,0 -116.67327,36.25551,0 -116.67735,36.25321,0 -116.67953,36.25086,0 -116.68121,36.24894,0 -116.68317,36.24715,0 -116.68397,36.24475,0 -116.68555,36.24288,0 -116.69245,36.23879,0 -116.69438,36.237,0 -116.6962,36.23507,0 -116.69792,36.23308,0 -116.70032,36.23118,0 -116.70251,36.22947,0 -116.70431,36.22754,0 -116.70767,36.22603,0 -116.71058,36.22406,0 -116.71288,36.22276,0 -116.71571,36.22221,0 -116.71832,36.22119,0 -116.71998,36.21937,0 -116.72215,36.21789,0 -116.72417,36.21975,0 -116.7254,36.2218,0 -116.72348,36.22016,0 -116.72265,36.21793,0 -116.7202,36.2192,0 -116.71852,36.22115,0 -116.71571,36.22221,0 -116.71288,36.22276,0 -116.71058,36.22406,0 -116.70845,36.22554,0 -116.70575,36.22621,0 -116.70315,36.22879,0 -116.70078,36.23043,0 -116.69878,36.23203,0 -116.69719,36.23409,0 -116.6951,36.23608,0 -116.69284,36.2385,0 -116.68555,36.24288,0 -116.68397,36.24475,0 -116.68317,36.24715,0 -116.68121,36.24894,0 -116.67953,36.25086,0 -116.67783,36.25292,0 -116.67351,36.25534,0 -116.67136,36.25759,0 -116.66952,36.25977,0 -116.66768,36.26196,0 -116.66619,36.26389,0 -116.66422,36.26775,0 -116.66329,36.26991,0 -116.66364,36.27239,0 -116.66557,36.27433,0 -116.66763,36.27644,0 -116.66823,36.27864,0 -116.66954,36.28096,0 -116.67167,36.28288,0 -116.67402,36.2842,0 -116.67627,36.28597,0 -116.67742,36.28852,0 -116.6779,36.29133,0 -116.67791,36.29378,0 -116.67814,36.29648,0 -116.67816,36.29892,0 -116.67921,36.30123,0 -116.68149,36.30334,0 -116.68384,36.30468,0 -116.68614,36.30683,0 -116.6871,36.30901,0 -116.68892,36.3114,0 -116.68864,36.31365,0 -116.68718,36.3156,0 -116.68728,36.31816,0 -116.68782,36.32102,0 -116.68806,36.32332,0 -116.68799,36.32578,0 -116.6886,36.32879,0 -116.6886,36.33122,0 -116.68907,36.33426,0 -116.68953,36.33656,0 -116.69116,36.33944,0 -116.69252,36.34152,0 -116.69454,36.34318,0 -116.69689,36.34483,0 -116.69958,36.34716,0 -116.70185,36.34947,0 -116.70491,36.35147,0 -116.70724,36.35274,0 -116.70806,36.35495,0 -116.70839,36.35762,0 -116.70856,36.36039,0 -116.70918,36.36308,0 -116.71221,36.36238,0 -116.71532,36.3628,0 -116.71949,36.36397,0 -116.72324,36.36505,0 -116.7258,36.366,0 -116.72812,36.36775,0 -116.73056,36.37009,0 -116.73209,36.37205,0 -116.7335,36.37416,0 -116.7354,36.37625,0 -116.73891,36.37988,0 -116.74291,36.38426,0 -116.74556,36.38564,0 -116.75326,36.38706,0 -116.75597,36.38762,0 -116.75863,36.38893,0 -116.76068,36.39077,0 -116.76231,36.39295,0 -116.76533,36.39524,0 -116.76763,36.39657,0 -116.77006,36.39779,0 -116.77139,36.39991,0 -116.77355,36.40183,0 -116.77675,36.40295,0 -116.77993,36.40392,0 -116.78286,36.40482,0 -116.78813,36.40645,0 -116.7907,36.40738,0 -116.79467,36.40964,0 -116.79957,36.41254,0 -116.80182,36.41389,0 -116.80363,36.41577,0 -116.80542,36.4181,0 -116.80748,36.41983,0 -116.80952,36.42191,0 -116.81213,36.42586,0 -116.81377,36.42831,0 -116.81647,36.43232,0 -116.8181,36.43448,0 -116.82044,36.43611,0 -116.82411,36.43758,0 -116.82936,36.43965,0 -116.83272,36.44084,0 -116.83556,36.44189,0 -116.83777,36.44341,0 -116.83955,36.44518,0 -116.84174,36.44678,0 -116.84286,36.44912,0 -116.8466,36.45117,0 -116.84952,36.45112,0 -116.8518,36.44922,0 -116.85452,36.44832,0 -116.85871,36.44964,0 -116.86119,36.45073,0 -116.86336,36.45255,0 -116.86472,36.45482,0 -116.86516,36.45711,0 -116.86537,36.45949,0 -116.86555,36.46181,0 -116.86557,36.46413,0 -116.86637,36.46655,0 -116.86694,36.46891,0 -116.86717,36.47153,0 -116.86832,36.47747,0 -116.86922,36.47979,0 -116.87105,36.48165,0 -116.8707,36.48427,0 -116.8689,36.48611,0 -116.86876,36.48849,0 -116.8709,36.49182,0 -116.87401,36.49598,0 -116.87514,36.49835,0 -116.8754,36.50103,0 -116.87611,36.5034,0 -116.87791,36.50594,0 -116.88052,36.51054,0 -116.88163,36.51307,0 -116.88185,36.51533,0 -116.88142,36.51787,0 -116.88211,36.52141,0 -116.88284,36.52576,0 -116.88285,36.52815,0 -116.88259,36.53046,0 -116.88285,36.53297,0 -116.88373,36.53556,0 -116.88488,36.53997,0 -116.88575,36.54251,0 -116.88855,36.54563,0 -116.89051,36.54795,0 -116.89188,36.55021,0 -116.8927,36.55352,0 -116.89371,36.55586,0 -116.89566,36.55762,0 -116.8983,36.55861,0 -116.90171,36.56011,0 -116.90433,36.56141,0 -116.90646,36.56297,0 -116.90815,36.56516,0 -116.90905,36.56754,0 -116.91074,36.56938,0 -116.91359,36.57064,0 -116.91622,36.5721,0 -116.91917,36.57312,0 -116.922,36.57386,0 -116.926,36.57547,0 -116.92846,36.57686,0 -116.93139,36.57999,0 -116.93313,36.58178,0 -116.93536,36.58362,0 -116.93812,36.58505,0 -116.94127,36.58705,0 -116.94443,36.58825,0 -116.94839,36.58941,0 -116.95122,36.59063,0 -116.95378,36.59211,0 -116.96231,36.59402,0 -116.96675,36.59527,0 -116.96929,36.59627,0 -116.97228,36.59789,0 -116.97525,36.59999,0 -116.97977,36.6041,0 -116.98573,36.60865,0 -116.99095,36.61263,0 -116.99341,36.61456,0 -116.99729,36.61772,0 -117.00093,36.6208,0 -117.00329,36.62285,0 -117.00577,36.62484,0 -117.00848,36.62597,0 -117.01164,36.62668,0 -117.01445,36.62766,0 -117.01706,36.62898,0 -117.02049,36.63137,0 -117.02306,36.63306,0 -117.0251,36.63481,0 -117.02743,36.63738,0 -117.02926,36.63913,0 -117.03213,36.64002,0 -117.03497,36.6396,0 -117.04689,36.63181,0 -117.05181,36.62854,0 -117.05397,36.62708,0 -117.05999,36.62307,0 -117.06436,36.62016,0 -117.06728,36.6182,0 -117.06976,36.61703,0 -117.07328,36.61575,0 -117.07605,36.61436,0 -117.07816,36.61286,0 -117.08081,36.61182,0 -117.08383,36.60997,0 -117.08773,36.60682,0 -117.09314,36.60245,0 -117.0958,36.60124,0 -117.0991,36.60164,0 -117.10181,36.6029,0 -117.10496,36.60417,0 -117.10823,36.60495,0 -117.11127,36.60542,0 -117.11582,36.60556,0 -117.11902,36.6052,0 -117.12291,36.60429,0 -117.12566,36.60364,0 -117.12858,36.60379,0 -117.13427,36.60632,0 -117.13713,36.6072,0 -117.14159,36.60781,0 -117.14461,36.60771,0 -117.14711,36.60626,0 -117.14879,36.60421,0 -117.15214,36.60154,0 -117.15776,36.5971,0 -117.1656,36.59088,0 -117.1699,36.58748,0 -117.17259,36.58533,0 -117.17749,36.5815,0 -117.18228,36.57769,0 -117.18952,36.57198,0 -117.19242,36.56968,0 -117.19638,36.56655,0 -117.19863,36.56446,0 -117.20023,36.56226,0 -117.20763,36.5495,0 -117.20937,36.54645,0 -117.21203,36.54189,0 -117.21395,36.53856,0 -117.21617,36.53473,0 -117.21851,36.53071,0 -117.21965,36.52806,0 -117.2207,36.525,0 -117.22184,36.52204,0 -117.2227,36.51986,0 -117.22359,36.51564,0 -117.22407,36.50986,0 -117.22481,36.50639,0 -117.22571,36.50315,0 -117.2266,36.49959,0 -117.22689,36.49682,0 -117.22804,36.49161,0 -117.22904,36.48833,0 -117.23016,36.48496,0 -117.23223,36.4789,0 -117.23398,36.47348,0 -117.23499,36.47,0 -117.23575,36.46604,0 -117.23625,36.46345,0 -117.2385,36.45872,0 -117.23978,36.45629,0 -117.24093,36.45367,0 -117.24197,36.45143,0 -117.24272,36.44917,0 -117.24377,36.44654,0 -117.24527,36.44383,0 -117.24725,36.44056,0 -117.24881,36.43826,0 -117.24983,36.43611,0 -117.25219,36.4332,0 -117.25594,36.431,0 -117.2585,36.42962,0 -117.26167,36.42793,0 -117.26313,36.42599,0 -117.2652,36.42364,0 -117.26599,36.42139,0 -117.26781,36.41966,0 -117.27092,36.41883,0 -117.27385,36.41514,0 -117.27523,36.41158,0 -117.2765,36.40883,0 -117.27823,36.40619,0 -117.27921,36.4037,0 -117.27996,36.40096,0 -117.28042,36.39833,0 -117.28105,36.39479,0 -117.28181,36.39055,0 -117.28275,36.38537,0 -117.28333,36.38275,0 -117.28436,36.38019,0 -117.28509,36.37714,0 -117.28554,36.3748,0 -117.28572,36.371,0 -117.28674,36.3688,0 -117.28644,36.36584,0 -117.28759,36.36282,0 -117.28871,36.36051,0 -117.28968,36.35839,0 -117.29214,36.3571,0 -117.29409,36.35425,0 -117.29548,36.35206,0 -117.2981,36.35046,0 -117.29981,36.34858,0 -117.30174,36.34683,0 -117.3051,36.34704,0 -117.30802,36.34664,0 -117.30927,36.34432,0 -117.31126,36.34252,0 -117.31405,36.34305,0 -117.31569,36.34515,0 -117.31937,36.3466,0 -117.32258,36.34723,0 -117.32527,36.34784,0 -117.3286,36.34803,0 -117.3335,36.34858,0 -117.33645,36.34857,0 -117.33928,36.34725,0 -117.34227,36.34625,0 -117.34559,36.34549,0 -117.34842,36.34475,0 -117.35165,36.34485,0 -117.35483,36.34489,0 -117.35803,36.34418,0 -117.36315,36.34369,0 -117.37589,36.3428,0 -117.38879,36.34192,0 -117.39279,36.34164,0 -117.40682,36.34068,0 -117.42365,36.3395,0 -117.43719,36.33855,0 -117.44267,36.33815,0 -117.44885,36.33768,0 -117.45446,36.33677,0 -117.4646,36.33886,0 -117.46765,36.33964,0 -117.47054,36.33963,0 -117.47403,36.33706,0 -117.47666,36.33564,0 -117.47932,36.33651,0 -117.4801,36.33999,0 -117.48095,36.34221,0 -117.48361,36.34296,0 -117.48613,36.34451,0 -117.48906,36.34552,0 -117.49175,36.34629,0 -117.49475,36.34583,0 -117.49762,36.34598,0 -117.50057,36.34565,0 -117.5035,36.34557,0 -117.50593,36.3439,0 -117.50657,36.34164,0 -117.50942,36.34153,0 -117.51167,36.34012,0 -117.51438,36.34201,0 -117.51695,36.34337,0 -117.52231,36.34661,0 -117.52513,36.34782,0 -117.52783,36.3486,0 -117.52748,36.35097,0 -117.52874,36.35332,0 -117.5286,36.35716,0 -117.53147,36.35758,0 -117.53422,36.35818,0 -117.53546,36.356,0 -117.53445,36.35382,0 -117.53637,36.35207,0 -117.53588,36.34911,0 -117.53867,36.34855,0 -117.53858,36.34595,0 -117.5403,36.34417,0 -117.54102,36.34649,0 -117.54317,36.34855,0 -117.54591,36.34922,0 -117.54869,36.34893,0 -117.55037,36.3509,0 -117.55312,36.35209,0 -117.55606,36.35152,0 -117.55889,36.35174,0 -117.56185,36.35263,0 -117.56471,36.35334,0 -117.56745,36.35255,0 -117.57048,36.3524,0 -117.57406,36.3547,0 -117.57412,36.35704,0 -117.57561,36.35915,0 -117.57954,36.36016,0 -117.58211,36.36118,0 -117.58409,36.36437,0 -117.58457,36.36666,0 -117.58503,36.36906,0 -117.58671,36.37147,0 -117.58879,36.3743,0 -117.59093,36.37597,0 -117.59312,36.37759,0 -117.59442,36.3796,0 -117.59815,36.37909,0 -117.60139,36.37781,0 -117.60626,36.37525,0 -117.60959,36.37334,0 -117.61326,36.37124,0 -117.61708,36.36906,0 -117.62045,36.36712,0 -117.62353,36.36536,0 -117.62582,36.36404,0 -117.63022,36.36152,0 -117.63286,36.36,0 -117.63503,36.35839,0 -117.63668,36.35654,0 -117.63857,36.35424,0 -117.63995,36.35204,0 -117.64126,36.34972,0 -117.64297,36.34678,0 -117.64599,36.34282,0 -117.64811,36.34006,0 -117.65086,36.33653,0 -117.65276,36.33402,0 -117.65466,36.33157,0 -117.65633,36.32945,0 -117.65828,36.32719,0 -117.66041,36.32543,0 -117.66252,36.32375,0 -117.6648,36.32198,0 -117.66762,36.32032,0 -117.6709,36.31868,0 -117.67365,36.3175,0 -117.67625,36.31656,0 -117.67915,36.31583,0 -117.68305,36.31615,0 -117.68599,36.31686,0 -117.68801,36.3189,0 -117.6895,36.32098,0 -117.69163,36.32261,0 -117.69413,36.32444,0 -117.69636,36.32591,0 -117.69931,36.32743,0 -117.70207,36.3287,0 -117.70518,36.3294,0 -117.7094,36.32995,0 -117.71223,36.33033,0 -117.71514,36.33071,0 -117.71844,36.33115,0 -117.72164,36.33157,0 -117.72553,36.33209,0 -117.7285,36.33248,0 -117.73207,36.33294,0 -117.73639,36.33351,0 -117.74362,36.33445,0 -117.74695,36.33491,0 -117.74962,36.33565,0 -117.75234,36.33715,0 -117.755,36.33881,0 -117.75989,36.34181,0 -117.76371,36.34417,0 -117.7668,36.34606,0 -117.76965,36.34781,0 -117.77186,36.34938,0 -117.77389,36.35166,0 -117.776,36.35413,0 -117.77768,36.35614,0 -117.77984,36.35853,0 -117.78203,36.36022,0 -117.78464,36.36167,0 -117.78762,36.36319,0 -117.79003,36.36469,0 -117.79239,36.36675,0 -117.79516,36.3693,0 -117.79704,36.371,0 -117.79906,36.37289,0 -117.80114,36.37542,0 -117.80266,36.37751,0 -117.8036,36.37992,0 -117.80446,36.38262,0 -117.80523,36.38486,0 -117.80593,36.38744,0 -117.80673,36.39044,0 -117.8073,36.39272,0 -117.80758,36.3951,0 -117.80839,36.39809,0 -117.80941,36.40189,0 -117.81033,36.40551,0 -117.81128,36.40914,0 -117.81203,36.41133,0 -117.8132,36.41384,0 -117.81465,36.41627,0 -117.81607,36.4183,0 -117.81762,36.42052,0 -117.81937,36.42297,0 -117.82089,36.42512,0 -117.82341,36.42868,0 -117.82776,36.4348,0 -117.82984,36.43774,0 -117.83172,36.44038,0 -117.83976,36.45171,0 -117.84321,36.45658,0 -117.84513,36.45929,0 -117.8473,36.46233,0 -117.85197,36.46891,0 -117.8547,36.47277,0 -117.85708,36.47614,0 -117.85908,36.47895,0 -117.8607,36.48123,0 -117.8624,36.48325,0 -117.86467,36.4849,0 -117.86851,36.48758,0 -117.87087,36.48927,0 -117.87335,36.49158,0 -117.87614,36.49422,0 -117.8784,36.49635,0 -117.88047,36.4983,0 -117.8826,36.50032,0 -117.88481,36.50239,0 -117.88677,36.50425,0 -117.8887,36.50608,0 -117.89206,36.50925,0 -117.89478,36.51212,0 -117.89743,36.5152,0 -117.90023,36.51883,0 -117.90226,36.52147,0 -117.90404,36.5235,0 -117.90779,36.52643,0 -117.91,36.52815,0 -117.91684,36.53174,0 -117.92195,36.53424,0 -117.92457,36.53563,0 -117.92692,36.53728,0 -117.92898,36.53905,0 -117.9313,36.54075,0 -117.94383,36.5473,0 -117.94986,36.55047,0 -117.95353,36.5524,0 -117.9658,36.55883,0 -117.97526,36.56378,0 -117.98042,36.56648,0 -117.98378,36.56824,0 -117.98725,36.57006,0 -117.99084,36.57194,0 -117.99358,36.57314,0 -117.99665,36.57392,0 -117.99945,36.57422,0 -118.00562,36.57422,0 -118.00875,36.57423,0 -118.01503,36.57503,0 -118.0205,36.57578,0 -118.02431,36.57629,0 -118.02721,36.57676,0 -118.0306,36.57758,0 -118.03579,36.57887,0 -118.0387,36.57929,0 -118.05349,36.57929,0 -118.05636,36.57929,0 -118.05757,36.58164,0 -118.05757,36.58405,0 -118.05761,36.58637,0 -118.05766,36.58986,0 -118.05763,36.59296,0 -118.0583,36.59535,0 -118.05946,36.59763,0 -118.06067,36.60017,0 -118.06177,36.60242,0 -118.06282,36.60454,0 -118.06405,36.60703,0 -118.065,36.60924,0 -118.06591,36.61245,0 -118.06673,36.61541,0 -118.06817,36.61879,0 -118.07048,36.62301,0 -118.07159,36.62516,0 -118.07301,36.62767,0 -118.07469,36.63024,0 -118.07633,36.63274,0 -118.07765,36.6348,0 -118.07954,36.6377,0 -118.08102,36.63996,0 -118.08225,36.64224,0 -118.08362,36.64488,0 -118.08479,36.64714,0 -118.08586,36.64923,0 -118.08764,36.65265,0 -118.09061,36.65838,0 -118.09285,36.66271,0 -118.09405,36.6651,0 -118.09496,36.66808,0 -118.0955,36.67093,0 -118.09661,36.67342,0 -118.09953,36.67663,0 -118.10222,36.67945,0 -118.10516,36.68259,0 -118.10738,36.68495,0 -118.10948,36.68718,0 -118.11193,36.6902,0 -118.11389,36.6924,0 -118.1183,36.69708,0 -118.1213,36.70025,0 -118.1232,36.7023,0 -118.12521,36.70407,0 -118.12804,36.70608,0 -118.1301,36.70797,0 -118.13432,36.71369,0 -118.13661,36.71676,0 -118.13807,36.7192,0 -118.13988,36.72225,0 -118.14308,36.72661,0 -118.14702,36.73196,0 -118.14907,36.73475,0 -118.15148,36.73799,0 -118.15383,36.74047,0 -118.15622,36.74341,0 -118.15889,36.74702,0 -118.16303,36.75264,0 -118.16686,36.75783,0 -118.17313,36.76636,0 -118.17628,36.77063,0 -118.17847,36.77361,0 -118.18097,36.77697,0 -118.1833,36.78014,0 -118.18566,36.78334,0 -118.18805,36.78657,0 -118.19016,36.78946,0 -118.19209,36.79184,0 -118.1942,36.79423,0 -118.19622,36.79697,0 -118.19753,36.79908,0 -118.19881,36.80109,0 -118.20026,36.80343,0 -118.2016,36.80559,0 -118.20321,36.8081,0 -118.20551,36.81182,0 -118.20683,36.81387,0 -118.209,36.8163,0 -118.21353,36.82048,0 -118.21574,36.82249,0 -118.21813,36.82472,0 -118.22038,36.82678,0 -118.22261,36.82883,0 -118.22531,36.83212,0 -118.22745,36.83465,0 -118.22905,36.83873,0 -118.22974,36.84157,0 -118.23126,36.84775,0 -118.23191,36.8504,0 -118.23261,36.85327,0 -118.23317,36.85551,0 -118.23405,36.85912,0 -118.23501,36.86296,0 -118.23573,36.86598,0 -118.23655,36.86933,0 -118.2374,36.8727,0 -118.23808,36.87544,0 -118.23933,36.88049,0 -118.24041,36.88495,0 -118.24123,36.88845,0 -118.24171,36.89077,0 -118.24175,36.89303,0 -118.24164,36.89615,0 -118.24155,36.89936,0 -118.24151,36.90163,0 -118.24145,36.90408,0 -118.24129,36.90913,0 -118.24118,36.91305,0 -118.24113,36.91535,0 -118.24103,36.91781,0 -118.24097,36.92012,0 -118.24091,36.92271,0 -118.24079,36.92611,0 -118.24066,36.93144,0 -118.24047,36.93691,0 -118.24036,36.94145,0 -118.2403,36.94388,0 -118.24023,36.94742,0 -118.24009,36.95064,0 -118.23989,36.95871,0 -118.23955,36.96155,0 -118.23833,36.9674,0 -118.23755,36.97116,0 -118.23685,36.9744,0 -118.23634,36.97693,0 -118.23553,36.98076,0 -118.23456,36.98521,0 -118.23398,36.98812,0 -118.23367,36.99071,0 -118.23344,36.99319,0 -118.2331,36.9971,0 -118.23288,37.00012,0 -118.23218,37.00763,0 -118.23193,37.01043,0 -118.23157,37.01512,0 -118.23096,37.02162,0 -118.23074,37.02413,0 -118.23077,37.02652,0 -118.23118,37.03016,0 -118.23227,37.03992,0 -118.23293,37.04562,0 -118.23325,37.0484,0 -118.23353,37.05086,0 -118.2338,37.05342,0 -118.23458,37.0557,0 -118.2364,37.05777,0 -118.23797,37.06053,0 -118.23881,37.06276,0 -118.23962,37.06502,0 -118.24051,37.06765,0 -118.24133,37.07013,0 -118.24217,37.07268,0 -118.24332,37.07632,0 -118.24431,37.07937,0 -118.24549,37.08312,0 -118.24668,37.08677,0 -118.24911,37.09435,0 -118.25026,37.09793,0 -118.25127,37.10102,0 -118.25211,37.10368,0 -118.25283,37.10587,0 -118.25362,37.10808,0 -118.25548,37.11136,0 -118.25745,37.11402,0 -118.25996,37.11744,0 -118.26264,37.12112,0 -118.26414,37.12312,0 -118.26604,37.12569,0 -118.26769,37.12794,0 -118.26955,37.13061,0 -118.27381,37.13645,0 -118.27624,37.13975,0 -118.2786,37.14287,0 -118.28021,37.14504,0 -118.28292,37.14873,0 -118.28505,37.15114,0 -118.28724,37.15358,0 -118.28897,37.15563,0 -118.28944,37.15793,0 -118.28948,37.16038,0 -118.28951,37.16311,0 -118.28954,37.1662,0 -118.28956,37.16915,0 -118.28963,37.17155,0 -118.29056,37.17382,0 -118.29582,37.17917,0 -118.30123,37.18466,0 -118.30341,37.18683,0 -118.30526,37.1887,0 -118.30692,37.19056,0 -118.30979,37.19345,0 -118.31207,37.19574,0 -118.31416,37.19788,0 -118.3177,37.20143,0 -118.32239,37.20616,0 -118.32624,37.21,0 -118.32819,37.21197,0 -118.33088,37.21472,0 -118.33478,37.21864,0 -118.34056,37.22446,0 -118.3425,37.22642,0 -118.34483,37.22877,0 -118.34643,37.23065,0 -118.34867,37.23493,0 -118.3514,37.24019,0 -118.35366,37.24452,0 -118.3551,37.24726,0 -118.35634,37.24965,0 -118.35759,37.25203,0 -118.36066,37.25798,0 -118.36225,37.26105,0 -118.36342,37.26332,0 -118.36562,37.26755,0 -118.36707,37.27034,0 -118.36882,37.27369,0 -118.37014,37.27621,0 -118.37172,37.27928,0 -118.37283,37.28185,0 -118.37333,37.28474,0 -118.37378,37.28802,0 -118.37415,37.29063,0 -118.37469,37.29312,0 -118.37575,37.29563,0 -118.37715,37.29832,0 -118.37916,37.30215,0 -118.38029,37.30433,0 -118.38145,37.30657,0 -118.38518,37.3136,0 -118.38734,37.31766,0 -118.38956,37.322,0 -118.39072,37.32419,0 -118.39202,37.32675,0 -118.39356,37.32979,0 -118.39463,37.33193,0 -118.39509,37.33441,0 -118.39507,37.33695,0 -118.39502,37.3398,0 -118.39504,37.34229,0 -118.39509,37.34474,0 -118.39513,37.34725,0 -118.39521,37.35211,0 -118.39524,37.35551,0 -118.39523,37.35863,0 -118.39525,37.36108,0 -118.3981,37.36138,0 -118.40098,37.36136,0 -118.40465,37.36135,0 -118.408,37.36134,0 -118.41084,37.36134,0 -118.41379,37.36132,0 -118.41833,37.36134,0 -118.42149,37.36132,0 -118.42301,37.36598,0 -118.423,37.36851,0 -118.42299,37.37096,0 -118.42298,37.37414,0 -118.4266,37.37583,0 -118.4299,37.37584,0 -118.43418,37.37586,0 -118.4374,37.37587,0 -118.44027,37.37588,0 -118.44545,37.37587,0 -118.45436,37.37582,0 -118.45942,37.3758,0 -118.46257,37.37597,0 -118.46539,37.37646,0 -118.4682,37.3773,0 -118.47599,37.38027,0 -118.47879,37.38134,0 -118.4911,37.38606,0 -118.4937,37.38708,0 -118.49987,37.3894,0 -118.52516,37.39907,0 -118.52806,37.40017,0 -118.53266,37.40193,0 -118.54207,37.40552,0 -118.54472,37.40658,0 -118.54706,37.4079,0 -118.54938,37.40979,0 -118.551,37.41169,0 -118.55356,37.41644,0 -118.55471,37.41869,0 -118.55597,37.421,0 -118.55728,37.42314,0 -118.55886,37.42546,0 -118.5604,37.4275,0 -118.56835,37.43687,0 -118.57012,37.43913,0 -118.57124,37.44125,0 -118.57192,37.44369,0 -118.57214,37.44791,0 -118.57242,37.45016,0 -118.57322,37.45254,0 -118.57529,37.4571,0 -118.57767,37.46238,0 -118.57835,37.46475,0 -118.57852,37.46703,0 -118.57921,37.46927,0 -118.58024,37.47146,0 -118.58111,37.48006,0 -118.58222,37.49644,0 -118.58297,37.50748,0 -118.58322,37.51122,0 -118.58399,37.51362,0 -118.58594,37.51544,0 -118.58868,37.51664,0 -118.59225,37.51807,0 -118.60021,37.52025,0 -118.60295,37.52086,0 -118.60679,37.52054,0 -118.6098,37.52049,0 -118.61642,37.5225,0 -118.61911,37.5235,0 -118.62748,37.52992,0 -118.62979,37.53159,0 -118.63525,37.53454,0 -118.63747,37.53597,0 -118.63918,37.53807,0 -118.63993,37.54033,0 -118.63967,37.54439,0 -118.63937,37.54709,0 -118.63968,37.54947,0 -118.64149,37.55138,0 -118.64804,37.55492,0 -118.6524,37.55727,0 -118.65527,37.55802,0 -118.65832,37.55766,0 -118.66119,37.55831,0 -118.66353,37.55963,0 -118.66661,37.56033,0 -118.6709,37.56084,0 -118.67405,37.56119,0 -118.67721,37.56197,0 -118.68609,37.56498,0 -118.68886,37.56625,0 -118.69405,37.57005,0 -118.69676,37.57145,0 -118.69951,37.57208,0 -118.70277,37.57206,0 -118.70794,37.57163,0 -118.71117,37.57179,0 -118.7138,37.5727,0 -118.71644,37.57413,0 -118.71921,37.57504,0 -118.72291,37.57519,0 -118.72615,37.57482,0 -118.73007,37.57437,0 -118.73314,37.57402,0 -118.73706,37.57357,0 -118.74041,37.57346,0 -118.74332,37.57396,0 -118.74622,37.57455,0 -118.74928,37.57516,0 -118.7522,37.57575,0 -118.75546,37.57642,0 -118.75854,37.57746,0 -118.76171,37.5787,0 -118.76489,37.57994,0 -118.76767,37.58101,0 -118.77264,37.58294,0 -118.77748,37.585,0 -118.78002,37.58613,0 -118.78292,37.58736,0 -118.78632,37.58888,0 -118.78921,37.59017,0 -118.79197,37.59183,0 -118.79387,37.59351,0 -118.79654,37.5962,0 -118.79947,37.59911,0 -118.802,37.60164,0 -118.8039,37.60354,0 -118.80553,37.60559,0 -118.80746,37.60889,0 -118.80914,37.61184,0 -118.81115,37.61437,0 -118.81356,37.61579,0 -118.8225,37.61829,0 -118.83118,37.62062,0 -118.83879,37.62272,0 -118.8429,37.62385,0 -118.85059,37.62593,0 -118.85402,37.62688,0 -118.85822,37.62801,0 -118.86241,37.62917,0 -118.87605,37.6329,0 -118.88391,37.63505,0 -118.88697,37.6358,0 -118.89254,37.63665,0 -118.89715,37.63725,0 -118.90263,37.63797,0 -118.90578,37.63838,0 -118.90932,37.63884,0 -118.91216,37.63938,0 -118.91498,37.64046,0 -118.91764,37.64201,0 -118.92014,37.64359,0 -118.92218,37.6453,0 -118.92355,37.64749,0 -118.92406,37.65007,0 -118.92403,37.65235,0 -118.92435,37.6549,0 -118.92531,37.65715,0 -118.92685,37.65948,0 -118.92837,37.66166,0 -118.93038,37.6636,0 -118.93226,37.6654,0 -118.93328,37.66777,0 -118.93521,37.67071,0 -118.93813,37.67483,0 -118.93933,37.67718,0 -118.93994,37.67947,0 -118.94053,37.68209,0 -118.94117,37.6843,0 -118.94193,37.68726,0 -118.94268,37.68994,0 -118.94397,37.69215,0 -118.94662,37.6949,0 -118.94826,37.69724,0 -118.94948,37.70016,0 -118.9507,37.70307,0 -118.95219,37.70831,0 -118.95298,37.71138,0 -118.95402,37.71363,0 -118.95557,37.71573,0 -118.95782,37.71869,0 -118.9601,37.72172,0 -118.96168,37.72381,0 -118.96332,37.72597,0 -118.96514,37.72843,0 -118.96696,37.7308,0 -118.96888,37.73338,0 -118.97053,37.73553,0 -118.97231,37.738,0 -118.97551,37.74218,0 -118.97716,37.7442,0 -118.97948,37.74627,0 -118.98158,37.74814,0 -118.98315,37.75066,0 -118.98407,37.753,0 -118.98516,37.75543,0 -118.98759,37.75776,0 -118.98981,37.75927,0 -118.99256,37.76031,0 -118.99425,37.76215,0 -118.99714,37.7633,0 -118.99986,37.76459,0 -119.00273,37.76729,0 -119.0058,37.76945,0 -119.00878,37.77136,0 -119.013,37.77405,0 -119.01551,37.77561,0 -119.01811,37.77734,0 -119.02013,37.77948,0 -119.02135,37.78283,0 -119.02189,37.78521,0 -119.02399,37.78751,0 -119.02726,37.78882,0 -119.03078,37.79032,0 -119.03355,37.79174,0 -119.03596,37.79296,0 -119.03876,37.79462,0 -119.04036,37.7966,0 -119.04091,37.7992,0 -119.04077,37.80158,0 -119.04161,37.80407,0 -119.04434,37.80611,0 -119.04796,37.80834,0 -119.05003,37.80992,0 -119.05263,37.812,0 -119.0553,37.81412,0 -119.05787,37.81612,0 -119.05963,37.8181,0 -119.06328,37.82473,0 -119.06472,37.82695,0 -119.06694,37.8295,0 -119.06858,37.83187,0 -119.06942,37.83427,0 -119.06996,37.83755,0 -119.07062,37.83975,0 -119.07179,37.84193,0 -119.07335,37.84386,0 -119.07527,37.84572,0 -119.07738,37.84776,0 -119.07919,37.8497,0 -119.08422,37.85764,0 -119.08537,37.85994,0 -119.08609,37.86213,0 -119.08729,37.86829,0 -119.08791,37.87158,0 -119.08842,37.87425,0 -119.08911,37.8776,0 -119.08992,37.88304,0 -119.09052,37.88618,0 -119.09101,37.88898,0 -119.09153,37.89133,0 -119.0929,37.89872,0 -119.09545,37.91143,0 -119.09669,37.91768,0 -119.0984,37.92624,0 -119.0996,37.93229,0 -119.10014,37.935,0 -119.101,37.9393,0 -119.10172,37.94168,0 -119.10322,37.94405,0 -119.1061,37.94737,0 -119.10813,37.94918,0 -119.11092,37.9501,0 -119.1135,37.949,0 -119.11507,37.94703,0 -119.11722,37.94553,0 -119.11836,37.94316,0 -119.11929,37.94088,0 -119.12178,37.93969,0 -119.12472,37.94008,0 -119.12751,37.94058,0 -119.13052,37.94075,0 -119.13379,37.9403,0 -119.13881,37.9387,0 -119.14267,37.93737,0 -119.14555,37.93636,0 -119.14835,37.93516,0 -119.15093,37.93394,0 -119.15421,37.93293,0 -119.15801,37.93178,0 -119.16076,37.93105,0 -119.16407,37.93115,0 -119.16725,37.93064,0 -119.17019,37.93049,0 -119.17335,37.93125,0 -119.176,37.93212,0 -119.17812,37.93514,0 -119.179,37.93731,0 -119.18051,37.93958,0 -119.18227,37.94149,0 -119.1843,37.9431,0 -119.18621,37.94509,0 -119.18842,37.94663,0 -119.19091,37.94779,0 -119.19379,37.94822,0 -119.19665,37.94913,0 -119.19953,37.94989,0 -119.20509,37.9501,0 -119.20793,37.9504,0 -119.2109,37.95011,0 -119.21366,37.94949,0 -119.21657,37.95002,0 -119.21929,37.95083,0 -119.22214,37.95144,0 -119.22452,37.95272,0 -119.22582,37.9507,0 -119.22508,37.94846,0 -119.22605,37.94624,0 -119.22759,37.94411,0 -119.22919,37.94198,0 -119.23025,37.93989,0 -119.23123,37.93776,0 -119.23231,37.93565,0 -119.23497,37.9366,0 -119.23829,37.93925,0 -119.24094,37.94027,0 -119.24429,37.93879,0 -119.24754,37.9383,0 -119.24936,37.93655,0 -119.24843,37.93432,0 -119.24974,37.93195,0 -119.25142,37.93006,0 -119.25416,37.92916,0 -119.25571,37.92719,0 -119.25629,37.92493,0 -119.25515,37.92232,0 -119.25509,37.91914,0 -119.25627,37.91694,0 -119.25763,37.91335,0 -119.25788,37.9109,0 -119.25854,37.90852,0 -119.25953,37.9061,0 -119.26003,37.90385,0 -119.26013,37.90155,0 -119.25975,37.89842,0 -119.25976,37.89558,0 -119.26004,37.89333,0 -119.26225,37.89143,0 -119.2658,37.8892,0 -119.26943,37.88674,0 -119.27149,37.88497,0 -119.27363,37.88272,0 -119.27542,37.88023,0 -119.27802,37.87929,0 -119.28091,37.8785,0 -119.28375,37.87792,0 -119.2867,37.87755,0 -119.28995,37.87789,0 -119.2928,37.87867,0 -119.2957,37.8789,0 -119.29881,37.87869,0 -119.30178,37.87917,0 -119.3054,37.88032,0 -119.30848,37.88087,0 -119.31146,37.88071,0 -119.31479,37.88022,0 -119.32001,37.88092,0 -119.32296,37.88198,0 -119.32565,37.88109,0 -119.32837,37.88014,0 -119.33144,37.88015,0 -119.33615,37.88043,0 -119.33902,37.87958,0 -119.342,37.87829,0 -119.34513,37.87761,0 -119.348,37.87722,0 -119.35136,37.8771,0 -119.35429,37.87665,0 -119.35653,37.87494,0 -119.35886,37.87348,0 -119.36173,37.87258,0 -119.36514,37.87223,0 -119.36822,37.87197,0 -119.37127,37.87211,0 -119.37453,37.87307,0 -119.37763,37.87373,0 -119.3805,37.87363,0 -119.38357,37.87334,0 -119.38645,37.87363,0 -119.38945,37.87476,0 -119.39238,37.87592,0 -119.39487,37.87705,0 -119.39598,37.87935,0 -119.3981,37.88097,0 -119.40104,37.88146,0 -119.4037,37.87977,0 -119.40519,37.87766,0 -119.40901,37.87628,0 -119.41189,37.87601,0 -119.41473,37.87648,0 -119.41764,37.87636,0 -119.41968,37.87447,0 -119.42355,37.8739,0 -119.42626,37.87298,0 -119.42927,37.86881,0 -119.43121,37.86641,0 -119.43243,37.86419,0 -119.43499,37.86091,0 -119.43695,37.85864,0 -119.43841,37.85661,0 -119.43951,37.85446,0 -119.44094,37.85215,0 -119.44275,37.84991,0 -119.44471,37.84812,0 -119.44615,37.84595,0 -119.4473,37.84358,0 -119.44895,37.8413,0 -119.45069,37.83946,0 -119.45416,37.83659,0 -119.45657,37.83509,0 -119.45895,37.83383,0 -119.4621,37.83408,0 -119.46492,37.83335,0 -119.46699,37.83147,0 -119.46796,37.82925,0 -119.46895,37.82714,0 -119.4712,37.82568,0 -119.47397,37.82495,0 -119.4767,37.824,0 -119.47794,37.8216,0 -119.47851,37.81919,0 -119.48016,37.81725,0 -119.48217,37.81439,0 -119.48337,37.81234,0 -119.48573,37.81103,0 -119.48789,37.81261,0 -119.49101,37.81234,0 -119.494,37.81326,0 -119.49622,37.81479,0 -119.49685,37.817,0 -119.49952,37.81587,0 -119.50131,37.81408,0 -119.50389,37.81268,0 -119.50664,37.81165,0 -119.50945,37.81203,0 -119.50791,37.8141,0 -119.50779,37.81637,0 -119.51126,37.81722,0 -119.51416,37.81725,0 -119.51703,37.81777,0 -119.51935,37.81605,0 -119.52234,37.8148,0 -119.52504,37.81368,0 -119.52759,37.81264,0 -119.53058,37.81202,0 -119.53343,37.81059,0 -119.53583,37.8089,0 -119.53873,37.80794,0 -119.54158,37.80756,0 -119.54439,37.80683,0 -119.54736,37.80712,0 -119.55078,37.80658,0 -119.55361,37.80619,0 -119.55808,37.80614,0 -119.56274,37.80687,0 -119.566,37.8074,0 -119.56894,37.80837,0 -119.57199,37.81036,0 -119.57372,37.8124,0 -119.57513,37.81442,0 -119.57797,37.8141,0 -119.58052,37.81522,0 -119.57896,37.81729,0 -119.5781,37.81952,0 -119.5803,37.82129,0 -119.58021,37.82379,0 -119.581,37.82598,0 -119.58123,37.82837,0 -119.57905,37.83122,0 -119.57794,37.83347,0 -119.57808,37.83611,0 -119.57704,37.83856,0 -119.57524,37.84099,0 -119.5737,37.84324,0 -119.5729,37.84584,0 -119.57186,37.84805,0 -119.57234,37.85056,0 -119.57468,37.85192,0 -119.57766,37.85229,0 -119.58015,37.85054,0 -119.58239,37.84913,0 -119.58456,37.84762,0 -119.58712,37.84641,0 -119.58864,37.84445,0 -119.58883,37.84209,0 -119.58966,37.8398,0 -119.59234,37.83904,0 -119.59374,37.84104,0 -119.5949,37.84313,0 -119.59491,37.84541,0 -119.59603,37.84778,0 -119.59956,37.84843,0 -119.60242,37.84857,0 -119.60462,37.85001,0 -119.60757,37.84995,0 -119.61031,37.84883,0 -119.61343,37.84966,0 -119.61612,37.85052,0 -119.6188,37.84929,0 -119.62183,37.84905,0 -119.62598,37.84983,0 -119.6296,37.85102,0 -119.63222,37.85206,0 -119.63477,37.85327,0 -119.63748,37.85499,0 -119.63994,37.85653,0 -119.6432,37.85759,0 -119.64602,37.85714,0 -119.64812,37.85546,0 -119.64989,37.85365,0 -119.65148,37.85177,0 -119.65372,37.85013,0 -119.65669,37.84977,0 -119.6594,37.85095,0 -119.66227,37.85149,0 -119.66487,37.85032,0 -119.66975,37.85008,0 -119.6726,37.84935,0 -119.67528,37.84764,0 -119.67792,37.84605,0 -119.6802,37.84457,0 -119.68236,37.84307,0 -119.68453,37.84159,0 -119.68641,37.83985,0 -119.68898,37.83872,0 -119.69137,37.83729,0 -119.69346,37.83553,0 -119.69573,37.83413,0 -119.698,37.83265,0 -119.70061,37.83167,0 -119.7022,37.82972,0 -119.70185,37.82701,0 -119.7025,37.82409,0 -119.70419,37.82221,0 -119.7067,37.82095,0 -119.70967,37.82057,0 -119.71262,37.82005,0 -119.71347,37.81776,0 -119.7125,37.81553,0 -119.71332,37.8133,0 -119.71331,37.81092,0 -119.71457,37.80888,0 -119.71605,37.80626,0 -119.71719,37.8039,0 -119.71814,37.80158,0 -119.71871,37.79908,0 -119.72042,37.79693,0 -119.72144,37.7946,0 -119.72272,37.79233,0 -119.72389,37.79025,0 -119.72623,37.78889,0 -119.72911,37.78892,0 -119.73247,37.78935,0 -119.73533,37.78885,0 -119.73781,37.78728,0 -119.73983,37.78531,0 -119.74251,37.78379,0 -119.74511,37.78264,0 -119.74757,37.78137,0 -119.74876,37.77928,0 -119.74981,37.77712,0 -119.75199,37.77558,0 -119.7547,37.77468,0 -119.75746,37.77392,0 -119.75982,37.77251,0 -119.76219,37.77125,0 -119.76421,37.7696,0 -119.76762,37.76986,0 -119.77061,37.76932,0 -119.7727,37.76757,0 -119.77431,37.7655,0 -119.77482,37.76293,0 -119.77356,37.76082,0 -119.77083,37.75958,0 -119.77016,37.75731,0 -119.77204,37.75548,0 -119.77549,37.75601,0 -119.77775,37.75742,0 -119.77919,37.75943,0 -119.782,37.75834,0 -119.78466,37.75726,0 -119.78744,37.75797,0 -119.79044,37.75734,0 -119.7934,37.75771,0 -119.7953,37.75954,0 -119.79823,37.75993,0 -119.80059,37.7612,0 -119.80373,37.75985,0 -119.80405,37.7575,0 -119.80245,37.75558,0 -119.8,37.75415,0 -119.79763,37.75286,0 -119.79514,37.75168,0 -119.79253,37.75035,0 -119.78915,37.75099,0 -119.78647,37.75187,0 -119.78384,37.75099,0 -119.78188,37.74929,0 -119.77976,37.74777,0 -119.7773,37.74639,0 -119.77595,37.74432,0 -119.77444,37.74188,0 -119.773,37.7398,0 -119.76986,37.73937,0 -119.76692,37.73962,0 -119.76424,37.74091,0 -119.76224,37.74256,0 -119.75948,37.74358,0 -119.75684,37.74261,0 -119.75845,37.74057,0 -119.75846,37.73826,0 -119.75891,37.73603,0 -119.75996,37.73381,0 -119.75745,37.73265,0 -119.75635,37.73051,0 -119.75459,37.72871,0 -119.75178,37.72916,0 -119.75064,37.72696,0 -119.74858,37.72525,0 -119.74646,37.72339,0 -119.74455,37.72158,0 -119.74231,37.71948,0 -119.7406,37.71762,0 -119.73844,37.7158,0 -119.73608,37.71436,0 -119.73321,37.71399,0 -119.73012,37.71352,0 -119.7273,37.71401,0 -119.72562,37.7159,0 -119.72329,37.71734,0 -119.71927,37.72239,0 -119.71833,37.72465,0 -119.71638,37.72643,0 -119.71405,37.72774,0 -119.71113,37.72784,0 -119.70834,37.7273,0 -119.70616,37.72583,0 -119.70333,37.72533,0 -119.70093,37.72406,0 -119.69764,37.72332,0 -119.69482,37.72277,0 -119.69221,37.72161,0 -119.68931,37.72194,0 -119.68648,37.72089,0 -119.68402,37.71967,0 -119.68123,37.71897,0 -119.67819,37.71877,0 -119.67504,37.71837,0 -119.672,37.71813,0 -119.66881,37.71758,0 -119.66621,37.71666,0 -119.66465,37.71476,0 -119.66169,37.71509,0 -119.65908,37.71607,0 -119.65603,37.71683,0 -119.65319,37.71729,0 -119.65082,37.71874,0 -119.64869,37.72041,0 -119.6459,37.72089,0 -119.64294,37.72162,0 -119.64005,37.7212,0 -119.63699,37.72067,0 -119.63388,37.71996,0 -119.63001,37.72041,0 -119.62664,37.7212,0 -119.62346,37.72192,0 -119.62071,37.72259,0 -119.61834,37.72385,0 -119.6157,37.72498,0 -119.61302,37.72577,0 -119.61023,37.72653,0 -119.6076,37.72773,0 -119.60593,37.72994,0 -119.60446,37.73188,0 -119.60221,37.73369,0 -119.60032,37.73538,0 -119.59789,37.73709,0 -119.59389,37.73957,0 -119.59204,37.74131,0 -119.59017,37.74313,0 -119.58813,37.74472,0 -119.58986,37.74663,0 -119.5928,37.74587,0 -119.59566,37.74547,0 -119.59871,37.74526,0 -119.60017,37.74311,0 -119.60321,37.74057,0 -119.606,37.73922,0 -119.60812,37.73766,0 -119.60946,37.73556,0 -119.61133,37.7336,0 -119.61218,37.73045,0 -119.6135,37.72824,0 -119.61597,37.72681,0 -119.61901,37.72709,0 -119.622,37.72723,0 -119.62488,37.72754,0 -119.62813,37.72703,0 -119.6308,37.72598,0 -119.63287,37.72436,0 -119.63595,37.72433,0 -119.63978,37.72443,0 -119.64295,37.72415,0 -119.64579,37.72341,0 -119.64847,37.72262,0 -119.65111,37.72164,0 -119.6539,37.72107,0 -119.65606,37.7196,0 -119.65897,37.7194,0 -119.66167,37.71791,0 -119.66468,37.71673,0 -119.66792,37.71729,0 -119.67064,37.71823,0 -119.6736,37.71789,0 -119.67622,37.71881,0 -119.67938,37.71892,0 -119.68239,37.71916,0 -119.68533,37.72016,0 -119.68774,37.72142,0 -119.69061,37.72192,0 -119.69359,37.72224,0 -119.69624,37.72308,0 -119.69913,37.72335,0 -119.70184,37.72455,0 -119.70492,37.72538,0 -119.70748,37.7264,0 -119.70989,37.72787,0 -119.71281,37.72761,0 -119.71564,37.72688,0 -119.71788,37.7254,0 -119.71873,37.72321,0 -119.72311,37.71754,0 -119.72548,37.716,0 -119.7273,37.71401,0 -119.73012,37.71352,0 -119.73296,37.71391,0 -119.73579,37.71425,0 -119.73823,37.71568,0 -119.74034,37.71728,0 -119.74231,37.71948,0 -119.74421,37.72124,0 -119.74628,37.7232,0 -119.74824,37.72497,0 -119.75053,37.7268,0 -119.75164,37.72897,0 -119.7545,37.72873,0 -119.75635,37.73051,0 -119.75692,37.73272,0 -119.75974,37.73199,0 -119.7595,37.73456,0 -119.75896,37.73681,0 -119.75907,37.73907,0 -119.75777,37.74113,0 -119.75737,37.74342,0 -119.76042,37.74321,0 -119.76305,37.74211,0 -119.76456,37.74019,0 -119.76749,37.73966,0 -119.77083,37.73939,0 -119.77365,37.74069,0 -119.77496,37.7427,0 -119.77627,37.74476,0 -119.77816,37.74647,0 -119.78061,37.74799,0 -119.78231,37.74993,0 -119.78447,37.75152,0 -119.788,37.75138,0 -119.79093,37.75039,0 -119.79402,37.75103,0 -119.79637,37.75236,0 -119.79917,37.75181,0 -119.80209,37.75147,0 -119.8022,37.74899,0 -119.80433,37.74734,0 -119.8071,37.74823,0 -119.80831,37.75047,0 -119.81083,37.75314,0 -119.81388,37.75335,0 -119.81609,37.755,0 -119.81888,37.75567,0 -119.82093,37.75383,0 -119.82223,37.75176,0 -119.82504,37.75225,0 -119.82556,37.7548,0 -119.82699,37.75721,0 -119.82957,37.75871,0 -119.83232,37.75965,0 -119.83345,37.76187,0 -119.83668,37.76246,0 -119.83962,37.76319,0 -119.84255,37.76329,0 -119.84628,37.76391,0 -119.84935,37.76443,0 -119.85239,37.76359,0 -119.85458,37.76518,0 -119.85742,37.76611,0 -119.86034,37.7679,0 -119.8615,37.77024,0 -119.86155,37.77293,0 -119.86115,37.77526,0 -119.86408,37.77703,0 -119.86582,37.77914,0 -119.8681,37.78088,0 -119.86968,37.78299,0 -119.87205,37.78442,0 -119.87461,37.7866,0 -119.87642,37.78859,0 -119.87501,37.79059,0 -119.87261,37.79184,0 -119.8742,37.79391,0 -119.87425,37.79618,0 -119.87529,37.79828,0 -119.87466,37.80051,0 -119.87378,37.80299,0 -119.87263,37.80517,0 -119.87319,37.80746,0 -119.87204,37.80967,0 -119.87403,37.8114,0 -119.87492,37.81395,0 -119.87641,37.81595,0 -119.87918,37.81475,0 -119.88176,37.81352,0 -119.88465,37.8135,0 -119.88784,37.8135,0 -119.8909,37.81349,0 -119.89396,37.81323,0 -119.89704,37.81389,0 -119.89981,37.81309,0 -119.90081,37.81096,0 -119.90367,37.8114,0 -119.90513,37.8134,0 -119.90808,37.81461,0 -119.91031,37.81635,0 -119.9123,37.8184,0 -119.91413,37.82019,0 -119.91551,37.82222,0 -119.91806,37.82106,0 -119.92062,37.82006,0 -119.92284,37.81815,0 -119.92607,37.81714,0 -119.92889,37.81631,0 -119.9318,37.81626,0 -119.93451,37.81521,0 -119.93725,37.81593,0 -119.94027,37.816,0 -119.94309,37.81647,0 -119.94663,37.8161,0 -119.94952,37.81601,0 -119.95095,37.81799,0 -119.95374,37.81865,0 -119.95682,37.81955,0 -119.95853,37.82135,0 -119.96178,37.822,0 -119.96578,37.82255,0 -119.96855,37.82389,0 -119.97141,37.8249,0 -119.97359,37.82638,0 -119.97639,37.82737,0 -119.97923,37.82775,0 -119.98179,37.82904,0 -119.98465,37.82854,0 -119.98616,37.82659,0 -119.98756,37.82446,0 -119.99068,37.82367,0 -119.99357,37.82318,0 -119.99522,37.82128,0 -119.99803,37.82176,0 -120.00045,37.82308,0 -120.00336,37.82242,0 -120.00541,37.82398,0 -120.00816,37.82462,0 -120.01103,37.82473,0 -120.01344,37.82339,0 -120.01609,37.82255,0 -120.01833,37.82425,0 -120.02115,37.8248,0 -120.02285,37.82288,0 -120.02589,37.82262,0 -120.02838,37.8215,0 -120.03154,37.82089,0 -120.03514,37.82136,0 -120.03799,37.82191,0 -120.04146,37.82134,0 -120.04454,37.82014,0 -120.04775,37.81974,0 -120.0509,37.81959,0 -120.05449,37.81844,0 -120.05722,37.81754,0 -120.06019,37.8165,0 -120.06265,37.81527,0 -120.0652,37.81396,0 -120.06851,37.81417,0 -120.07127,37.81487,0 -120.07304,37.81671,0 -120.075,37.81882,0 -120.07764,37.81967,0 -120.08109,37.82016,0 -120.08431,37.82021,0 -120.08742,37.82061,0 -120.08937,37.82229,0 -120.09032,37.82469,0 -120.093,37.8255,0 -120.09603,37.82503,0 -120.09874,37.82407,0 -120.10161,37.82224,0 -120.10403,37.82059,0 -120.1068,37.81872,0 -120.10905,37.81719,0 -120.11152,37.81595,0 -120.11473,37.81483,0 -120.11758,37.81383,0 -120.12067,37.81353,0 -120.12372,37.81476,0 -120.12637,37.81619,0 -120.12922,37.81694,0 -120.13259,37.81931,0 -120.13524,37.82024,0 -120.13878,37.82046,0 -120.14188,37.82067,0 -120.14501,37.82086,0 -120.14785,37.82105,0 -120.15099,37.82101,0 -120.15521,37.82067,0 -120.15889,37.821,0 -120.16169,37.82163,0 -120.1646,37.82229,0 -120.1675,37.82291,0 -120.17023,37.82393,0 -120.1729,37.82516,0 -120.17616,37.82604,0 -120.17882,37.82728,0 -120.18192,37.82818,0 -120.18471,37.82885,0 -120.18802,37.82834,0 -120.19093,37.82802,0 -120.19377,37.82828,0 -120.19662,37.82984,0 -120.19944,37.83165,0 -120.20233,37.8336,0 -120.20422,37.83584,0 -120.20565,37.83781,0 -120.20844,37.83886,0 -120.21103,37.83755,0 -120.21323,37.83602,0 -120.21619,37.8354,0 -120.21912,37.83566,0 -120.22121,37.83726,0 -120.22325,37.83935,0 -120.22623,37.83988,0 -120.22907,37.83957,0 -120.23175,37.83824,0 -120.23474,37.837,0 -120.23771,37.83645,0 -120.24103,37.83482,0 -120.2431,37.8329,0 -120.24563,37.83156,0 -120.24747,37.82972,0 -120.24974,37.82828,0 -120.25231,37.82697,0 -120.25452,37.82542,0 -120.25716,37.8242,0 -120.26032,37.82288,0 -120.26251,37.82131,0 -120.26412,37.81911,0 -120.26663,37.81741,0 -120.26906,37.81595,0 -120.27099,37.81411,0 -120.27381,37.81509,0 -120.27624,37.81643,0 -120.27921,37.81708,0 -120.28148,37.81876,0 -120.28446,37.81872,0 -120.287,37.81755,0 -120.29014,37.81679,0 -120.2931,37.81615,0 -120.29614,37.81616,0 -120.29852,37.81475,0 -120.30129,37.81385,0 -120.3042,37.81365,0 -120.30705,37.81404,0 -120.31011,37.81465,0 -120.31348,37.81497,0 -120.31634,37.81592,0 -120.31904,37.81715,0 -120.32287,37.8189,0 -120.3258,37.82026,0 -120.32871,37.82157,0 -120.33139,37.8228,0 -120.33436,37.82417,0 -120.33796,37.82583,0 -120.34053,37.82705,0 -120.34383,37.82853,0 -120.34725,37.83027,0 -120.35031,37.83123,0 -120.35323,37.83155,0 -120.35638,37.83273,0 -120.35913,37.83403,0 -120.36122,37.83573,0 -120.36348,37.83742,0 -120.36659,37.83893,0 -120.36935,37.83991,0 -120.37228,37.83991,0 -120.37525,37.83907,0 -120.37822,37.83936,0 -120.38025,37.84154,0 -120.38172,37.84373,0 -120.38437,37.84551,0 -120.38669,37.84721,0 -120.38901,37.84884,0 -120.39199,37.8499,0 -120.39484,37.85053,0 -120.39769,37.85027,0 -120.40112,37.85016,0 -120.40864,37.85095,0 -120.41165,37.85169,0 -120.41416,37.85307,0 -120.41783,37.85578,0 -120.4203,37.85766,0 -120.42318,37.85983,0 -120.42512,37.86163,0 -120.42844,37.86536,0 -120.43058,37.86776,0 -120.43142,37.87018,0 -120.43191,37.87252,0 -120.43415,37.87444,0 -120.43693,37.87548,0 -120.43969,37.87629,0 -120.44249,37.87689,0 -120.44572,37.8776,0 -120.44863,37.87767,0 -120.45279,37.87901,0 -120.45556,37.87992,0 -120.45896,37.87829,0 -120.46256,37.87926,0 -120.46575,37.87996,0 -120.46956,37.88045,0 -120.47576,37.88112,0 -120.47868,37.88166,0 -120.48106,37.88332,0 -120.48439,37.88587,0 -120.48615,37.88793,0 -120.48758,37.89001,0 -120.49045,37.89043,0 -120.49371,37.88897,0 -120.49639,37.88764,0 -120.49899,37.8856,0 -120.50113,37.88389,0 -120.50418,37.88215,0 -120.50611,37.8802,0 -120.50721,37.87746,0 -120.50847,37.87424,0 -120.50983,37.87076,0 -120.51111,37.8675,0 -120.51168,37.86511,0 -120.5119,37.86166,0 -120.51203,37.85907,0 -120.51,37.85373,0 -120.5089,37.85126,0 -120.50697,37.84695,0 -120.50715,37.84437,0 -120.50922,37.84268,0 -120.51447,37.84124,0 -120.51762,37.84103,0 -120.52474,37.84231,0 -120.52816,37.84291,0 -120.53193,37.84361,0 -120.53507,37.84375,0 -120.53831,37.84344,0 -120.54164,37.84343,0 -120.54452,37.84396,0 -120.5474,37.84485,0 -120.55067,37.84589,0 -120.55361,37.8467,0 -120.55665,37.84716,0 -120.56021,37.84727,0 -120.56422,37.84728,0 -120.5674,37.84743,0 -120.57041,37.84773,0 -120.5739,37.84826,0 -120.5772,37.8488,0 -120.58079,37.84937,0 -120.58365,37.84983,0 -120.58782,37.85051,0 -120.59106,37.85082,0 -120.59424,37.85055,0 -120.59728,37.84971,0 -120.60038,37.84846,0 -120.60313,37.84746,0 -120.60661,37.84681,0 -120.60957,37.84684,0 -120.61365,37.84595,0 -120.61702,37.84484,0 -120.61989,37.84358,0 -120.62238,37.84221,0 -120.62491,37.84063,0 -120.62662,37.83811,0 -120.62766,37.83585,0 -120.62878,37.83351,0 -120.63097,37.83141,0 -120.63335,37.82977,0 -120.63649,37.82699,0 -120.63884,37.82469,0 -120.64101,37.82295,0 -120.64378,37.82183,0 -120.64713,37.82114,0 -120.64989,37.82031,0 -120.65381,37.81673,0 -120.656,37.81509,0 -120.65947,37.81348,0 -120.6618,37.81208,0 -120.66407,37.8102,0 -120.66673,37.80813,0 -120.66932,37.80664,0 -120.67199,37.80517,0 -120.67483,37.80367,0 -120.67773,37.80327,0 -120.68086,37.80437,0 -120.6841,37.80607,0 -120.68688,37.8068,0 -120.6899,37.8069,0 -120.69318,37.80772,0 -120.69641,37.80731,0 -120.69909,37.80614,0 -120.70325,37.80474,0 -120.70627,37.80457,0 -120.70883,37.80558,0 -120.71213,37.80672,0 -120.715,37.80612,0 -120.71753,37.80408,0 -120.7195,37.80205,0 -120.72157,37.79927,0 -120.72319,37.79724,0 -120.72454,37.79515,0 -120.72528,37.79292,0 -120.72685,37.79021,0 -120.72874,37.78812,0 -120.73201,37.78707,0 -120.73543,37.7863,0 -120.74074,37.785,0 -120.74537,37.78393,0 -120.7495,37.78292,0 -120.75551,37.78145,0 -120.7584,37.78075,0 -120.76385,37.7794,0 -120.76691,37.77864,0 -120.77104,37.77762,0 -120.77387,37.77694,0 -120.77692,37.77655,0 -120.78119,37.77651,0 -120.78413,37.7765,0 -120.78815,37.77649,0 -120.79154,37.77648,0 -120.79524,37.77647,0 -120.79918,37.77643,0 -120.80254,37.77642,0 -120.80718,37.77642,0 -120.81105,37.7764,0 -120.81411,37.7764,0 -120.81707,37.77612,0 -120.82016,37.77546,0 -120.8232,37.77492,0 -120.82628,37.77442,0 -120.82896,37.7736,0 -120.83213,37.77229,0 -120.83474,37.77126,0 -120.83738,37.77021,0 -120.84014,37.76913,0 -120.84281,37.76832,0 -120.84565,37.76724,0 -120.84828,37.7685,0 -120.84966,37.77057,0 -120.85103,37.77256,0 -120.852,37.77489,0 -120.8539,37.77838,0 -120.85504,37.78057,0 -120.85659,37.78253,0 -120.85915,37.78463,0 -120.86391,37.7886,0 -120.86642,37.79016,0 -120.86909,37.79101,0 -120.87447,37.7913,0 -120.88459,37.79146,0 -120.88907,37.79152,0 -120.89555,37.79211,0 -120.89974,37.79255,0 -120.90341,37.79291,0 -120.90716,37.79314,0 -120.91325,37.79328,0 -120.91726,37.79331,0 -120.92031,37.7935,0 -120.9233,37.79357,0 -120.92811,37.79363,0 -120.93251,37.79368,0 -120.93707,37.79372,0 -120.94112,37.79377,0 -120.95078,37.79388,0 -120.95892,37.79398,0 -120.96874,37.79409,0 -120.97289,37.79414,0 -120.97682,37.79417,0 -120.98007,37.7942,0 -120.98302,37.79422,0 -120.98589,37.79426,0 -120.98899,37.79427,0 -120.99189,37.7962,0 -120.99474,37.79667,0 -120.99728,37.7977,0 -121.00033,37.7986,0 -121.00407,37.79858,0 -121.01309,37.79859,0 -121.01631,37.79855,0 -121.01926,37.79856,0 -121.02891,37.7986,0 -121.03378,37.79863,0 -121.03673,37.79861,0 -121.04292,37.79855,0 -121.04616,37.79853,0 -121.04966,37.79852,0 -121.05486,37.79845,0 -121.05808,37.79841,0 -121.06128,37.79836,0 -121.06532,37.79833,0 -121.07041,37.79829,0 -121.07334,37.79824,0 -121.07913,37.79819,0 -121.08229,37.79817,0 -121.08871,37.79812,0 -121.09225,37.79808,0 -121.09555,37.79805,0 -121.09865,37.79801,0 -121.10588,37.79796,0 -121.10967,37.79794,0 -121.11412,37.79789,0 -121.11939,37.79784,0 -121.12439,37.7978,0 -121.12979,37.79774,0 -121.13321,37.79771,0 -121.13828,37.79764,0 -121.14299,37.79767,0 -121.14655,37.79765,0 -121.14963,37.79762,0 -121.15411,37.79759,0 -121.15772,37.79758,0 -121.16151,37.79758,0 -121.16602,37.79757,0 -121.16927,37.79758,0 -121.1733,37.79756,0 -121.17652,37.79756,0 -121.17967,37.79756,0 -121.18287,37.79755,0 -121.18591,37.79756,0 -121.18892,37.79752,0 -121.19179,37.7976,0 -121.19093,37.79516,0 -121.19013,37.79265,0 -121.18957,37.78952,0 -121.18937,37.78682,0 -121.19048,37.78449,0 -121.19326,37.78352,0 -121.19731,37.78352,0 -121.20041,37.78353,0 -121.2074,37.78353,0 -121.22156,37.78351,0 -121.22754,37.78349,0 -121.24178,37.78344,0 -121.24632,37.78343,0 -121.25772,37.78335,0 -121.26074,37.78333,0 -121.26375,37.78349,0 -121.26802,37.78444,0 -121.2708,37.78517,0 -121.27555,37.78643,0 -121.27873,37.78727,0 -121.28311,37.78841,0 -121.28688,37.7894,0 -121.28992,37.79013,0 -121.29289,37.79042,0 -121.29591,37.79024,0 -121.30092,37.78905,0 -121.30351,37.78793,0 -121.30594,37.78617,0 -121.30877,37.78411,0 -121.31095,37.78265,0 -121.31458,37.77994,0 -121.31861,37.777,0 -121.32585,37.77174,0 -121.32845,37.76984,0 -121.3308,37.76847,0 -121.33343,37.76737,0 -121.33634,37.76688,0 -121.34375,37.76616,0 -121.34845,37.7657,0 -121.35129,37.76542,0 -121.35418,37.76515,0 -121.35866,37.76509,0 -121.37174,37.76506,0 -121.38803,37.76503,0 -121.39648,37.76501,0 -121.40868,37.76498,0 -121.41153,37.76485,0 -121.41447,37.76443,0 -121.41885,37.76378,0 -121.42179,37.76334,0 -121.42476,37.76309,0 -121.42895,37.76308,0 -121.4348,37.76307,0 -121.43781,37.76306,0 -121.44078,37.7628,0 -121.4438,37.7621,0 -121.44694,37.76089,0 -121.45317,37.75834,0 -121.45848,37.75617,0 -121.463,37.75433,0 -121.46676,37.75278,0 -121.47,37.75145,0 -121.47553,37.74919,0 -121.48625,37.7448,0 -121.49231,37.74232,0 -121.49522,37.74134,0 -121.4981,37.74081,0 -121.50107,37.74066,0 -121.50666,37.74096,0 -121.51196,37.74133,0 -121.52362,37.74205,0 -121.53933,37.74302,0 -121.54842,37.74361,0 -121.55139,37.74363,0 -121.5546,37.74339,0 -121.55947,37.74302,0 -121.56378,37.74279,0 -121.56722,37.74258,0 -121.57217,37.74213,0 -121.57853,37.74159,0 -121.58542,37.74059,0 -121.58858,37.74012,0 -121.59825,37.73858,0 -121.6016,37.73828,0 -121.60469,37.73816,0 -121.60845,37.73791,0 -121.61532,37.73683,0 -121.62091,37.73586,0 -121.62432,37.73527,0 -121.62791,37.73464,0 -121.63104,37.73352,0 -121.63318,37.73169,0 -121.6349,37.72939,0 -121.63742,37.72742,0 -121.64019,37.72642,0 -121.64419,37.726,0 -121.64724,37.72523,0 -121.65245,37.72299,0 -121.6558,37.72143,0 -121.65878,37.72008,0 -121.66411,37.71836,0 -121.66737,37.71805,0 -121.67051,37.71878,0 -121.67315,37.72035,0 -121.67606,37.7215,0 -121.67964,37.72191,0 -121.6829,37.72173,0 -121.69173,37.71993,0 -121.69552,37.71917,0 -121.70069,37.71812,0 -121.70426,37.71733,0 -121.70763,37.71607,0 -121.71065,37.71477,0 -121.71552,37.71264,0 -121.71888,37.71126,0 -121.7214,37.71017,0 -121.72857,37.70718,0 -121.73336,37.70511,0 -121.73626,37.70389,0 -121.73899,37.70299,0 -121.74256,37.70249,0 -121.74989,37.70271,0 -121.75532,37.70295,0 -121.75837,37.70304,0 -121.76146,37.70291,0 -121.76427,37.70255,0 -121.77017,37.70161,0 -121.77355,37.701,0 -121.7772,37.70055,0 -121.78268,37.70002,0 -121.78635,37.69969,0 -121.78937,37.69981,0 -121.79348,37.70068,0 -121.79665,37.7009,0 -121.7996,37.70093,0 -121.8037,37.701,0 -121.80844,37.70104,0 -121.81293,37.70108,0 -121.81955,37.70115,0 -121.8252,37.70121,0 -121.83295,37.70126,0 -121.83675,37.70129,0 -121.84492,37.70137,0 -121.84905,37.70139,0 -121.85627,37.70146,0 -121.86767,37.70158,0 -121.87324,37.70162,0 -121.87628,37.70165,0 -121.87919,37.70166,0 -121.8835,37.70173,0 -121.88783,37.70177,0 -121.89068,37.70181,0 -121.89409,37.70182,0 -121.89823,37.7019,0 -121.90168,37.70191,0 -121.90468,37.7019,0 -121.90897,37.70195,0 -121.9155,37.70203,0 -121.91874,37.7019,0 -121.92177,37.70128,0 -121.92546,37.70056,0 -121.92963,37.69961,0 -121.93279,37.69884,0 -121.93578,37.69847,0 -121.9409,37.6985,0 -121.94576,37.69855,0 -121.95219,37.6986,0 -121.95673,37.69863,0 -121.95962,37.6984,0 -121.96246,37.69789,0 -121.96532,37.69753,0 -121.96822,37.69742,0 -121.97114,37.69754,0 -121.97404,37.69792,0 -121.97807,37.6986,0 -121.98101,37.69911,0 -121.9839,37.69953,0 -121.98698,37.69989,0 -121.98972,37.70067,0 -121.99229,37.70179,0 -121.99496,37.70276,0 -121.99777,37.7034,0 -122.00068,37.7037,0 -122.01509,37.70311,0 -122.01797,37.70263,0 -122.02067,37.70166,0 -122.0235,37.70107,0 -122.02644,37.70113,0 -122.02954,37.70187,0 -122.03241,37.70232,0 -122.03528,37.70214,0 -122.03808,37.70133,0 -122.04045,37.69996,0 -122.04287,37.69778,0 -122.04475,37.69606,0 -122.04712,37.69461,0 -122.04984,37.69378,0 -122.05274,37.69358,0 -122.05563,37.69388,0 -122.05855,37.69385,0 -122.06333,37.69267,0 -122.06624,37.69186,0 -122.06905,37.69125,0 -122.07194,37.69098,0 -122.07876,37.69091,0 -122.08197,37.69089,0 -122.08507,37.69087,0 -122.08881,37.69084,0 -122.09198,37.69078,0 -122.09505,37.69072,0 -122.09801,37.69091,0 -122.10062,37.69197,0 -122.10287,37.69405,0 -122.10599,37.69754,0 -122.10767,37.69942,0 -122.10974,37.70111,0 -122.11275,37.70296,0 -122.11541,37.70459,0 -122.11859,37.70619,0 -122.12117,37.70745,0 -122.1239,37.70958,0 -122.12769,37.71172,0 -122.13,37.71336,0 -122.13159,37.71547,0 -122.13276,37.71786,0 -122.13402,37.72013,0 -122.13578,37.72251,0 -122.13725,37.72465,0 -122.138,37.72795,0 -122.13863,37.73054,0 -122.13932,37.73302,0 -122.13999,37.73594,0 -122.14127,37.73821,0 -122.1433,37.73985,0 -122.14513,37.74206,0 -122.14733,37.74399,0 -122.14918,37.74583,0 -122.15046,37.74838,0 -122.15155,37.75068,0 -122.15148,37.753,0 -122.14919,37.7557,0 -122.14781,37.75791,0 -122.14801,37.76017,0 -122.14992,37.76335,0 -122.1516,37.76548,0 -122.15367,37.7687,0 -122.1552,37.77089,0 -122.15729,37.7728,0 -122.16164,37.77524,0 -122.16422,37.7765,0 -122.16797,37.7782,0 -122.17289,37.78074,0 -122.17609,37.78265,0 -122.17859,37.78385,0 -122.18323,37.78415,0 -122.18642,37.78426,0 -122.18926,37.78455,0 -122.19221,37.78527,0 -122.19482,37.78634,0 -122.19854,37.7882,0 -122.20082,37.7897,0 -122.20359,37.79263,0 -122.20562,37.79428,0 -122.21009,37.79644,0 -122.2153,37.79798,0 -122.21848,37.79877,0 -122.2216,37.79949,0 -122.22454,37.80011,0 -122.22739,37.80069,0 -122.23001,37.80176,0 -122.23267,37.80385,0 -122.23488,37.80532,0 -122.23734,37.80652,0 -122.24015,37.80782,0 -122.24279,37.80881,0 -122.24612,37.80974,0 -122.24892,37.81069,0 -122.25096,37.81469,0 -122.25186,37.81706,0 -122.25372,37.81904,0 -122.25601,37.82055,0 -122.25871,37.82187,0 -122.26155,37.82287,0 -122.2649,37.82359,0 -122.26767,37.82423,0 -122.27199,37.82525,0 -122.27496,37.82596,0 -122.27811,37.82672,0 -122.28097,37.82739,0 -122.28384,37.82747,0 -122.28671,37.82677,0 -122.28963,37.8267,0 -122.29221,37.82785,0 -122.29511,37.82782,0 -122.29787,37.82692,0 -122.30082,37.82633,0 -122.30422,37.82561,0 -122.3071,37.82511,0 -122.31002,37.82487,0 -122.31288,37.82462,0 -122.31575,37.8242,0 -122.31854,37.82367,0 -122.32124,37.82286,0 -122.32409,37.82247,0 -122.32765,37.8222,0 -122.3308,37.82191,0 -122.33369,37.82155,0 -122.34152,37.8204,0 -122.3498,37.81919,0 -122.35264,37.81854,0 -122.35523,37.81737,0 -122.36031,37.81447,0 -122.36241,37.81285,0 -122.36417,37.811,0 -122.36632,37.80898,0 -122.3778,37.79827,0 -122.3904,37.7865,0 -122.39267,37.78503,0 -122.39536,37.78317,0 -122.39792,37.78121,0 -122.40004,37.77959,0 -122.40221,37.7779,0 -122.40451,37.77648,0 -122.40649,37.77473,0 -122.40671,37.77242,0 -122.40576,37.77023,0 -122.4053,37.76666,0 -122.40511,37.76439,0 -122.40589,37.76213,0 -122.4064,37.75983,0 -122.40469,37.75792,0 -122.4033,37.7559,0 -122.40305,37.75328,0 -122.40367,37.75052,0 -122.40393,37.74825,0 -122.40438,37.74603,0 -122.40487,37.74377,0 -122.40319,37.74189,0 -122.40064,37.74045,0 -122.39792,37.73891,0 -122.39516,37.73733,0 -122.39232,37.73572,0 -122.3897,37.73423,0 -122.38674,37.73253,0 -122.38597,37.73023,0 -122.38755,37.72829,0 -122.38926,37.72643,0 -122.39095,37.72455,0 -122.39263,37.72267,0 -122.39431,37.7208,0 -122.39862,37.71976,0 -122.39963,37.71758,0 -122.39858,37.71547,0 -122.39697,37.71359,0 -122.39581,37.7114,0 -122.39523,37.70891,0 -122.3947,37.70638,0 -122.39409,37.70367,0 -122.39345,37.70083,0 -122.39281,37.69799,0 -122.39208,37.69476,0 -122.39116,37.69064,0 -122.38941,37.6829,0 -122.38879,37.68032,0 -122.3885,37.67799,0 -122.38902,37.67569,0 -122.39013,37.67345,0 -122.39154,37.67138,0 -122.39331,37.66937,0 -122.39534,37.66726,0 -122.39717,37.66538,0 -122.3993,37.66373,0 -122.40264,37.66159,0 -122.40459,37.65992,0 -122.40636,37.65681,0 -122.40709,37.65449,0 -122.40703,37.65185,0 -122.40677,37.64892,0 -122.40637,37.64403,0 -122.40617,37.64175,0 -122.40554,37.63942,0 -122.40432,37.63694,0 -122.40343,37.63477,0 -122.40291,37.63176,0 -122.40264,37.6294,0 -122.40217,37.62708,0 -122.40121,37.62415,0 -122.40034,37.62158,0 -122.39895,37.61747,0 -122.39802,37.61525,0 -122.39646,37.61321,0 -122.39446,37.61153,0 -122.3921,37.61003,0 -122.38933,37.60822,0 -122.38556,37.60579,0 -122.38187,37.6034,0 -122.37853,37.60121,0 -122.37547,37.59921,0 -122.37316,37.59772,0 -122.36882,37.59489,0 -122.36538,37.59265,0 -122.36098,37.58976,0 -122.35858,37.58843,0 -122.35584,37.58755,0 -122.35291,37.58715,0 -122.34852,37.58703,0 -122.34216,37.58687,0 -122.33835,37.58677,0 -122.3348,37.58668,0 -122.33197,37.58631,0 -122.32953,37.58502,0 -122.326,37.58177,0 -122.32297,37.579,0 -122.32006,37.57631,0 -122.31619,37.57273,0 -122.31082,37.56781,0 -122.30735,37.5646,0 -122.30404,37.56144,0 -122.30157,37.559,0 -122.29979,37.55709,0 -122.29782,37.55497,0 -122.29559,37.55265,0 -122.29366,37.55057,0 -122.29102,37.54767,0 -122.2884,37.54494,0 -122.28617,37.54251,0 -122.28189,37.53786,0 -122.27851,37.5342,0 -122.27644,37.53196,0 -122.27434,37.52987,0 -122.26985,37.52592,0 -122.26664,37.52309,0 -122.26461,37.5213,0 -122.26263,37.51954,0 -122.25959,37.51682,0 -122.25659,37.51421,0 -122.25413,37.51203,0 -122.25218,37.51031,0 -122.24772,37.50634,0 -122.24495,37.5039,0 -122.24298,37.50216,0 -122.24049,37.49995,0 -122.23818,37.49818,0 -122.23556,37.49697,0 -122.23191,37.49591,0 -122.22897,37.49507,0 -122.22614,37.49424,0 -122.22346,37.49324,0 -122.21902,37.49127,0 -122.21626,37.49005,0 -122.2136,37.48907,0 -122.2109,37.48832,0 -122.20801,37.48774,0 -122.19052,37.48555,0 -122.18756,37.48513,0 -122.18404,37.48433,0 -122.18095,37.48334,0 -122.1784,37.48225,0 -122.17114,37.47808,0 -122.1664,37.47533,0 -122.15956,37.4713,0 -122.15392,37.46798,0 -122.1509,37.46621,0 -122.14701,37.46393,0 -122.14429,37.4623,0 -122.1401,37.45967,0 -122.14195,37.45772,0 -122.14502,37.45616,0 -122.14693,37.45438,0 -122.14693,37.45196,0 -122.14695,37.4496,0 -122.14808,37.4473,0 -122.14985,37.44552,0 -122.15168,37.44367,0 -122.15407,37.44126,0 -122.15435,37.43898,0 -122.15722,37.43801,0 -122.16002,37.43735,0 -122.16255,37.43621,0 -122.16335,37.434,0 -122.16415,37.43177,0 -122.16485,37.42952,0 -122.16786,37.42858,0 -122.16894,37.42617,0 -122.16816,37.42851,0 -122.16536,37.42806,0 -122.1645,37.43055,0 -122.16196,37.42947,0 -122.15987,37.4279,0 -122.1601,37.42549,0 -122.16309,37.42481,0 -122.16539,37.42665,0 -122.16309,37.42481,0 -122.16089,37.42335,0 -122.16359,37.42249,0 -122.16643,37.42255,0 -122.16868,37.42397,0 -122.16798,37.4217,0 -122.17002,37.4199,0 -122.17289,37.4191,0 -122.17609,37.41983,0 -122.18096,37.42159,0 -122.18398,37.42205,0 -122.18673,37.42274,0 -122.18948,37.42409,0 -122.19186,37.4254,0 -122.1946,37.4244,0 -122.19694,37.4229,0 -122.19957,37.42198,0 -122.20302,37.4215,0 -122.20629,37.42115,0 -122.20923,37.42062,0 -122.21345,37.4205,0 -122.2165,37.42022,0 -122.21937,37.4202,0 -122.22237,37.42028,0 -122.2258,37.42233,0 -122.22922,37.42469,0 -122.23244,37.42726,0 -122.23528,37.4293,0 -122.23773,37.43098,0 -122.24283,37.43517,0 -122.24631,37.4381,0 -122.24883,37.44011,0 -122.25128,37.44199,0 -122.25362,37.44332,0 -122.25631,37.4441,0 -122.25952,37.44423,0 -122.26288,37.44396,0 -122.266,37.4439,0 -122.26881,37.44442,0 -122.27134,37.44547,0 -122.27599,37.44864,0 -122.28017,37.45143,0 -122.2869,37.45585,0 -122.28881,37.45752,0 -122.29009,37.45955,0 -122.29062,37.46205,0 -122.29073,37.46448,0 -122.29134,37.4669,0 -122.29252,37.46901,0 -122.29551,37.47217,0 -122.29742,37.47408,0 -122.29875,37.47634,0 -122.29919,37.4788,0 -122.29874,37.48214,0 -122.29827,37.48498,0 -122.29812,37.48745,0 -122.29882,37.48984,0 -122.30035,37.49198,0 -122.30258,37.49369,0 -122.30532,37.4948,0 -122.30845,37.49557,0 -122.31136,37.49638,0 -122.31405,37.49757,0 -122.31656,37.49896,0 -122.31926,37.50016,0 -122.32215,37.50079,0 -122.32528,37.50098,0 -122.32819,37.5014,0 -122.33083,37.50246,0 -122.33417,37.50448,0 -122.33664,37.50597,0 -122.33896,37.50738,0 -122.34135,37.50884,0 -122.34362,37.51038,0 -122.34748,37.51367,0 -122.35172,37.51738,0 -122.35384,37.51969,0 -122.35567,37.52288,0 -122.35824,37.52606,0 -122.3595,37.52809,0 -122.36141,37.53258,0 -122.36235,37.53475,0 -122.36574,37.54061,0 -122.36723,37.54266,0 -122.37005,37.54548,0 -122.37209,37.54745,0 -122.37511,37.55038,0 -122.37691,37.55227,0 -122.37842,37.55431,0 -122.38043,37.55735,0 -122.38202,37.55935,0 -122.38718,37.5645,0 -122.38946,37.566,0 -122.3922,37.56697,0 -122.39444,37.56836,0 -122.39919,37.57329,0 -122.40057,37.57538,0 -122.40174,37.57814,0 -122.40303,37.58026,0 -122.40483,37.58262,0 -122.40657,37.58454,0 -122.40959,37.58678,0 -122.41231,37.5892,0 -122.41651,37.59346,0 -122.41865,37.59564,0 -122.42063,37.59742,0 -122.42352,37.59977,0 -122.42559,37.60147,0 -122.4272,37.60345,0 -122.42793,37.60574,0 -122.42773,37.6081,0 -122.42687,37.61037,0 -122.42518,37.61293,0 -122.42416,37.61514,0 -122.42419,37.61745,0 -122.42622,37.62113,0 -122.42805,37.62397,0 -122.42949,37.62599,0 -122.43128,37.62775,0 -122.43346,37.62939,0 -122.43562,37.63105,0 -122.43754,37.63285,0 -122.43938,37.63616,0 -122.44063,37.63827,0 -122.44321,37.64123,0 -122.44525,37.64295,0 -122.44772,37.6443,0 -122.44978,37.64603,0 -122.45252,37.65053,0 -122.45416,37.65246,0 -122.4631,37.65943,0 -122.46487,37.66131,0 -122.46549,37.66357,0 -122.46552,37.66719,0 -122.46585,37.66954,0 -122.46678,37.67176,0 -122.46845,37.67403,0 -122.47046,37.67648,0 -122.47153,37.67869,0 -122.47141,37.6834,0 -122.47125,37.68586,0 -122.47058,37.6885,0 -122.47028,37.69219,0 -122.47031,37.6945,0 -122.47099,37.6969,0 -122.47142,37.70061,0 -122.47153,37.70303,0 -122.4714,37.70538,0 -122.4711,37.70774,0 -122.47105,37.71017,0 -122.47116,37.71246,0 -122.47169,37.71474,0 -122.47243,37.71691,0 -122.47472,37.71955,0 -122.47505,37.72214,0 -122.47491,37.72492,0 -122.47476,37.72719,0 -122.4747,37.72955,0 -122.4749,37.73214,0 -122.47506,37.73446,0 -122.47524,37.73733,0 -122.4755,37.74111,0 -122.47573,37.74484,0 -122.47599,37.7485,0 -122.47625,37.75229,0 -122.47651,37.75601,0 -122.47674,37.75932,0 -122.47697,37.76158,0 -122.47716,37.7639,0 -122.47733,37.76615,0 -122.47829,37.76869,0 -122.47926,37.77092,0 -122.47667,37.77235,0 -122.47377,37.77241,0 -122.47185,37.77492,0 -122.47201,37.77724,0 -122.47225,37.78051,0 -122.47253,37.78436,0 -122.47251,37.78672,0 -122.47116,37.78923,0 -122.4698,37.7913,0 -122.46951,37.79616,0 -122.46945,37.79925,0 -122.4694,37.80187,0 -122.47026,37.80405,0 -122.47289,37.80503,0 -122.47485,37.80678,0 -122.47679,37.80847,0 -122.47975,37.83032,0 -122.48085,37.83245,0 -122.48351,37.83422,0 -122.48334,37.83649,0 -122.483,37.83874,0 -122.47952,37.83985,0 -122.47766,37.8416,0 -122.47814,37.84392,0 -122.47814,37.84617,0 -122.48078,37.84709,0 -122.48076,37.84945,0 -122.47898,37.8515,0 -122.47895,37.85455,0 -122.48007,37.85666,0 -122.48228,37.85818,0 -122.48538,37.85862,0 -122.48433,37.85611,0 -122.48241,37.85425,0 -122.48545,37.85371,0 -122.48844,37.85325,0 -122.49098,37.85219,0 -122.48984,37.85009,0 -122.48861,37.84803,0 -122.48673,37.84627,0 -122.48592,37.84319,0 -122.48649,37.84086,0 -122.48675,37.8386,0 -122.48534,37.83652,0 -122.48401,37.83439,0 -122.48172,37.83287,0 -122.47997,37.83098,0 -122.47743,37.80963,0 -122.47626,37.80757,0 -122.47733,37.80968,0 -122.47853,37.81991,0 -122.47975,37.83032,0 -122.48085,37.83245,0 -122.48351,37.83422,0 -122.48136,37.83258,0 -122.47988,37.83058,0 -122.47743,37.80963,0 -122.47613,37.80757,0 -122.47424,37.80586,0 -122.47195,37.80401,0 -122.4697,37.80259,0 -122.46952,37.80012,0 -122.46957,37.79731,0 -122.46966,37.79259,0 -122.47065,37.79006,0 -122.4721,37.78807,0 -122.47276,37.78583,0 -122.47254,37.78269,0 -122.47237,37.78024,0 -122.47213,37.77698,0 -122.47192,37.77402,0 -122.47432,37.77258,0 -122.47812,37.77238,0 -122.4787,37.76966,0 -122.47816,37.76742,0 -122.47737,37.76512,0 -122.4772,37.76263,0 -122.47694,37.7603,0 -122.47677,37.75798,0 -122.47652,37.7545,0 -122.47636,37.75209,0 -122.47613,37.74891,0 -122.47597,37.74649,0 -122.47576,37.74358,0 -122.47563,37.74128,0 -122.47548,37.73902,0 -122.47536,37.73667,0 -122.47517,37.73436,0 -122.47496,37.73127,0 -122.47493,37.72899,0 -122.47505,37.72665,0 -122.47519,37.72413,0 -122.47532,37.72183,0 -122.47491,37.71944,0 -122.47295,37.71738,0 -122.47196,37.71495,0 -122.47136,37.71267,0 -122.46845,37.71239,0 -122.47043,37.71016,0 -122.47176,37.70812,0 -122.47192,37.70575,0 -122.47241,37.70347,0 -122.47185,37.69995,0 -122.47154,37.69761,0 -122.4708,37.69542,0 -122.4706,37.69056,0 -122.47128,37.68742,0 -122.4717,37.68349,0 -122.4718,37.68115,0 -122.47181,37.67882,0 -122.47085,37.6766,0 -122.46889,37.6742,0 -122.46742,37.67214,0 -122.46634,37.6699,0 -122.4659,37.66734,0 -122.46587,37.66387,0 -122.46541,37.66159,0 -122.46385,37.6596,0 -122.45461,37.6524,0 -122.45293,37.65054,0 -122.45043,37.64638,0 -122.44871,37.64454,0 -122.44628,37.64318,0 -122.44412,37.64169,0 -122.44222,37.63967,0 -122.4405,37.63773,0 -122.43886,37.63452,0 -122.43752,37.63248,0 -122.43455,37.62995,0 -122.43257,37.62799,0 -122.42975,37.62744,0 -122.42668,37.62934,0 -122.42364,37.63072,0 -122.42095,37.63202,0 -122.4177,37.63349,0 -122.41459,37.63418,0 -122.41118,37.63381,0 -122.40816,37.63361,0 -122.40517,37.63372,0 -122.40327,37.63204,0 -122.40285,37.62932,0 -122.40231,37.62679,0 -122.40135,37.62429,0 -122.40034,37.62158,0 -122.39895,37.61747,0 -122.39802,37.61525,0 -122.39646,37.61321,0 -122.39446,37.61153,0 -122.3921,37.61003,0 -122.38933,37.60822,0 -122.38556,37.60579,0 -122.38187,37.6034,0 -122.37853,37.60121,0 -122.37547,37.59921,0 -122.37316,37.59772,0 -122.36882,37.59489,0 -122.36538,37.59265,0 -122.36098,37.58976,0 -122.35858,37.58843,0 -122.35584,37.58755,0 -122.35291,37.58715,0 -122.34852,37.58703,0 -122.34216,37.58687,0 -122.33835,37.58677,0 -122.3348,37.58668,0 -122.33197,37.58631,0 -122.32953,37.58502,0 -122.326,37.58177,0 -122.32297,37.579,0 -122.32006,37.57631,0 -122.31619,37.57273,0 -122.31082,37.56781,0 -122.30735,37.5646,0 -122.30404,37.56144,0 -122.30157,37.559,0 -122.29979,37.55709,0 -122.29782,37.55497,0 -122.29559,37.55265,0 -122.29366,37.55057,0 -122.29102,37.54767,0 -122.2884,37.54494,0 -122.28617,37.54251,0 -122.28189,37.53786,0 -122.27851,37.5342,0 -122.27644,37.53196,0 -122.27434,37.52987,0 -122.26985,37.52592,0 -122.26664,37.52309,0 -122.26461,37.5213,0 -122.26263,37.51954,0 -122.25959,37.51682,0 -122.25659,37.51421,0 -122.25413,37.51203,0 -122.25218,37.51031,0 -122.24772,37.50634,0 -122.24495,37.5039,0 -122.24298,37.50216,0 -122.24049,37.49995,0 -122.23818,37.49818,0 -122.23556,37.49697,0 -122.23191,37.49591,0 -122.22897,37.49507,0 -122.22614,37.49424,0 -122.22346,37.49324,0 -122.21902,37.49127,0 -122.21626,37.49005,0 -122.2136,37.48907,0 -122.2109,37.48832,0 -122.20801,37.48774,0 -122.19052,37.48555,0 -122.18756,37.48513,0 -122.18404,37.48433,0 -122.18095,37.48334,0 -122.1784,37.48225,0 -122.17114,37.47808,0 -122.1664,37.47533,0 -122.15956,37.4713,0 -122.15392,37.46798,0 -122.1509,37.46621,0 -122.14701,37.46393,0 -122.14429,37.4623,0 -122.14159,37.46075,0 -122.13725,37.4582,0 -122.12802,37.45278,0 -122.12583,37.45132,0 -122.12142,37.44721,0 -122.11897,37.44486,0 -122.1142,37.44033,0 -122.11061,37.43691,0 -122.10556,37.4321,0 -122.10264,37.42932,0 -122.0997,37.42651,0 -122.09753,37.42457,0 -122.09264,37.42097,0 -122.0913,37.423,0 -122.08889,37.42166,0 -122.08618,37.42097,0 -122.08536,37.4188,0 -122.08293,37.41763,0 -122.0829,37.42022,0 -122.0809,37.42195,0 -122.07828,37.42051,0 -122.07805,37.41817,0 -122.07817,37.41587,0 -122.07815,37.41358,0 -122.07823,37.41125,0 -122.07515,37.41037,0 -122.07204,37.40901,0 -122.0701,37.40722,0 -122.06997,37.40465,0 -122.06998,37.40239,0 -122.06987,37.39992,0 -122.0692,37.39739,0 -122.06861,37.39502,0 -122.06851,37.39269,0 -122.06882,37.38912,0 -122.06846,37.38455,0 -122.0678,37.37853,0 -122.06796,37.37555,0 -122.06772,37.3733,0 -122.06557,37.3696,0 -122.06377,37.36665,0 -122.063,37.3644,0 -122.06305,37.35967,0 -122.0628,37.35735,0 -122.06213,37.35515,0 -122.06096,37.35281,0 -122.06019,37.35039,0 -122.05997,37.34647,0 -122.05994,37.34312,0 -122.05995,37.33922,0 -122.05963,37.33692,0 -122.05863,37.33372,0 -122.05676,37.33178,0 -122.05389,37.33151,0 -122.05138,37.3328,0 -122.04843,37.33387,0 -122.04551,37.33418,0 -122.04256,37.33423,0 -122.03703,37.33424,0 -122.02859,37.33429,0 -122.02563,37.3343,0 -122.02265,37.33407,0 -122.0197,37.3332,0 -122.01729,37.33199,0 -122.01562,37.3301,0 -122.01424,37.33274,0 -122.01327,37.33489,0 -122.01133,37.33316,0 -122.01199,37.33096,0 -122.00965,37.32952,0 -122.00685,37.32993,0 -122.00584,37.33215,0 -122.00537,37.33485,0 -122.00538,37.33716,0 -122.00258,37.33777,0 -121.99975,37.33772,0 -121.9967,37.33773,0 -121.99369,37.33782,0 -121.99072,37.33782,0 -121.98769,37.33785,0 -121.98483,37.33787,0 -121.98086,37.33789,0 -121.97794,37.33801,0 -121.97501,37.33893,0 -121.97233,37.33978,0 -121.96954,37.3406,0 -121.97007,37.343,0 -121.96871,37.34518,0 -121.96842,37.34809,0 -121.96846,37.35056,0 -121.9685,37.3584,0 -121.96835,37.36094,0 -121.96707,37.36295,0 -121.96546,37.36503,0 -121.96523,37.36821,0 -121.9624,37.36952,0 -121.95953,37.36953,0 -121.95951,37.3723,0 -121.9578,37.37429,0 -121.95469,37.37433,0 -121.95162,37.37431,0 -121.94621,37.37363,0 -121.94337,37.37359,0 -121.94202,37.37613,0 -121.94064,37.37831,0 -121.93845,37.38012,0 -121.93564,37.38206,0 -121.93254,37.38371,0 -121.92943,37.38515,0 -121.9266,37.38643,0 -121.92443,37.38802,0 -121.92237,37.38982,0 -121.91961,37.39222,0 -121.91761,37.39392,0 -121.91556,37.39568,0 -121.91337,37.39756,0 -121.90948,37.40097,0 -121.90935,37.40441,0 -121.91009,37.40673,0 -121.91079,37.40931,0 -121.91248,37.41428,0 -121.91324,37.41653,0 -121.91431,37.41968,0 -121.91588,37.42428,0 -121.91673,37.42676,0 -121.9177,37.42891,0 -121.91841,37.43124,0 -121.91878,37.4339,0 -121.91936,37.43722,0 -121.92015,37.4412,0 -121.92061,37.44345,0 -121.92152,37.44771,0 -121.92198,37.45009,0 -121.92264,37.4535,0 -121.92332,37.45682,0 -121.92405,37.45928,0 -121.92515,37.46153,0 -121.92824,37.46776,0 -121.92974,37.47077,0 -121.9321,37.47555,0 -121.93314,37.47765,0 -121.93461,37.48058,0 -121.93604,37.48284,0 -121.93782,37.4846,0 -121.94065,37.48677,0 -121.94357,37.48902,0 -121.94728,37.49187,0 -121.9497,37.49373,0 -121.95175,37.49529,0 -121.95414,37.49712,0 -121.9573,37.49956,0 -121.96324,37.50414,0 -121.96643,37.5067,0 -121.97071,37.51017,0 -121.97521,37.51379,0 -121.98223,37.51945,0 -121.98497,37.52125,0 -121.98861,37.52305,0 -121.9911,37.5243,0 -121.99663,37.52701,0 -121.99971,37.52855,0 -122.00347,37.53059,0 -122.00611,37.53205,0 -122.01282,37.53566,0 -122.01503,37.53708,0 -122.01714,37.53923,0 -122.02051,37.54377,0 -122.02357,37.54779,0 -122.02557,37.55046,0 -122.02729,37.55276,0 -122.02909,37.55488,0 -122.03491,37.56036,0 -122.03785,37.56308,0 -122.04149,37.56649,0 -122.04335,37.56827,0 -122.04497,37.57036,0 -122.04607,37.57263,0 -122.04701,37.57546,0 -122.04801,37.57827,0 -122.04879,37.58062,0 -122.04982,37.58298,0 -122.05107,37.58507,0 -122.05638,37.59252,0 -122.05836,37.59531,0 -122.06029,37.598,0 -122.06202,37.60049,0 -122.06439,37.60381,0 -122.06645,37.60664,0 -122.06823,37.60916,0 -122.07039,37.6122,0 -122.07211,37.6146,0 -122.07435,37.61772,0 -122.07609,37.6202,0 -122.08093,37.62697,0 -122.08429,37.63163,0 -122.08613,37.63427,0 -122.09019,37.63994,0 -122.09212,37.6426,0 -122.09353,37.64457,0 -122.095,37.64662,0 -122.0965,37.64873,0 -122.09861,37.65202,0 -122.10126,37.65628,0 -122.10367,37.66023,0 -122.10584,37.66371,0 -122.10733,37.66611,0 -122.10957,37.66969,0 -122.11104,37.67175,0 -122.11305,37.67357,0 -122.11515,37.6751,0 -122.11762,37.67693,0 -122.12003,37.67845,0 -122.12367,37.68095,0 -122.12765,37.68373,0 -122.12972,37.68552,0 -122.13001,37.6878,0 -122.13004,37.69046,0 -122.12987,37.69314,0 -122.12986,37.69598,0 -122.12992,37.69848,0 -122.12989,37.70088,0 -122.12997,37.70386,0 -122.12892,37.70608,0 -122.12646,37.70798,0 -122.1243,37.70972,0 -122.12652,37.71125,0 -122.129,37.71252,0 -122.13116,37.71477,0 -122.13241,37.71716,0 -122.13357,37.71939,0 -122.13502,37.72155,0 -122.13666,37.72365,0 -122.13766,37.72583,0 -122.13803,37.72815,0 -122.13863,37.73054,0 -122.13932,37.73302,0 -122.13999,37.73594,0 -122.14127,37.73821,0 -122.1433,37.73985,0 -122.14513,37.74206,0 -122.14733,37.74399,0 -122.14918,37.74583,0 -122.15046,37.74838,0 -122.15155,37.75068,0 -122.15148,37.753,0 -122.14919,37.7557,0 -122.14781,37.75791,0 -122.14801,37.76017,0 -122.14992,37.76335,0 -122.1516,37.76548,0 -122.15367,37.7687,0 -122.1552,37.77089,0 -122.15729,37.7728,0 -122.16164,37.77524,0 -122.16422,37.7765,0 -122.16797,37.7782,0 -122.17289,37.78074,0 -122.1753,37.78234,0 -122.17747,37.78402,0 -122.18012,37.78695,0 -122.1812,37.78908,0 -122.18086,37.79139,0 -122.18174,37.79385,0 -122.18485,37.79815,0 -122.18655,37.79999,0 -122.1889,37.80203,0 -122.19097,37.8041,0 -122.19403,37.80765,0 -122.19588,37.80938,0 -122.19817,37.81113,0 -122.20027,37.81311,0 -122.20227,37.81564,0 -122.20506,37.81909,0 -122.20778,37.82245,0 -122.20945,37.82448,0 -122.21223,37.82787,0 -122.21565,37.83138,0 -122.21749,37.83368,0 -122.21924,37.836,0 -122.2217,37.83814,0 -122.22449,37.84146,0 -122.22595,37.84343,0 -122.22745,37.84563,0 -122.22764,37.84794,0 -122.22962,37.84957,0 -122.23222,37.85058,0 -122.23392,37.8524,0 -122.23611,37.8539,0 -122.23849,37.85528,0 -122.24092,37.8565,0 -122.2432,37.85791,0 -122.2454,37.85947,0 -122.24597,37.86241,0 -122.249,37.86239,0 -122.25034,37.86453,0 -122.25162,37.86655,0 -122.25216,37.86892,0 -122.25265,37.87131,0 -122.25519,37.87249,0 -122.25795,37.87132,0 -122.25658,37.8734,0 -122.25387,37.87264,0 -122.25255,37.87045,0 -122.25208,37.86812,0 -122.25407,37.86649,0 -122.25377,37.86424,0 -122.25355,37.8619,0 -122.25324,37.85887,0 -122.25298,37.85614,0 -122.25275,37.85383,0 -122.2525,37.85135,0 -122.25351,37.84793,0 -122.25508,37.84598,0 -122.25679,37.84387,0 -122.25906,37.84239,0 -122.26175,37.84138,0 -122.26418,37.83999,0 -122.26556,37.8379,0 -122.26608,37.83542,0 -122.26674,37.83261,0 -122.26735,37.83015,0 -122.26794,37.82785,0 -122.26896,37.82567,0 -122.27187,37.82545,0 -122.27491,37.82608,0 -122.27811,37.82672,0 -122.28097,37.82739,0 -122.28384,37.82747,0 -122.28671,37.82677,0 -122.28963,37.8267,0 -122.29221,37.82785,0 -122.29511,37.82782,0 -122.29787,37.82692,0 -122.30082,37.82633,0 -122.30422,37.82561,0 -122.3071,37.82511,0 -122.31002,37.82487,0 -122.31288,37.82462,0 -122.31575,37.8242,0 -122.31854,37.82367,0 -122.32124,37.82286,0 -122.32409,37.82247,0 -122.32765,37.8222,0 -122.3308,37.82191,0 -122.33369,37.82155,0 -122.34152,37.8204,0 -122.3498,37.81919,0 -122.35264,37.81854,0 -122.35523,37.81737,0 -122.36031,37.81447,0 -122.36241,37.81285,0 -122.36417,37.811,0 -122.36632,37.80898,0 -122.3904,37.7865,0 -122.39282,37.78515,0 -122.39576,37.78626,0 -122.39441,37.78838,0 -122.39349,37.79055,0 -122.39549,37.79228,0 -122.39653,37.79455,0 -122.39546,37.79669,0 -122.3975,37.79918,0 -122.39912,37.80107,0 -122.40083,37.80298,0 -122.40272,37.80482,0 -122.40499,37.80635,0 -122.40765,37.80753,0 -122.41076,37.80831,0 -122.41199,37.80593,0 -122.41143,37.80312,0 -122.41257,37.80098,0 -122.41522,37.79969,0 -122.41825,37.79931,0 -122.41961,37.80189,0 -122.42278,37.80156,0 -122.42611,37.80117,0 -122.4294,37.80075,0 -122.43269,37.80033,0 -122.4359,37.79992,0 -122.43919,37.7995,0 -122.44242,37.79909,0 -122.44527,37.79916,0 -122.44756,37.80073,0 -122.44968,37.8023,0 -122.45214,37.80346,0 -122.45537,37.80318,0 -122.46005,37.80201,0 -122.46302,37.8018,0 -122.46711,37.80262,0 -122.46991,37.80335,0 -122.47237,37.80457,0 -122.47432,37.80622,0 -122.47622,37.80793,0 -122.47975,37.83032,0 -122.48085,37.83245,0 -122.48351,37.83422,0 -122.48334,37.83649,0 -122.48442,37.83865,0 -122.49325,37.84186,0 -122.49609,37.841,0 -122.49842,37.83942,0 -122.50071,37.8373,0 -122.49777,37.83588,0 -122.49602,37.83772,0 -122.49529,37.8355,0 -122.49376,37.83359,0 -122.49128,37.83246,0 -122.48839,37.83266,0 -122.48694,37.83066,0 -122.4844,37.8295,0 -122.48384,37.83174,0 -122.4841,37.8341,0 -122.48512,37.83647,0 -122.4865,37.83854,0 -122.4863,37.8408,0 -122.48549,37.84301,0 -122.48626,37.84596,0 -122.488,37.84783,0 -122.48954,37.84975,0 -122.49083,37.8518,0 -122.49282,37.85351,0 -122.49397,37.85567,0 -122.4971,37.85695,0 -122.49949,37.85826,0 -122.50137,37.86008,0 -122.50391,37.86136,0 -122.50595,37.86297,0 -122.50697,37.86516,0 -122.50709,37.87027,0 -122.50742,37.87259,0 -122.50884,37.87459,0 -122.51115,37.87641,0 -122.5134,37.87786,0 -122.51564,37.8794,0 -122.51656,37.88155,0 -122.51663,37.88649,0 -122.51665,37.88895,0 -122.51648,37.89166,0 -122.51614,37.89603,0 -122.51595,37.89847,0 -122.51573,37.9013,0 -122.51556,37.90361,0 -122.51516,37.9059,0 -122.51372,37.9093,0 -122.51282,37.9115,0 -122.51205,37.91374,0 -122.51132,37.91599,0 -122.51108,37.91835,0 -122.51168,37.92066,0 -122.51292,37.92298,0 -122.51411,37.92515,0 -122.51506,37.9274,0 -122.51593,37.9317,0 -122.5166,37.93521,0 -122.51665,37.93758,0 -122.51605,37.93985,0 -122.51508,37.94253,0 -122.51408,37.94465,0 -122.51154,37.94571,0 -122.50876,37.94626,0 -122.50674,37.94462,0 -122.50371,37.94419,0 -122.5014,37.94278,0 -122.49851,37.94256,0 -122.49699,37.94449,0 -122.49422,37.94569,0 -122.49136,37.94608,0 -122.48882,37.94496,0 -122.4848,37.94485,0 -122.48196,37.94431,0 -122.4795,37.94297,0 -122.47414,37.94186,0 -122.47083,37.94118,0 -122.46704,37.94027,0 -122.46282,37.93906,0 -122.45502,37.93662,0 -122.45223,37.93589,0 -122.4488,37.93536,0 -122.44452,37.93506,0 -122.43399,37.93435,0 -122.42282,37.9336,0 -122.40901,37.93268,0 -122.40536,37.93227,0 -122.40246,37.93193,0 -122.39948,37.93195,0 -122.3966,37.93256,0 -122.39375,37.93201,0 -122.39187,37.93026,0 -122.38908,37.92968,0 -122.38623,37.92916,0 -122.38383,37.93091,0 -122.38193,37.93291,0 -122.38013,37.93498,0 -122.37872,37.93707,0 -122.37704,37.93953,0 -122.37553,37.94168,0 -122.37217,37.94636,0 -122.37006,37.9482,0 -122.37085,37.95047,0 -122.37294,37.95224,0 -122.37351,37.95798,0 -122.37357,37.96317,0 -122.37355,37.96638,0 -122.37347,37.96869,0 -122.36877,37.97319,0 -122.36616,37.97418,0 -122.36316,37.97422,0 -122.35889,37.97636,0 -122.35271,37.98012,0 -122.35042,37.98148,0 -122.3469,37.9819,0 -122.34376,37.98232,0 -122.34175,37.98412,0 -122.33959,37.98707,0 -122.33814,37.98903,0 -122.33631,37.99087,0 -122.33325,37.99088,0 -122.33042,37.99,0 -122.32755,37.99005,0 -122.32446,37.99016,0 -122.32196,37.98886,0 -122.31943,37.98776,0 -122.31671,37.98683,0 -122.31373,37.98666,0 -122.31267,37.9888,0 -122.30995,37.99086,0 -122.3075,37.99205,0 -122.30475,37.99284,0 -122.30148,37.99335,0 -122.29807,37.99385,0 -122.29186,37.99468,0 -122.289,37.99539,0 -122.28631,37.99685,0 -122.28423,37.99884,0 -122.27677,38.00698,0 -122.27402,38.00989,0 -122.27182,38.01225,0 -122.26958,38.01472,0 -122.26778,38.01662,0 -122.26363,38.02114,0 -122.25957,38.02548,0 -122.25554,38.02978,0 -122.24873,38.03712,0 -122.24684,38.03892,0 -122.24406,38.04089,0 -122.24113,38.04297,0 -122.23816,38.04504,0 -122.2343,38.04776,0 -122.22983,38.05089,0 -122.22637,38.05338,0 -122.2248,38.05547,0 -122.22518,38.06119,0 -122.22558,38.06553,0 -122.22606,38.06792,0 -122.22723,38.07022,0 -122.22897,38.07247,0 -122.23085,38.07493,0 -122.23225,38.07728,0 -122.23301,38.07959,0 -122.23327,38.0819,0 -122.23304,38.08433,0 -122.23235,38.08664,0 -122.23059,38.09076,0 -122.22993,38.09362,0 -122.22972,38.09587,0 -122.22967,38.10022,0 -122.22961,38.10251,0 -122.2296,38.1051,0 -122.22954,38.10934,0 -122.22969,38.11247,0 -122.23,38.11644,0 -122.23022,38.11921,0 -122.23016,38.12181,0 -122.22933,38.12433,0 -122.22803,38.12647,0 -122.22638,38.12905,0 -122.2249,38.13138,0 -122.22349,38.13359,0 -122.22132,38.13699,0 -122.22001,38.13901,0 -122.21838,38.14154,0 -122.21718,38.14372,0 -122.21662,38.14596,0 -122.21664,38.14829,0 -122.21659,38.15069,0 -122.21576,38.15324,0 -122.21405,38.15582,0 -122.21226,38.15832,0 -122.2095,38.16222,0 -122.20748,38.16425,0 -122.2048,38.16602,0 -122.20249,38.16755,0 -122.19911,38.16989,0 -122.19615,38.17193,0 -122.19374,38.17372,0 -122.19189,38.17573,0 -122.19009,38.17777,0 -122.18792,38.17945,0 -122.18546,38.18094,0 -122.18339,38.18269,0 -122.18126,38.18447,0 -122.17864,38.18578,0 -122.17557,38.18665,0 -122.17262,38.18772,0 -122.17022,38.18921,0 -122.16788,38.19156,0 -122.16531,38.19455,0 -122.1634,38.19639,0 -122.16083,38.19864,0 -122.15818,38.20094,0 -122.15597,38.20286,0 -122.15333,38.20518,0 -122.1507,38.20747,0 -122.14693,38.21029,0 -122.14136,38.21413,0 -122.13877,38.21594,0 -122.13658,38.21745,0 -122.13402,38.21923,0 -122.13183,38.22073,0 -122.12961,38.22226,0 -122.12733,38.22374,0 -122.12407,38.22566,0 -122.12163,38.22695,0 -122.11909,38.22818,0 -122.11629,38.22937,0 -122.11317,38.23071,0 -122.10993,38.2321,0 -122.10685,38.23346,0 -122.10395,38.23471,0 -122.1008,38.23612,0 -122.09693,38.2378,0 -122.09338,38.23937,0 -122.09068,38.24055,0 -122.08804,38.2417,0 -122.08541,38.24285,0 -122.08125,38.24465,0 -122.07805,38.24606,0 -122.07477,38.24718,0 -122.07154,38.24831,0 -122.06939,38.24996,0 -122.06739,38.25233,0 -122.06504,38.25506,0 -122.06192,38.25876,0 -122.05969,38.2614,0 -122.05454,38.26749,0 -122.05179,38.2707,0 -122.05011,38.27272,0 -122.04751,38.27579,0 -122.04538,38.27831,0 -122.04274,38.28143,0 -122.04111,38.28333,0 -122.03898,38.28582,0 -122.03724,38.28789,0 -122.03518,38.29034,0 -122.0341,38.29256,0 -122.03389,38.29566,0 -122.03383,38.29851,0 -122.03378,38.30078,0 -122.03372,38.30562,0 -122.0335,38.30836,0 -122.03292,38.31181,0 -122.03234,38.31426,0 -122.03102,38.31649,0 -122.02871,38.31908,0 -122.02672,38.3213,0 -122.02491,38.3235,0 -122.02279,38.32681,0 -122.01913,38.33255,0 -122.01725,38.3355,0 -122.01587,38.33758,0 -122.01405,38.33945,0 -122.01166,38.34103,0 -122.009,38.34212,0 -122.00581,38.34304,0 -122.00294,38.34399,0 -121.99745,38.34613,0 -121.99475,38.34718,0 -121.9906,38.3488,0 -121.98726,38.3501,0 -121.98364,38.35151,0 -121.98087,38.35264,0 -121.97846,38.35428,0 -121.97642,38.3562,0 -121.97442,38.35805,0 -121.97196,38.35977,0 -121.96945,38.36131,0 -121.96682,38.3629,0 -121.96437,38.36442,0 -121.96147,38.36662,0 -121.9592,38.36835,0 -121.95534,38.37054,0 -121.95356,38.37237,0 -121.95373,38.37509,0 -121.95356,38.37749,0 -121.95283,38.38058,0 -121.95208,38.38361,0 -121.9515,38.38609,0 -121.95073,38.38939,0 -121.95007,38.39221,0 -121.94944,38.39487,0 -121.9488,38.39762,0 -121.94818,38.40026,0 -121.9475,38.40318,0 -121.9467,38.40662,0 -121.946,38.40959,0 -121.94547,38.41183,0 -121.94494,38.41411,0 -121.94428,38.4169,0 -121.94349,38.42031,0 -121.94289,38.4229,0 -121.94248,38.42539,0 -121.94237,38.42771,0 -121.94236,38.43121,0 -121.94235,38.43396,0 -121.94234,38.43752,0 -121.94232,38.44309,0 -121.9423,38.44789,0 -121.9419,38.45128,0 -121.94173,38.45404,0 -121.94197,38.45651,0 -121.94197,38.46058,0 -121.94201,38.46296,0 -121.94265,38.46591,0 -121.94352,38.46967,0 -121.9447,38.47477,0 -121.94554,38.47841,0 -121.94611,38.48087,0 -121.94692,38.48436,0 -121.94763,38.48742,0 -121.94872,38.49211,0 -121.94954,38.49568,0 -121.95055,38.5,0 -121.95124,38.50298,0 -121.95192,38.50594,0 -121.95246,38.50833,0 -121.95273,38.51079,0 -121.95276,38.51569,0 -121.95277,38.5188,0 -121.95279,38.5232,0 -121.95279,38.52555,0 -121.95282,38.52936,0 -121.95283,38.5318,0 -121.95285,38.53595,0 -121.95288,38.54185,0 -121.95291,38.54669,0 -121.95294,38.55436,0 -121.95296,38.55743,0 -121.95298,38.5614,0 -121.95303,38.56912,0 -121.95303,38.57276,0 -121.95305,38.57672,0 -121.95308,38.58064,0 -121.95308,38.5836,0 -121.9531,38.58645,0 -121.95312,38.59126,0 -121.95316,38.59854,0 -121.95319,38.60583,0 -121.9532,38.60835,0 -121.95322,38.61107,0 -121.95325,38.61606,0 -121.95326,38.61981,0 -121.95326,38.62207,0 -121.95305,38.6244,0 -121.95271,38.62741,0 -121.95222,38.63172,0 -121.95206,38.63579,0 -121.95197,38.64217,0 -121.95186,38.64937,0 -121.95176,38.65659,0 -121.95171,38.6603,0 -121.95164,38.66519,0 -121.95174,38.67097,0 -121.95181,38.67452,0 -121.95189,38.67879,0 -121.95197,38.68235,0 -121.9522,38.68465,0 -121.95413,38.69468,0 -121.95533,38.70088,0 -121.95582,38.70342,0 -121.95702,38.70981,0 -121.95774,38.71362,0 -121.95833,38.71653,0 -121.9586,38.71927,0 -121.95842,38.72202,0 -121.95762,38.72579,0 -121.95686,38.72922,0 -121.9561,38.73269,0 -121.95531,38.73619,0 -121.95451,38.73972,0 -121.95368,38.74337,0 -121.95291,38.74679,0 -121.95213,38.75025,0 -121.95092,38.75534,0 -121.9503,38.75769,0 -121.94973,38.76016,0 -121.9492,38.7625,0 -121.94844,38.76563,0 -121.94763,38.76943,0 -121.94681,38.77304,0 -121.94583,38.77638,0 -121.94486,38.77952,0 -121.94434,38.78253,0 -121.94397,38.78795,0 -121.94375,38.79044,0 -121.94282,38.79521,0 -121.94209,38.79879,0 -121.94141,38.8021,0 -121.94093,38.80443,0 -121.94012,38.80819,0 -121.93948,38.81153,0 -121.93897,38.81424,0 -121.93863,38.81717,0 -121.93859,38.81982,0 -121.9388,38.82489,0 -121.93898,38.82893,0 -121.93916,38.83323,0 -121.93935,38.83719,0 -121.93952,38.84103,0 -121.9397,38.84492,0 -121.93981,38.84739,0 -121.9402,38.84985,0 -121.94182,38.85198,0 -121.94437,38.85343,0 -121.94688,38.85498,0 -121.95097,38.85883,0 -121.95511,38.86283,0 -121.95864,38.86628,0 -121.96217,38.86967,0 -121.97084,38.87804,0 -121.9727,38.88011,0 -121.97398,38.88224,0 -121.97496,38.88457,0 -121.97688,38.88908,0 -121.97787,38.89139,0 -121.97913,38.89374,0 -121.98714,38.90597,0 -121.99131,38.91236,0 -121.99709,38.92109,0 -122.00006,38.92559,0 -122.00134,38.92795,0 -122.00205,38.93027,0 -122.00239,38.93264,0 -122.00308,38.93496,0 -122.00643,38.94043,0 -122.01017,38.9461,0 -122.01164,38.94817,0 -122.01354,38.95002,0 -122.01592,38.95192,0 -122.01766,38.95381,0 -122.01972,38.9569,0 -122.02117,38.95912,0 -122.02261,38.9613,0 -122.02613,38.96668,0 -122.0273,38.96902,0 -122.02792,38.97174,0 -122.02878,38.97424,0 -122.03071,38.97733,0 -122.03491,38.98372,0 -122.03759,38.98778,0 -122.03963,38.99092,0 -122.0429,38.99587,0 -122.04505,38.99916,0 -122.04721,39.00236,0 -122.0486,39.00446,0 -122.0512,39.0084,0 -122.05257,39.01046,0 -122.05411,39.01243,0 -122.0564,39.014,0 -122.05851,39.0168,0 -122.05997,39.01902,0 -122.06138,39.02122,0 -122.0625,39.02417,0 -122.06369,39.02731,0 -122.06494,39.0294,0 -122.07802,39.04923,0 -122.07987,39.05128,0 -122.08224,39.05322,0 -122.08439,39.05504,0 -122.08615,39.05726,0 -122.08759,39.06021,0 -122.09087,39.06685,0 -122.09228,39.06974,0 -122.0941,39.07354,0 -122.09886,39.08086,0 -122.10262,39.08654,0 -122.10707,39.09331,0 -122.10873,39.09534,0 -122.11159,39.09769,0 -122.11388,39.09988,0 -122.11538,39.10206,0 -122.11635,39.10459,0 -122.11688,39.10692,0 -122.11782,39.10931,0 -122.12708,39.12344,0 -122.12886,39.12555,0 -122.13179,39.12811,0 -122.13365,39.13009,0 -122.13503,39.13236,0 -122.13587,39.13487,0 -122.13612,39.13718,0 -122.136,39.13988,0 -122.13619,39.14289,0 -122.13692,39.14508,0 -122.14209,39.15393,0 -122.14387,39.15679,0 -122.14548,39.15951,0 -122.14764,39.16308,0 -122.14978,39.16664,0 -122.15248,39.1712,0 -122.1541,39.17354,0 -122.15892,39.17816,0 -122.16316,39.18202,0 -122.16505,39.18406,0 -122.17154,39.19387,0 -122.17404,39.19837,0 -122.17932,39.20799,0 -122.18021,39.21023,0 -122.18052,39.21253,0 -122.18122,39.22047,0 -122.18158,39.23309,0 -122.18161,39.23736,0 -122.1817,39.24306,0 -122.1819,39.25113,0 -122.18195,39.25441,0 -122.18199,39.2571,0 -122.18211,39.26284,0 -122.18216,39.27219,0 -122.18225,39.27469,0 -122.18238,39.27728,0 -122.18269,39.27958,0 -122.18417,39.28877,0 -122.18454,39.29117,0 -122.18506,39.29465,0 -122.18637,39.30315,0 -122.18691,39.30539,0 -122.18805,39.30772,0 -122.19053,39.31112,0 -122.19202,39.31311,0 -122.19355,39.31557,0 -122.19424,39.31788,0 -122.1946,39.33153,0 -122.19465,39.33412,0 -122.1947,39.34214,0 -122.19469,39.34487,0 -122.19476,39.34809,0 -122.19473,39.35044,0 -122.19424,39.35272,0 -122.19321,39.35574,0 -122.19267,39.35821,0 -122.19272,39.36461,0 -122.1928,39.38341,0 -122.19287,39.39325,0 -122.19317,39.39561,0 -122.19497,39.40337,0 -122.19548,39.40561,0 -122.19557,39.40795,0 -122.19512,39.41052,0 -122.19433,39.41416,0 -122.19379,39.41661,0 -122.19325,39.41912,0 -122.19314,39.42228,0 -122.19319,39.42756,0 -122.19323,39.43155,0 -122.19324,39.43449,0 -122.19328,39.43974,0 -122.19331,39.44374,0 -122.19335,39.4481,0 -122.19336,39.45086,0 -122.19339,39.45443,0 -122.19351,39.45705,0 -122.19411,39.45945,0 -122.19502,39.46177,0 -122.1956,39.46457,0 -122.19583,39.4871,0 -122.19586,39.49081,0 -122.19613,39.49305,0 -122.19737,39.49606,0 -122.20021,39.50143,0 -122.20761,39.51045,0 -122.21238,39.51623,0 -122.2137,39.51858,0 -122.21438,39.52083,0 -122.21454,39.52322,0 -122.21454,39.52712,0 -122.21461,39.53131,0 -122.21466,39.55351,0 -122.21368,39.56068,0 -122.21327,39.56328,0 -122.21072,39.57928,0 -122.21008,39.58315,0 -122.20976,39.58542,0 -122.20942,39.58889,0 -122.20894,39.5955,0 -122.20833,39.60395,0 -122.2055,39.62121,0 -122.20504,39.62437,0 -122.20463,39.62675,0 -122.20404,39.63048,0 -122.20404,39.63404,0 -122.20409,39.64191,0 -122.20446,39.67508,0 -122.2045,39.67898,0 -122.20453,39.68592,0 -122.20479,39.68991,0 -122.20596,39.70974,0 -122.20559,39.73688,0 -122.20555,39.73971,0 -122.20543,39.7471,0 -122.20535,39.74948,0 -122.20527,39.75344,0 -122.20516,39.76134,0 -122.20506,39.76412,0 -122.2048,39.77012,0 -122.20467,39.77283,0 -122.20434,39.78073,0 -122.20423,39.7831,0 -122.20411,39.78574,0 -122.20362,39.78821,0 -122.20073,39.79806,0 -122.19999,39.80063,0 -122.19973,39.80367,0 -122.19974,39.80908,0 -122.19975,39.81147,0 -122.19976,39.81493,0 -122.19972,39.81968,0 -122.19975,39.82324,0 -122.19975,39.8262,0 -122.19982,39.83081,0 -122.19979,39.844,0 -122.19985,39.84657,0 -122.19987,39.84928,0 -122.19989,39.85621,0 -122.19985,39.86079,0 -122.19995,39.87751,0 -122.19998,39.88093,0 -122.19997,39.88348,0 -122.19997,39.8859,0 -122.2,39.88846,0 -122.20001,39.89204,0 -122.20002,39.896,0 -122.20004,39.90259,0 -122.20001,39.91027,0 -122.20005,39.914,0 -122.20007,39.91632,0 -122.20009,39.91911,0 -122.20009,39.92467,0 -122.20009,39.93127,0 -122.20011,39.94268,0 -122.2001,39.94915,0 -122.20011,39.95333,0 -122.2001,39.96047,0 -122.2001,39.96404,0 -122.20022,39.9663,0 -122.20056,39.96865,0 -122.20149,39.97409,0 -122.20194,39.97709,0 -122.20265,39.9814,0 -122.20345,39.98633,0 -122.20429,39.99147,0 -122.2051,39.99642,0 -122.20623,40.00339,0 -122.20663,40.00581,0 -122.20725,40.00966,0 -122.20781,40.01308,0 -122.20834,40.01633,0 -122.20877,40.01899,0 -122.20959,40.02404,0 -122.2111,40.03321,0 -122.21164,40.03655,0 -122.21224,40.04025,0 -122.21281,40.04365,0 -122.21402,40.05118,0 -122.21516,40.05807,0 -122.21547,40.06038,0 -122.21577,40.06616,0 -122.21609,40.0728,0 -122.21628,40.07671,0 -122.21646,40.08001,0 -122.21657,40.08227,0 -122.21691,40.08902,0 -122.21719,40.09452,0 -122.21855,40.12149,0 -122.21879,40.12686,0 -122.21909,40.12948,0 -122.2197,40.13279,0 -122.22029,40.13606,0 -122.2209,40.13936,0 -122.22136,40.14171,0 -122.22289,40.15005,0 -122.2234,40.15265,0 -122.22351,40.15505,0 -122.22288,40.16011,0 -122.2226,40.16242,0 -122.22233,40.16497,0 -122.22197,40.16777,0 -122.22141,40.17194,0 -122.22123,40.17437,0 -122.2221,40.17703,0 -122.2248,40.18048,0 -122.22681,40.18287,0 -122.22946,40.18602,0 -122.23263,40.18979,0 -122.23681,40.19474,0 -122.23939,40.1978,0 -122.24137,40.20014,0 -122.24335,40.20286,0 -122.24471,40.20503,0 -122.24589,40.20734,0 -122.24747,40.21115,0 -122.2485,40.2136,0 -122.2496,40.21578,0 -122.2513,40.21905,0 -122.25296,40.22212,0 -122.25392,40.22472,0 -122.25422,40.22706,0 -122.25445,40.22944,0 -122.2548,40.23171,0 -122.2555,40.23427,0 -122.25739,40.23994,0 -122.259,40.24473,0 -122.26006,40.24784,0 -122.26247,40.25426,0 -122.26445,40.25949,0 -122.26541,40.26196,0 -122.26648,40.26476,0 -122.26749,40.26743,0 -122.26852,40.27016,0 -122.27026,40.27455,0 -122.27124,40.27672,0 -122.27225,40.27891,0 -122.27345,40.28155,0 -122.27569,40.28459,0 -122.27729,40.28652,0 -122.27839,40.28876,0 -122.27871,40.29147,0 -122.27891,40.29458,0 -122.27904,40.29686,0 -122.2793,40.3008,0 -122.27972,40.30744,0 -122.28017,40.31438,0 -122.28046,40.31906,0 -122.28066,40.32211,0 -122.28083,40.32493,0 -122.28098,40.32719,0 -122.28115,40.33064,0 -122.28133,40.33369,0 -122.2815,40.33865,0 -122.28163,40.34154,0 -122.28173,40.34387,0 -122.28197,40.34807,0 -122.28254,40.35355,0 -122.28292,40.35684,0 -122.28326,40.35966,0 -122.28363,40.36374,0 -122.28416,40.37078,0 -122.28446,40.37403,0 -122.28469,40.37851,0 -122.28478,40.38137,0 -122.28495,40.38603,0 -122.28509,40.39064,0 -122.28455,40.39351,0 -122.28137,40.40334,0 -122.2808,40.40591,0 -122.28058,40.4099,0 -122.28091,40.41324,0 -122.28256,40.42427,0 -122.28305,40.42692,0 -122.28442,40.43072,0 -122.28574,40.4346,0 -122.28655,40.43687,0 -122.28733,40.43915,0 -122.28794,40.4419,0 -122.289,40.44693,0 -122.28976,40.44926,0 -122.29117,40.45158,0 -122.29288,40.45352,0 -122.29495,40.45562,0 -122.29686,40.45758,0 -122.30433,40.46524,0 -122.30609,40.46706,0 -122.31014,40.47116,0 -122.31234,40.47342,0 -122.32391,40.48526,0 -122.32577,40.48738,0 -122.32712,40.48939,0 -122.32862,40.49166,0 -122.33057,40.49454,0 -122.33239,40.49731,0 -122.3341,40.49989,0 -122.33555,40.50213,0 -122.33766,40.50528,0 -122.33948,40.50809,0 -122.34142,40.51105,0 -122.34294,40.51368,0 -122.3441,40.51719,0 -122.34495,40.51974,0 -122.34574,40.52229,0 -122.34667,40.52518,0 -122.34791,40.52904,0 -122.34899,40.53245,0 -122.34983,40.53515,0 -122.35066,40.53776,0 -122.3517,40.54117,0 -122.35298,40.5451,0 -122.35546,40.55292,0 -122.35667,40.55676,0 -122.35822,40.56165,0 -122.35918,40.56469,0 -122.3599,40.56699,0 -122.36028,40.56948,0 -122.3603,40.57182,0 -122.36031,40.57454,0 -122.36032,40.57769,0 -122.36034,40.5804,0 -122.36039,40.5834,0 -122.36038,40.5868,0 -122.36042,40.58987,0 -122.36042,40.59318,0 -122.36042,40.59545,0 -122.36041,40.59852,0 -122.36043,40.60104,0 -122.36048,40.60336,0 -122.36144,40.60721,0 -122.36274,40.6113,0 -122.36423,40.61599,0 -122.36551,40.62007,0 -122.36636,40.62278,0 -122.36713,40.62524,0 -122.36799,40.62797,0 -122.36847,40.63034,0 -122.36814,40.63271,0 -122.36694,40.63589,0 -122.36591,40.63865,0 -122.36423,40.6431,0 -122.36274,40.64703,0 -122.36188,40.64919,0 -122.36082,40.65155,0 -122.35937,40.65483,0 -122.35756,40.65879,0 -122.35542,40.66347,0 -122.35418,40.66614,0 -122.35293,40.66888,0 -122.35179,40.67137,0 -122.35069,40.67378,0 -122.34956,40.67623,0 -122.34855,40.67873,0 -122.34773,40.68146,0 -122.34656,40.6856,0 -122.34559,40.68918,0 -122.34474,40.69227,0 -122.34395,40.69451,0 -122.34219,40.69749,0 -122.34068,40.69992,0 -122.33932,40.7021,0 -122.33797,40.70432,0 -122.336,40.70739,0 -122.33469,40.7096,0 -122.33331,40.7118,0 -122.33197,40.71397,0 -122.33054,40.71625,0 -122.3289,40.71888,0 -122.32691,40.72127,0 -122.32492,40.72334,0 -122.32343,40.72547,0 -122.32172,40.72814,0 -122.31846,40.73324,0 -122.31446,40.73961,0 -122.31372,40.74215,0 -122.31407,40.74445,0 -122.31498,40.74683,0 -122.31699,40.74903,0 -122.31972,40.75131,0 -122.32156,40.75326,0 -122.32131,40.75553,0 -122.31948,40.75731,0 -122.31895,40.76052,0 -122.31861,40.76593,0 -122.31746,40.76805,0 -122.31473,40.76926,0 -122.31265,40.77121,0 -122.31234,40.77354,0 -122.31388,40.77653,0 -122.31481,40.77876,0 -122.31361,40.7809,0 -122.31053,40.78221,0 -122.30855,40.78397,0 -122.30877,40.78643,0 -122.31095,40.78811,0 -122.31291,40.78996,0 -122.31509,40.79187,0 -122.3181,40.7934,0 -122.32065,40.79474,0 -122.32163,40.7971,0 -122.32205,40.79968,0 -122.32248,40.80218,0 -122.32257,40.80477,0 -122.32204,40.8074,0 -122.3211,40.81016,0 -122.32073,40.81251,0 -122.32117,40.8148,0 -122.32279,40.81905,0 -122.32414,40.82272,0 -122.32462,40.82497,0 -122.32458,40.82732,0 -122.32572,40.8299,0 -122.32659,40.83313,0 -122.32721,40.83543,0 -122.32781,40.83831,0 -122.32799,40.84146,0 -122.32907,40.84376,0 -122.33319,40.84577,0 -122.33621,40.84702,0 -122.33927,40.84824,0 -122.34147,40.84981,0 -122.34185,40.85204,0 -122.34225,40.85429,0 -122.3455,40.85716,0 -122.34871,40.85984,0 -122.35126,40.86158,0 -122.35394,40.86274,0 -122.35682,40.86361,0 -122.36,40.86457,0 -122.36286,40.86546,0 -122.36508,40.86696,0 -122.36637,40.86909,0 -122.36768,40.87112,0 -122.37063,40.87291,0 -122.3726,40.87473,0 -122.37417,40.87693,0 -122.37669,40.87848,0 -122.37928,40.87978,0 -122.38134,40.88153,0 -122.38285,40.88403,0 -122.38357,40.88646,0 -122.3834,40.88927,0 -122.38321,40.89231,0 -122.38306,40.89467,0 -122.38288,40.89706,0 -122.38278,40.89979,0 -122.38297,40.90243,0 -122.38342,40.90477,0 -122.3842,40.90789,0 -122.38509,40.91016,0 -122.38696,40.91223,0 -122.39,40.91416,0 -122.39235,40.91559,0 -122.3952,40.91732,0 -122.39778,40.91905,0 -122.40002,40.9207,0 -122.40269,40.92188,0 -122.40614,40.92197,0 -122.40923,40.92282,0 -122.41089,40.92489,0 -122.41163,40.92845,0 -122.4127,40.93084,0 -122.41305,40.93356,0 -122.41425,40.93574,0 -122.41697,40.93673,0 -122.42005,40.93686,0 -122.42284,40.93847,0 -122.42504,40.94018,0 -122.42882,40.94093,0 -122.43239,40.9413,0 -122.4354,40.94214,0 -122.43712,40.94412,0 -122.43678,40.94688,0 -122.43584,40.94913,0 -122.43539,40.95165,0 -122.43521,40.954,0 -122.43514,40.95625,0 -122.43605,40.95853,0 -122.43919,40.96023,0 -122.4409,40.96227,0 -122.4403,40.96452,0 -122.43729,40.96615,0 -122.43504,40.96796,0 -122.43358,40.97023,0 -122.43191,40.97234,0 -122.43284,40.97569,0 -122.43264,40.97795,0 -122.43108,40.98017,0 -122.42983,40.98325,0 -122.42897,40.98588,0 -122.42777,40.98801,0 -122.42593,40.99026,0 -122.42394,40.99196,0 -122.42135,40.99382,0 -122.4192,40.99539,0 -122.41321,41.00004,0 -122.41101,41.00178,0 -122.40938,41.0042,0 -122.4094,41.00731,0 -122.40967,41.00969,0 -122.40898,41.01231,0 -122.40644,41.01482,0 -122.40128,41.01947,0 -122.3988,41.02162,0 -122.39701,41.02359,0 -122.39651,41.02604,0 -122.3968,41.02858,0 -122.39716,41.03093,0 -122.39717,41.03349,0 -122.39598,41.03639,0 -122.39538,41.0391,0 -122.3951,41.04167,0 -122.39382,41.04373,0 -122.39013,41.04636,0 -122.38647,41.04768,0 -122.38339,41.04846,0 -122.38098,41.04981,0 -122.37955,41.05241,0 -122.37834,41.05465,0 -122.37543,41.05603,0 -122.37296,41.0574,0 -122.37132,41.05978,0 -122.36942,41.06266,0 -122.36733,41.06428,0 -122.36452,41.06509,0 -122.36181,41.06661,0 -122.36012,41.06889,0 -122.35825,41.07156,0 -122.35667,41.07384,0 -122.35589,41.07636,0 -122.35595,41.07948,0 -122.35534,41.0818,0 -122.35285,41.08318,0 -122.35176,41.08537,0 -122.35237,41.08769,0 -122.35265,41.08995,0 -122.34981,41.0919,0 -122.34718,41.09301,0 -122.3457,41.09528,0 -122.34441,41.09851,0 -122.34221,41.10054,0 -122.33938,41.10249,0 -122.33699,41.10416,0 -122.33459,41.10584,0 -122.33151,41.10766,0 -122.3282,41.10949,0 -122.32636,41.11134,0 -122.32738,41.11488,0 -122.32792,41.11747,0 -122.32775,41.11981,0 -122.32603,41.12249,0 -122.32468,41.12483,0 -122.3232,41.12745,0 -122.32238,41.1297,0 -122.32194,41.13258,0 -122.32148,41.13602,0 -122.32007,41.1387,0 -122.31837,41.14094,0 -122.31765,41.14452,0 -122.31709,41.14679,0 -122.31548,41.14878,0 -122.31195,41.15033,0 -122.30855,41.15125,0 -122.30528,41.15142,0 -122.30181,41.15143,0 -122.29708,41.15284,0 -122.29471,41.15433,0 -122.29418,41.15664,0 -122.29536,41.15889,0 -122.29704,41.16183,0 -122.29755,41.1647,0 -122.29763,41.16737,0 -122.2977,41.16993,0 -122.29752,41.1722,0 -122.29618,41.17482,0 -122.29452,41.17697,0 -122.2914,41.18106,0 -122.28943,41.18359,0 -122.28777,41.1857,0 -122.28632,41.18787,0 -122.28534,41.19086,0 -122.28456,41.19326,0 -122.28346,41.19555,0 -122.28124,41.1976,0 -122.27913,41.19945,0 -122.27773,41.20147,0 -122.27735,41.20374,0 -122.27683,41.20605,0 -122.27578,41.20914,0 -122.27458,41.21167,0 -122.27396,41.21396,0 -122.2745,41.21731,0 -122.27491,41.21973,0 -122.27535,41.22215,0 -122.27544,41.22471,0 -122.27534,41.22823,0 -122.27475,41.23064,0 -122.27284,41.23277,0 -122.27078,41.23458,0 -122.26688,41.23691,0 -122.26414,41.23851,0 -122.26175,41.2405,0 -122.26007,41.24257,0 -122.25825,41.24554,0 -122.25773,41.24797,0 -122.25867,41.25014,0 -122.26081,41.25188,0 -122.26319,41.25335,0 -122.26659,41.25536,0 -122.26944,41.25692,0 -122.27175,41.25842,0 -122.27367,41.26089,0 -122.27477,41.26327,0 -122.27581,41.26539,0 -122.27698,41.26781,0 -122.27885,41.27012,0 -122.28182,41.27249,0 -122.28451,41.27462,0 -122.28667,41.27629,0 -122.2904,41.27851,0 -122.2949,41.28107,0 -122.29782,41.28273,0 -122.30113,41.28461,0 -122.3042,41.28633,0 -122.30677,41.28784,0 -122.30865,41.28966,0 -122.31044,41.29278,0 -122.31176,41.2952,0 -122.31304,41.29751,0 -122.31438,41.29983,0 -122.31572,41.30235,0 -122.31727,41.30514,0 -122.31841,41.3074,0 -122.31873,41.30976,0 -122.31608,41.31132,0 -122.31319,41.31259,0 -122.31059,41.31454,0 -122.30772,41.31669,0 -122.30623,41.31949,0 -122.30613,41.32205,0 -122.30617,41.32462,0 -122.30625,41.32711,0 -122.30639,41.3295,0 -122.30766,41.33218,0 -122.30873,41.33432,0 -122.31115,41.33901,0 -122.31195,41.3415,0 -122.31279,41.34443,0 -122.31381,41.34684,0 -122.31417,41.34912,0 -122.31222,41.35108,0 -122.30823,41.35262,0 -122.30471,41.35281,0 -122.30159,41.35275,0 -122.29842,41.35337,0 -122.29536,41.3534,0 -122.29217,41.35285,0 -122.28903,41.35217,0 -122.28596,41.35158,0 -122.28232,41.35088,0 -122.27906,41.34924,0 -122.27738,41.34715,0 -122.27496,41.34482,0 -122.27442,41.34253,0 -122.2734,41.34031,0 -122.27151,41.33854,0 -122.27004,41.33637,0 -122.2682,41.33453,0 -122.26759,41.33225,0 -122.26705,41.32987,0 -122.26615,41.32766,0 -122.26267,41.32746,0 -122.25793,41.32772,0 -122.2556,41.32932,0 -122.25263,41.3297,0 -122.24965,41.33043,0 -122.2467,41.33087,0 -122.24945,41.33192,0 -122.25304,41.33207,0 -122.25578,41.33302,0 -122.25744,41.33495,0 -122.25905,41.33747,0 -122.25612,41.33678,0 -122.25364,41.33542,0 -122.25094,41.33662,0 -122.25062,41.33926,0 -122.24934,41.34135,0 -122.2514,41.34321,0 -122.25293,41.34516,0 -122.24988,41.34559,0 -122.24688,41.34568,0 -122.24382,41.34543,0 -122.24315,41.34765,0 -122.24079,41.34927,0 -122.23876,41.35115,0 -122.23586,41.35187,0 -122.23393,41.35367,0 -122.23106,41.35289,0 -122.22806,41.35367,0 -122.22545,41.35499,0 -122.22267,41.35632,0 -122.21855,41.35681,0 -122.21531,41.3565,0 -122.21217,41.35614,0 -122.20911,41.35636,0 -122.20605,41.35555,0 -122.20297,41.35534,0 -122.20361,41.35758,0 -122.20204,41.35957,0 -122.19983,41.36111,0 -122.20291,41.36093,0 -122.20506,41.35928,0 -122.20325,41.35739,0 -122.20084,41.35597,0 -122.20366,41.35517,0 -122.20688,41.35556,0 -122.21004,41.35632,0 -122.21315,41.35608,0 -122.21629,41.35643,0 -122.22022,41.35712,0 -122.22354,41.35594,0 -122.22572,41.35433,0 -122.22883,41.35359,0 -122.23204,41.35365,0 -122.23479,41.35255,0 -122.23765,41.35162,0 -122.24009,41.35002,0 -122.24253,41.3481,0 -122.24345,41.34584,0 -122.24642,41.34549,0 -122.24968,41.34567,0 -122.25268,41.34531,0 -122.2514,41.34321,0 -122.24837,41.3422,0 -122.25041,41.34054,0 -122.2509,41.33684,0 -122.25329,41.33534,0 -122.25583,41.33667,0 -122.25837,41.33797,0 -122.25744,41.33495,0 -122.25578,41.33302,0 -122.25304,41.33207,0 -122.24983,41.3321,0 -122.2468,41.3318,0 -122.24934,41.33047,0 -122.25228,41.3297,0 -122.25535,41.32959,0 -122.25741,41.32778,0 -122.26119,41.32754,0 -122.2646,41.32736,0 -122.26716,41.3287,0 -122.26672,41.33095,0 -122.26722,41.33317,0 -122.26842,41.33539,0 -122.27076,41.3368,0 -122.27201,41.33888,0 -122.27421,41.34077,0 -122.27428,41.34306,0 -122.27591,41.34561,0 -122.27762,41.34759,0 -122.27976,41.34972,0 -122.28369,41.35114,0 -122.28731,41.35184,0 -122.2915,41.3527,0 -122.29479,41.35335,0 -122.29796,41.35342,0 -122.301,41.35287,0 -122.304,41.3527,0 -122.30715,41.35285,0 -122.31022,41.35199,0 -122.31302,41.35068,0 -122.31413,41.34847,0 -122.31362,41.34616,0 -122.31212,41.34304,0 -122.31195,41.34074,0 -122.30873,41.33432,0 -122.30766,41.33218,0 -122.30654,41.33006,0 -122.30625,41.32711,0 -122.30617,41.32462,0 -122.30613,41.32223,0 -122.3062,41.31983,0 -122.30721,41.31708,0 -122.30961,41.31527,0 -122.31191,41.31355,0 -122.31416,41.31205,0 -122.31695,41.31117,0 -122.32019,41.31155,0 -122.32197,41.31372,0 -122.32431,41.31796,0 -122.32642,41.32179,0 -122.32805,41.32479,0 -122.32923,41.32691,0 -122.33082,41.32975,0 -122.33205,41.33191,0 -122.33366,41.33388,0 -122.33565,41.33567,0 -122.33765,41.33757,0 -122.33926,41.33964,0 -122.34142,41.34271,0 -122.34357,41.34517,0 -122.34622,41.34725,0 -122.34855,41.34918,0 -122.35051,41.35106,0 -122.35271,41.35298,0 -122.3558,41.35509,0 -122.35823,41.35698,0 -122.362,41.36052,0 -122.36413,41.36254,0 -122.3663,41.36458,0 -122.36895,41.36703,0 -122.37189,41.3702,0 -122.3736,41.37209,0 -122.37473,41.3742,0 -122.37522,41.37644,0 -122.37499,41.3796,0 -122.37479,41.38211,0 -122.37476,41.38466,0 -122.37481,41.38746,0 -122.37485,41.38973,0 -122.37592,41.39309,0 -122.37769,41.39494,0 -122.38016,41.39668,0 -122.38181,41.39861,0 -122.38266,41.40103,0 -122.3825,41.4033,0 -122.38118,41.40576,0 -122.37996,41.40784,0 -122.37961,41.4101,0 -122.38026,41.41253,0 -122.38174,41.41461,0 -122.38273,41.41679,0 -122.38396,41.41912,0 -122.38613,41.42082,0 -122.38909,41.42185,0 -122.39208,41.42211,0 -122.39499,41.42272,0 -122.39758,41.42424,0 -122.39908,41.42625,0 -122.40052,41.42839,0 -122.40796,41.43066,0 -122.41514,41.42983,0 -122.42069,41.42894,0 -122.42421,41.42935,0 -122.42724,41.43053,0 -122.42937,41.43247,0 -122.42997,41.43539,0 -122.43092,41.43764,0 -122.43285,41.43949,0 -122.43474,41.44158,0 -122.4362,41.4452,0 -122.43766,41.44768,0 -122.44118,41.45061,0 -122.44314,41.45307,0 -122.44444,41.45649,0 -122.44536,41.45911,0 -122.44729,41.46423,0 -122.44828,41.4664,0 -122.45128,41.47111,0 -122.45292,41.47363,0 -122.45457,41.47604,0 -122.45647,41.47884,0 -122.4578,41.48112,0 -122.45935,41.48425,0 -122.46053,41.4868,0 -122.46161,41.48922,0 -122.46263,41.49294,0 -122.4632,41.49527,0 -122.46413,41.49758,0 -122.46734,41.50073,0 -122.46963,41.50307,0 -122.47108,41.50523,0 -122.47203,41.50742,0 -122.47248,41.50965,0 -122.47309,41.51516,0 -122.47345,41.51771,0 -122.47392,41.52063,0 -122.47477,41.52288,0 -122.47584,41.52547,0 -122.47642,41.52768,0 -122.47699,41.53283,0 -122.4776,41.53536,0 -122.48059,41.54047,0 -122.48186,41.54296,0 -122.48262,41.54677,0 -122.48323,41.54899,0 -122.48431,41.55117,0 -122.48704,41.55497,0 -122.48865,41.55718,0 -122.49398,41.56691,0 -122.49748,41.57365,0 -122.4992,41.57748,0 -122.50087,41.5814,0 -122.50181,41.58381,0 -122.50215,41.58618,0 -122.50203,41.58897,0 -122.50241,41.59122,0 -122.51029,41.6082,0 -122.51296,41.61387,0 -122.51497,41.61822,0 -122.51618,41.62049,0 -122.51751,41.6226,0 -122.51917,41.62478,0 -122.52154,41.62757,0 -122.52373,41.63019,0 -122.52999,41.63915,0 -122.5327,41.64307,0 -122.53418,41.64513,0 -122.5362,41.64693,0 -122.53909,41.64838,0 -122.54861,41.65207,0 -122.55299,41.65378,0 -122.56273,41.6576,0 -122.56628,41.65887,0 -122.56989,41.6597,0 -122.57869,41.66089,0 -122.58207,41.66117,0 -122.59039,41.66111,0 -122.59359,41.66131,0 -122.59679,41.66184,0 -122.59979,41.6626,0 -122.60298,41.66379,0 -122.60618,41.66547,0 -122.60942,41.66743,0 -122.61417,41.67028,0 -122.62069,41.67417,0 -122.62346,41.67594,0 -122.62677,41.67846,0 -122.63299,41.68325,0 -122.6351,41.68532,0 -122.63665,41.68769,0 -122.63999,41.69624,0 -122.64159,41.70038,0 -122.64261,41.70307,0 -122.64287,41.70558,0 -122.6421,41.70882,0 -122.64137,41.71131,0 -122.64039,41.71387,0 -122.63922,41.71639,0 -122.63773,41.71995,0 -122.63669,41.72225,0 -122.63398,41.72841,0 -122.63294,41.73064,0 -122.63158,41.73382,0 -122.63044,41.73627,0 -122.62888,41.73837,0 -122.62619,41.7406,0 -122.62415,41.74235,0 -122.62266,41.74444,0 -122.62069,41.7465,0 -122.61388,41.74967,0 -122.60666,41.7538,0 -122.60364,41.75522,0 -122.60065,41.75615,0 -122.5979,41.75753,0 -122.59525,41.75921,0 -122.5921,41.76061,0 -122.58932,41.76228,0 -122.5875,41.76438,0 -122.58604,41.76654,0 -122.58427,41.76923,0 -122.58299,41.77154,0 -122.5823,41.77397,0 -122.58223,41.77654,0 -122.58278,41.77892,0 -122.58481,41.78579,0 -122.5864,41.78793,0 -122.58816,41.78977,0 -122.58866,41.79222,0 -122.5874,41.79457,0 -122.58489,41.7961,0 -122.58286,41.79777,0 -122.58204,41.8,0 -122.58196,41.80239,0 -122.58045,41.80455,0 -122.57787,41.80584,0 -122.57489,41.80679,0 -122.57279,41.80848,0 -122.572,41.81073,0 -122.57268,41.81303,0 -122.57623,41.81698,0 -122.57811,41.8195,0 -122.57912,41.82199,0 -122.58001,41.82882,0 -122.58007,41.83116,0 -122.57879,41.8334,0 -122.57687,41.83517,0 -122.57611,41.83757,0 -122.57633,41.84027,0 -122.57514,41.84244,0 -122.57205,41.8442,0 -122.56953,41.84567,0 -122.56828,41.84787,0 -122.56873,41.85056,0 -122.57063,41.85311,0 -122.5716,41.85561,0 -122.5709,41.85789,0 -122.56872,41.85977,0 -122.56646,41.86169,0 -122.56441,41.86603,0 -122.56282,41.86841,0 -122.56049,41.87042,0 -122.55909,41.87259,0 -122.55786,41.87523,0 -122.55647,41.87793,0 -122.55584,41.88049,0 -122.55589,41.88417,0 -122.55699,41.88673,0 -122.55899,41.88902,0 -122.56062,41.89105,0 -122.56203,41.89305,0 -122.56344,41.8954,0 -122.56485,41.8982,0 -122.56591,41.9008,0 -122.56673,41.90304,0 -122.56933,41.91014,0 -122.57028,41.91261,0 -122.5717,41.91578,0 -122.57308,41.91812,0 -122.57633,41.92303,0 -122.57831,41.92598,0 -122.57969,41.92804,0 -122.58077,41.93024,0 -122.58178,41.93366,0 -122.58263,41.93658,0 -122.58337,41.93889,0 -122.58673,41.94543,0 -122.58848,41.94872,0 -122.5901,41.95166,0 -122.59336,41.95659,0 -122.59459,41.95894,0 -122.59573,41.96153,0 -122.59747,41.9637,0 -122.59981,41.96601,0 -122.60191,41.96892,0 -122.60313,41.97105,0 -122.605,41.97799,0 -122.606,41.98099,0 -122.60696,41.9836,0 -122.60734,41.98674,0 -122.60783,41.9896,0 -122.60973,41.99318,0 -122.61024,41.99555,0 -122.60984,41.9978,0 -122.61071,41.99999,0 -122.61213,42.00221,0 -122.61421,42.00416,0 -122.61563,42.00618,0 -122.61424,42.01412,0 -122.61299,42.01623,0 -122.60959,42.01938,0 -122.60722,42.02157,0 -122.60566,42.02368,0 -122.60296,42.03201,0 -122.60213,42.03423,0 -122.5987,42.03752,0 -122.59791,42.03982,0 -122.60381,42.04485,0 -122.60624,42.04917,0 -122.60873,42.05188,0 -122.61004,42.05402,0 -122.60984,42.05634,0 -122.6077,42.05986,0 -122.60583,42.06194,0 -122.60282,42.06381,0 -122.6009,42.06563,0 -122.60507,42.0725,0 -122.60535,42.07477,0 -122.60186,42.077,0 -122.60011,42.07908,0 -122.59927,42.08184,0 -122.60051,42.0847,0 -122.60216,42.08681,0 -122.60321,42.089,0 -122.60266,42.09139,0 -122.60346,42.0936,0 -122.60592,42.09527,0 -122.60713,42.09765,0 -122.60744,42.10026,0 -122.60831,42.10245,0 -122.61056,42.10474,0 -122.61234,42.10701,0 -122.61424,42.10907,0 -122.61697,42.11021,0 -122.61829,42.11227,0 -122.62081,42.11434,0 -122.62282,42.11715,0 -122.62395,42.11987,0 -122.62524,42.12204,0 -122.62744,42.12385,0 -122.62892,42.12656,0 -122.63066,42.12921,0 -122.63291,42.1321,0 -122.63501,42.13478,0 -122.63582,42.13698,0 -122.63637,42.13927,0 -122.63711,42.14149,0 -122.63804,42.1439,0 -122.63911,42.14659,0 -122.6405,42.14883,0 -122.64304,42.15134,0 -122.64559,42.1549,0 -122.64781,42.15821,0 -122.64942,42.1607,0 -122.65097,42.16306,0 -122.65241,42.1652,0 -122.65378,42.16724,0 -122.65515,42.16926,0 -122.65654,42.17132,0 -122.65802,42.17353,0 -122.65973,42.17605,0 -122.66112,42.17814,0 -122.66276,42.18054,0 -122.66444,42.18305,0 -122.66581,42.18509,0 -122.66829,42.18879,0 -122.66973,42.19091,0 -122.67124,42.19313,0 -122.67306,42.19527,0 -122.6837,42.20171,0 -122.68871,42.20463,0 -122.69223,42.20671,0 -122.69585,42.20883,0 -122.69854,42.21041,0 -122.70252,42.21274,0 -122.70689,42.2153,0 -122.70973,42.2167,0 -122.71674,42.21926,0 -122.73025,42.2242,0 -122.73776,42.22693,0 -122.74116,42.2283,0 -122.74618,42.2308,0 -122.76709,42.24141,0 -122.76963,42.24272,0 -122.77237,42.24463,0 -122.78926,42.25857,0 -122.79766,42.26548,0 -122.80095,42.26818,0 -122.80386,42.27063,0 -122.80612,42.27278,0 -122.8101,42.27665,0 -122.81324,42.27973,0 -122.81553,42.2819,0 -122.81751,42.28366,0 -122.8259,42.29115,0 -122.8355,42.29973,0 -122.83965,42.30343,0 -122.84163,42.3052,0 -122.8438,42.30713,0 -122.84577,42.30889,0 -122.84803,42.31073,0 -122.85033,42.31238,0 -122.85301,42.31432,0 -122.85521,42.31591,0 -122.85747,42.31752,0 -122.86488,42.32286,0 -122.86723,42.32471,0 -122.86881,42.32699,0 -122.86961,42.32933,0 -122.87077,42.33286,0 -122.87213,42.33703,0 -122.87317,42.34018,0 -122.87421,42.34332,0 -122.87506,42.3459,0 -122.87642,42.35007,0 -122.87731,42.35274,0 -122.87818,42.35521,0 -122.87933,42.3574,0 -122.881,42.35953,0 -122.8854,42.36335,0 -122.8881,42.36557,0 -122.90003,42.37537,0 -122.90246,42.37737,0 -122.90514,42.37949,0 -122.90746,42.38123,0 -122.91444,42.38639,0 -122.92527,42.39441,0 -122.93724,42.40326,0 -122.93964,42.4047,0 -122.94246,42.40594,0 -122.94645,42.40751,0 -122.95292,42.41004,0 -122.95573,42.41109,0 -122.95909,42.41194,0 -122.96289,42.41237,0 -122.9846,42.41211,0 -122.98792,42.41229,0 -122.99098,42.41282,0 -123.00336,42.416,0 -123.0095,42.41758,0 -123.03912,42.42522,0 -123.04544,42.42689,0 -123.05323,42.42888,0 -123.0563,42.42941,0 -123.06319,42.43045,0 -123.06629,42.431,0 -123.07239,42.43229,0 -123.07552,42.43259,0 -123.08492,42.43246,0 -123.08814,42.43219,0 -123.09154,42.43106,0 -123.09408,42.42969,0 -123.09706,42.42847,0 -123.10214,42.42758,0 -123.11185,42.42595,0 -123.11485,42.42486,0 -123.12012,42.42074,0 -123.123,42.41841,0 -123.12517,42.41673,0 -123.1277,42.41463,0 -123.13066,42.41226,0 -123.13292,42.41042,0 -123.13545,42.40884,0 -123.13874,42.40844,0 -123.14207,42.40933,0 -123.14727,42.41113,0 -123.15218,42.41282,0 -123.15487,42.41413,0 -123.16049,42.42096,0 -123.16458,42.42618,0 -123.16648,42.42858,0 -123.16832,42.43074,0 -123.17049,42.43247,0 -123.17349,42.43385,0 -123.17652,42.43424,0 -123.18072,42.43353,0 -123.18385,42.4329,0 -123.18681,42.43199,0 -123.18918,42.43054,0 -123.1934,42.42662,0 -123.19582,42.42497,0 -123.19888,42.42392,0 -123.20468,42.42251,0 -123.20788,42.42184,0 -123.22431,42.42271,0 -123.22786,42.42347,0 -123.23123,42.42567,0 -123.23379,42.42711,0 -123.24405,42.42744,0 -123.24719,42.42782,0 -123.25025,42.42901,0 -123.2609,42.43512,0 -123.26407,42.43657,0 -123.26752,42.43716,0 -123.27187,42.43733,0 -123.27882,42.43761,0 -123.28384,42.43781,0 -123.28824,42.43799,0 -123.2933,42.4382,0 -123.29618,42.43901,0 -123.29813,42.44087,0 -123.30035,42.4437,0 -123.30761,42.45296,0 -123.31094,42.4573,0 -123.31303,42.45936,0 -123.31585,42.46143,0 -123.31877,42.46288,0 -123.3225,42.46456,0 -123.33626,42.47069,0 -123.34075,42.4727,0 -123.34973,42.47668,0 -123.35238,42.4781,0 -123.35491,42.47985,0 -123.35703,42.48169,0 -123.35881,42.48361,0 -123.3603,42.48565,0 -123.36145,42.48774,0 -123.36242,42.4905,0 -123.36285,42.49317,0 -123.36289,42.49692,0 -123.36287,42.50088,0 -123.36294,42.51111,0 -123.363,42.51363,0 -123.3638,42.5164,0 -123.3656,42.52083,0 -123.36694,42.52415,0 -123.36852,42.52803,0 -123.36921,42.53044,0 -123.36948,42.53357,0 -123.36966,42.53598,0 -123.37044,42.54571,0 -123.37078,42.55174,0 -123.37098,42.55437,0 -123.37139,42.55833,0 -123.37181,42.56278,0 -123.37242,42.57145,0 -123.37268,42.57426,0 -123.3737,42.57691,0 -123.37574,42.57913,0 -123.38005,42.58159,0 -123.38326,42.5837,0 -123.3872,42.58699,0 -123.38911,42.58881,0 -123.38884,42.59132,0 -123.38718,42.5936,0 -123.38589,42.59621,0 -123.38417,42.59848,0 -123.38312,42.60078,0 -123.38349,42.60316,0 -123.38329,42.6055,0 -123.38212,42.60884,0 -123.38119,42.61147,0 -123.37999,42.61374,0 -123.37851,42.61581,0 -123.38028,42.61831,0 -123.3832,42.62203,0 -123.38429,42.6243,0 -123.38311,42.62642,0 -123.3811,42.62823,0 -123.38106,42.6305,0 -123.38247,42.63263,0 -123.38436,42.63551,0 -123.38631,42.63836,0 -123.38762,42.64075,0 -123.3872,42.64312,0 -123.3836,42.64716,0 -123.38188,42.64964,0 -123.3801,42.65172,0 -123.37656,42.65477,0 -123.3758,42.657,0 -123.37715,42.65918,0 -123.37638,42.66198,0 -123.37639,42.66431,0 -123.37808,42.66619,0 -123.38062,42.66761,0 -123.38069,42.67052,0 -123.38147,42.67313,0 -123.38346,42.67529,0 -123.3844,42.6781,0 -123.38448,42.68072,0 -123.38602,42.68282,0 -123.39136,42.68714,0 -123.39331,42.68926,0 -123.39322,42.69195,0 -123.39095,42.69392,0 -123.38714,42.69627,0 -123.38376,42.69826,0 -123.3786,42.70137,0 -123.37611,42.70277,0 -123.37213,42.70488,0 -123.36926,42.70631,0 -123.3667,42.7078,0 -123.36524,42.71019,0 -123.36584,42.71284,0 -123.36982,42.71603,0 -123.37194,42.71791,0 -123.37144,42.72095,0 -123.37193,42.72356,0 -123.37145,42.72605,0 -123.3695,42.7282,0 -123.36959,42.7309,0 -123.37077,42.73328,0 -123.36957,42.73608,0 -123.36966,42.73845,0 -123.37174,42.74025,0 -123.3726,42.74265,0 -123.37157,42.74477,0 -123.36767,42.7473,0 -123.36514,42.74892,0 -123.36028,42.75191,0 -123.35672,42.75416,0 -123.35064,42.75791,0 -123.34805,42.75951,0 -123.34127,42.76368,0 -123.33832,42.76538,0 -123.33531,42.76629,0 -123.32805,42.76658,0 -123.32238,42.76668,0 -123.31869,42.76698,0 -123.31474,42.76769,0 -123.30175,42.77164,0 -123.29729,42.773,0 -123.28647,42.77635,0 -123.28344,42.77727,0 -123.27556,42.77969,0 -123.27251,42.78066,0 -123.26859,42.78246,0 -123.26559,42.78462,0 -123.26369,42.78658,0 -123.25879,42.79303,0 -123.25658,42.79602,0 -123.25444,42.79877,0 -123.25271,42.80145,0 -123.25217,42.80394,0 -123.25274,42.8065,0 -123.25464,42.80903,0 -123.25768,42.81175,0 -123.25951,42.81356,0 -123.26075,42.81577,0 -123.26116,42.81892,0 -123.26093,42.82135,0 -123.2605,42.82467,0 -123.25995,42.82715,0 -123.25851,42.83009,0 -123.25534,42.83449,0 -123.25423,42.83685,0 -123.25343,42.83939,0 -123.25244,42.84196,0 -123.2522,42.84427,0 -123.25395,42.84627,0 -123.25525,42.84889,0 -123.25432,42.85107,0 -123.25016,42.85388,0 -123.24781,42.8556,0 -123.24639,42.86054,0 -123.24649,42.86669,0 -123.24608,42.86941,0 -123.24458,42.87203,0 -123.24352,42.87418,0 -123.24221,42.87844,0 -123.24141,42.88105,0 -123.2399,42.88614,0 -123.23906,42.88891,0 -123.23794,42.89259,0 -123.23863,42.8951,0 -123.24281,42.89659,0 -123.24664,42.89743,0 -123.24948,42.89852,0 -123.25082,42.90099,0 -123.25208,42.9033,0 -123.25551,42.90566,0 -123.25859,42.90669,0 -123.26166,42.90814,0 -123.26408,42.91064,0 -123.26601,42.91322,0 -123.26939,42.91544,0 -123.27278,42.91736,0 -123.27531,42.91982,0 -123.27701,42.92199,0 -123.2789,42.92434,0 -123.28111,42.92718,0 -123.28252,42.92957,0 -123.28397,42.93398,0 -123.28491,42.93691,0 -123.2865,42.93966,0 -123.29088,42.94356,0 -123.29432,42.94655,0 -123.29698,42.94791,0 -123.31325,42.948,0 -123.31922,42.94798,0 -123.32266,42.94795,0 -123.32626,42.94797,0 -123.32929,42.94889,0 -123.3306,42.95106,0 -123.3274,42.95551,0 -123.32547,42.95761,0 -123.32474,42.95983,0 -123.32643,42.96195,0 -123.32995,42.96307,0 -123.33287,42.96422,0 -123.33534,42.96607,0 -123.33679,42.96858,0 -123.33684,42.97094,0 -123.33585,42.9735,0 -123.33397,42.9781,0 -123.33239,42.98194,0 -123.33105,42.98497,0 -123.32596,42.99214,0 -123.32417,42.99447,0 -123.32189,42.99628,0 -123.31058,43.00423,0 -123.30739,43.00654,0 -123.30424,43.00871,0 -123.30145,43.01087,0 -123.30034,43.01352,0 -123.30102,43.01628,0 -123.3018,43.01873,0 -123.30089,43.02095,0 -123.29863,43.02251,0 -123.29789,43.02485,0 -123.30028,43.02663,0 -123.30153,43.02888,0 -123.30414,43.03032,0 -123.31126,43.02981,0 -123.31461,43.02979,0 -123.31879,43.03084,0 -123.32406,43.03277,0 -123.32809,43.03425,0 -123.33071,43.03566,0 -123.33254,43.03772,0 -123.33335,43.04026,0 -123.33288,43.04289,0 -123.33161,43.04682,0 -123.33118,43.04929,0 -123.33149,43.05165,0 -123.33269,43.05416,0 -123.33447,43.05617,0 -123.33713,43.0579,0 -123.34185,43.05985,0 -123.34495,43.06116,0 -123.34734,43.06322,0 -123.34906,43.06513,0 -123.35314,43.06965,0 -123.35558,43.07197,0 -123.35765,43.07385,0 -123.36003,43.07606,0 -123.3626,43.07843,0 -123.36423,43.08055,0 -123.36604,43.08509,0 -123.36737,43.08849,0 -123.36769,43.09193,0 -123.36744,43.09522,0 -123.367,43.10123,0 -123.36609,43.10384,0 -123.3629,43.10506,0 -123.35935,43.10536,0 -123.35676,43.10703,0 -123.35509,43.10908,0 -123.35483,43.11146,0 -123.35708,43.11398,0 -123.35869,43.11686,0 -123.36303,43.12361,0 -123.36389,43.12585,0 -123.36434,43.13781,0 -123.36476,43.14695,0 -123.36487,43.14973,0 -123.36497,43.15264,0 -123.36517,43.15956,0 -123.36534,43.16412,0 -123.3658,43.1668,0 -123.36691,43.16914,0 -123.36864,43.17169,0 -123.37004,43.17412,0 -123.37131,43.17644,0 -123.37324,43.17993,0 -123.37403,43.18215,0 -123.37345,43.18465,0 -123.37157,43.18697,0 -123.36924,43.1889,0 -123.36566,43.19097,0 -123.36312,43.19285,0 -123.36128,43.19503,0 -123.36009,43.19712,0 -123.3593,43.20002,0 -123.35892,43.20562,0 -123.35811,43.20796,0 -123.35598,43.21,0 -123.35471,43.21209,0 -123.3556,43.21469,0 -123.3567,43.2168,0 -123.3584,43.22027,0 -123.35935,43.22245,0 -123.36015,43.22472,0 -123.36096,43.22705,0 -123.36155,43.22972,0 -123.36071,43.23485,0 -123.36054,43.23755,0 -123.36035,43.24141,0 -123.36023,43.24399,0 -123.36004,43.2469,0 -123.35991,43.24958,0 -123.35972,43.25315,0 -123.35958,43.25569,0 -123.35917,43.25869,0 -123.35852,43.2612,0 -123.35702,43.26676,0 -123.35626,43.26951,0 -123.35558,43.27201,0 -123.35508,43.27457,0 -123.35538,43.27801,0 -123.35599,43.28435,0 -123.35589,43.28713,0 -123.35476,43.28954,0 -123.35291,43.29286,0 -123.35155,43.29528,0 -123.35031,43.29805,0 -123.34946,43.30087,0 -123.349,43.30339,0 -123.34848,43.30668,0 -123.34739,43.31371,0 -123.34693,43.3166,0 -123.34613,43.31942,0 -123.34503,43.32206,0 -123.34383,43.32431,0 -123.34114,43.32813,0 -123.33374,43.33816,0 -123.33164,43.34103,0 -123.33008,43.34315,0 -123.32876,43.34531,0 -123.3285,43.3479,0 -123.32851,43.35018,0 -123.32759,43.35381,0 -123.32738,43.35682,0 -123.32788,43.36007,0 -123.32856,43.36336,0 -123.32949,43.36595,0 -123.33082,43.36871,0 -123.33267,43.37147,0 -123.33614,43.37548,0 -123.33769,43.37816,0 -123.33826,43.38053,0 -123.33812,43.38309,0 -123.33774,43.38609,0 -123.33733,43.38919,0 -123.33691,43.39265,0 -123.33663,43.39513,0 -123.33616,43.39887,0 -123.33584,43.40119,0 -123.33496,43.40364,0 -123.33339,43.4057,0 -123.32937,43.41089,0 -123.32654,43.41444,0 -123.32174,43.42055,0 -123.31977,43.42316,0 -123.31888,43.42578,0 -123.31873,43.42842,0 -123.31793,43.43066,0 -123.31494,43.43351,0 -123.31362,43.43588,0 -123.31456,43.4384,0 -123.3165,43.44041,0 -123.31927,43.44325,0 -123.32177,43.44582,0 -123.32349,43.44944,0 -123.32456,43.45293,0 -123.32508,43.45534,0 -123.32325,43.45865,0 -123.32118,43.46137,0 -123.31731,43.46645,0 -123.31613,43.46892,0 -123.31601,43.47166,0 -123.31713,43.47402,0 -123.31978,43.47687,0 -123.32174,43.47901,0 -123.32333,43.48126,0 -123.32467,43.48355,0 -123.32646,43.48586,0 -123.32863,43.48806,0 -123.33027,43.49043,0 -123.32981,43.4929,0 -123.32731,43.4954,0 -123.32459,43.49801,0 -123.32265,43.49998,0 -123.32022,43.50299,0 -123.31803,43.50634,0 -123.31614,43.51024,0 -123.31509,43.51325,0 -123.31412,43.51637,0 -123.31328,43.51925,0 -123.31238,43.5222,0 -123.31153,43.52446,0 -123.3093,43.52628,0 -123.3062,43.52694,0 -123.30319,43.52787,0 -123.30094,43.52947,0 -123.2991,43.53158,0 -123.2964,43.53345,0 -123.29366,43.53535,0 -123.29177,43.53762,0 -123.29055,43.54015,0 -123.28913,43.54351,0 -123.28813,43.54577,0 -123.28638,43.54973,0 -123.28513,43.55257,0 -123.28394,43.55534,0 -123.28238,43.55885,0 -123.28139,43.56112,0 -123.27996,43.56336,0 -123.27611,43.56689,0 -123.27321,43.56951,0 -123.27068,43.57183,0 -123.26093,43.58069,0 -123.25618,43.58502,0 -123.25219,43.58861,0 -123.24992,43.59054,0 -123.24769,43.59216,0 -123.24402,43.59442,0 -123.24094,43.59622,0 -123.23761,43.59813,0 -123.23214,43.60131,0 -123.22859,43.60335,0 -123.22524,43.6053,0 -123.22263,43.60707,0 -123.21923,43.61034,0 -123.21651,43.61322,0 -123.21473,43.61621,0 -123.21443,43.61882,0 -123.21503,43.62107,0 -123.21639,43.62318,0 -123.2181,43.62578,0 -123.21945,43.62845,0 -123.21956,43.63075,0 -123.21769,43.635,0 -123.21671,43.63716,0 -123.21517,43.64052,0 -123.21386,43.64336,0 -123.21276,43.64578,0 -123.21176,43.64802,0 -123.20811,43.65373,0 -123.2065,43.65605,0 -123.20485,43.65842,0 -123.20338,43.66076,0 -123.20257,43.66361,0 -123.20289,43.66628,0 -123.20283,43.66875,0 -123.20203,43.67094,0 -123.2004,43.67421,0 -123.19884,43.67725,0 -123.19779,43.67945,0 -123.1978,43.68203,0 -123.1995,43.68418,0 -123.2001,43.68661,0 -123.19958,43.6891,0 -123.19952,43.69147,0 -123.20092,43.69481,0 -123.20384,43.70149,0 -123.20544,43.70392,0 -123.20804,43.70567,0 -123.21102,43.70663,0 -123.21417,43.70721,0 -123.21707,43.70833,0 -123.21838,43.7104,0 -123.21762,43.71271,0 -123.21565,43.7147,0 -123.21198,43.71831,0 -123.20888,43.72122,0 -123.20687,43.72328,0 -123.20484,43.72539,0 -123.20295,43.72749,0 -123.19988,43.73079,0 -123.19782,43.73292,0 -123.19513,43.73473,0 -123.19201,43.73607,0 -123.18854,43.73747,0 -123.18556,43.73928,0 -123.18334,43.74138,0 -123.18169,43.74399,0 -123.17998,43.74626,0 -123.17544,43.74938,0 -123.17241,43.75053,0 -123.16793,43.75073,0 -123.16474,43.75143,0 -123.16182,43.75252,0 -123.15389,43.75285,0 -123.15021,43.75203,0 -123.14683,43.75148,0 -123.14372,43.75204,0 -123.14104,43.75327,0 -123.1379,43.75365,0 -123.13161,43.75209,0 -123.12702,43.75079,0 -123.12368,43.75004,0 -123.12043,43.74987,0 -123.11593,43.75008,0 -123.11272,43.7503,0 -123.10797,43.75172,0 -123.09301,43.75751,0 -123.07313,43.76526,0 -123.06777,43.76733,0 -123.06504,43.76868,0 -123.06264,43.77041,0 -123.06068,43.77256,0 -123.05917,43.77522,0 -123.05623,43.78121,0 -123.05431,43.78509,0 -123.05339,43.7874,0 -123.05309,43.78988,0 -123.05161,43.79192,0 -123.0495,43.79374,0 -123.0473,43.79602,0 -123.04557,43.79866,0 -123.0436,43.80281,0 -123.04209,43.80601,0 -123.04064,43.80904,0 -123.03957,43.8112,0 -123.03835,43.81382,0 -123.03717,43.81637,0 -123.03581,43.81916,0 -123.03391,43.82319,0 -123.03184,43.82756,0 -123.03032,43.83088,0 -123.02814,43.83537,0 -123.02665,43.83855,0 -123.02529,43.84136,0 -123.02387,43.84435,0 -123.02253,43.84728,0 -123.02023,43.85219,0 -123.01893,43.85475,0 -123.01679,43.8593,0 -123.01546,43.86213,0 -123.01348,43.86631,0 -123.01262,43.86854,0 -123.01266,43.87148,0 -123.01304,43.87575,0 -123.0133,43.87937,0 -123.01358,43.88299,0 -123.01389,43.88687,0 -123.01438,43.89302,0 -123.01468,43.8967,0 -123.01456,43.90027,0 -123.01376,43.90619,0 -123.01327,43.90972,0 -123.01282,43.91332,0 -123.01243,43.91624,0 -123.01203,43.91901,0 -123.01131,43.92403,0 -123.01084,43.92753,0 -123.01032,43.93128,0 -123.00968,43.93581,0 -123.00922,43.93931,0 -123.00867,43.94318,0 -123.00861,43.94547,0 -123.0092,43.94928,0 -123.00974,43.95275,0 -123.01016,43.95554,0 -123.01064,43.95855,0 -123.01123,43.96252,0 -123.01171,43.96563,0 -123.01184,43.96817,0 -123.01134,43.97089,0 -123.01027,43.97501,0 -123.00952,43.97785,0 -123.00857,43.98148,0 -123.00755,43.98536,0 -123.0065,43.98937,0 -123.00586,43.99182,0 -123.00539,43.99406,0 -123.00618,43.99661,0 -123.0084,43.99853,0 -123.01394,44.00063,0 -123.0167,44.00179,0 -123.01882,44.00378,0 -123.02182,44.01026,0 -123.02461,44.01658,0 -123.02623,44.02022,0 -123.02744,44.02298,0 -123.02871,44.02588,0 -123.02954,44.02884,0 -123.03001,44.03141,0 -123.03149,44.03363,0 -123.0346,44.03482,0 -123.03783,44.03489,0 -123.04101,44.03491,0 -123.04412,44.03555,0 -123.04697,44.03717,0 -123.04853,44.03915,0 -123.04949,44.04137,0 -123.04986,44.04365,0 -123.04993,44.04689,0 -123.05003,44.05019,0 -123.05007,44.05346,0 -123.04986,44.05631,0 -123.0495,44.05899,0 -123.04912,44.06226,0 -123.04869,44.06598,0 -123.04834,44.06904,0 -123.04756,44.07563,0 -123.04713,44.07915,0 -123.04681,44.08201,0 -123.04635,44.08555,0 -123.04601,44.08839,0 -123.04555,44.0922,0 -123.04527,44.09452,0 -123.04482,44.09828,0 -123.0444,44.10176,0 -123.04409,44.10417,0 -123.0441,44.10713,0 -123.04466,44.10956,0 -123.04551,44.11288,0 -123.04652,44.1168,0 -123.04916,44.12724,0 -123.05004,44.13063,0 -123.05086,44.13395,0 -123.05226,44.13928,0 -123.05494,44.14972,0 -123.05653,44.15603,0 -123.058,44.16178,0 -123.05898,44.16548,0 -123.0599,44.16932,0 -123.06028,44.17177,0 -123.06038,44.17425,0 -123.06038,44.18118,0 -123.06042,44.19839,0 -123.06053,44.22125,0 -123.06055,44.22596,0 -123.06056,44.23197,0 -123.06063,44.23927,0 -123.06063,44.24181,0 -123.06065,44.2517,0 -123.0607,44.27632,0 -123.06071,44.27928,0 -123.06074,44.28422,0 -123.06083,44.29902,0 -123.06083,44.30693,0 -123.06086,44.31452,0 -123.06099,44.35949,0 -123.06102,44.37091,0 -123.06104,44.37877,0 -123.06106,44.38558,0 -123.0611,44.39173,0 -123.06112,44.39434,0 -123.06113,44.3978,0 -123.06113,44.40039,0 -123.06114,44.40725,0 -123.06112,44.41578,0 -123.06119,44.42056,0 -123.06118,44.42711,0 -123.06126,44.43875,0 -123.06128,44.44358,0 -123.06128,44.45431,0 -123.06136,44.47322,0 -123.06148,44.50499,0 -123.06153,44.53038,0 -123.06158,44.54163,0 -123.06163,44.55095,0 -123.06166,44.55908,0 -123.06168,44.56337,0 -123.06174,44.58436,0 -123.06174,44.5901,0 -123.06177,44.59551,0 -123.06182,44.60576,0 -123.06183,44.6107,0 -123.06187,44.62632,0 -123.06189,44.62917,0 -123.06208,44.63525,0 -123.06225,44.63956,0 -123.06239,44.64357,0 -123.06229,44.64598,0 -123.06161,44.65015,0 -123.06086,44.65426,0 -123.06029,44.65731,0 -123.05886,44.66513,0 -123.05819,44.66872,0 -123.05764,44.67127,0 -123.05635,44.67509,0 -123.0542,44.68105,0 -123.05329,44.6839,0 -123.05261,44.68736,0 -123.05244,44.68962,0 -123.05224,44.69274,0 -123.05191,44.69705,0 -123.05184,44.70052,0 -123.05232,44.70479,0 -123.05355,44.70904,0 -123.05417,44.71155,0 -123.05455,44.71469,0 -123.05441,44.71781,0 -123.05419,44.72033,0 -123.05391,44.72327,0 -123.05365,44.72563,0 -123.0534,44.72813,0 -123.05314,44.73062,0 -123.05291,44.73316,0 -123.05267,44.73614,0 -123.05245,44.73852,0 -123.05207,44.74168,0 -123.0517,44.74527,0 -123.05132,44.749,0 -123.05105,44.75158,0 -123.05058,44.75423,0 -123.0499,44.75656,0 -123.04817,44.76082,0 -123.04703,44.76348,0 -123.04531,44.76763,0 -123.04377,44.77129,0 -123.04229,44.7748,0 -123.04059,44.77887,0 -123.03949,44.7815,0 -123.03836,44.7842,0 -123.03721,44.78695,0 -123.03602,44.78975,0 -123.03458,44.7932,0 -123.03343,44.79593,0 -123.03176,44.79991,0 -123.0308,44.80218,0 -123.0298,44.80457,0 -123.02886,44.80682,0 -123.02783,44.80926,0 -123.02665,44.81203,0 -123.02561,44.81446,0 -123.02431,44.81685,0 -123.02251,44.81936,0 -123.0207,44.82137,0 -123.01868,44.82322,0 -123.01604,44.82538,0 -123.01382,44.82725,0 -123.01176,44.82942,0 -123.01018,44.83172,0 -123.0091,44.83398,0 -123.00846,44.83621,0 -123.0082,44.83878,0 -123.0084,44.84158,0 -123.00876,44.84482,0 -123.00879,44.84721,0 -123.00884,44.84985,0 -123.00954,44.8524,0 -123.00992,44.8551,0 -123.01022,44.85841,0 -123.00978,44.86072,0 -123.00847,44.86315,0 -123.00623,44.86564,0 -123.00412,44.86789,0 -123.0023,44.86995,0 -123.00097,44.87204,0 -123.00001,44.87447,0 -122.99955,44.87686,0 -122.99917,44.87925,0 -122.99877,44.88168,0 -122.99819,44.88498,0 -122.99737,44.88737,0 -122.99586,44.88946,0 -122.99356,44.89124,0 -122.99074,44.89283,0 -122.98815,44.89431,0 -122.98611,44.89613,0 -122.98481,44.89821,0 -122.98428,44.90064,0 -122.98497,44.90407,0 -122.98583,44.90695,0 -122.98658,44.9094,0 -122.98779,44.91342,0 -122.98861,44.91615,0 -122.98934,44.9186,0 -122.98985,44.92097,0 -122.99013,44.92323,0 -122.99016,44.92764,0 -122.99016,44.93081,0 -122.99016,44.93333,0 -122.99015,44.93638,0 -122.99015,44.93965,0 -122.99015,44.94311,0 -122.99015,44.94745,0 -122.99009,44.95062,0 -122.99003,44.95364,0 -122.99003,44.95646,0 -122.99003,44.96206,0 -122.99003,44.96558,0 -122.99003,44.96797,0 -122.99003,44.97328,0 -122.99037,44.97578,0 -122.99151,44.97853,0 -122.99294,44.98181,0 -122.99419,44.98467,0 -122.99544,44.98703,0 -122.99707,44.98903,0 -122.99886,44.99113,0 -123.00009,44.99337,0 -123.00052,44.9956,0 -123.00018,44.99798,0 -122.9991,45.00026,0 -122.9979,45.00245,0 -122.99651,45.00506,0 -122.99527,45.00737,0 -122.99277,45.01201,0 -122.99103,45.01524,0 -122.98989,45.01737,0 -122.9884,45.02014,0 -122.98539,45.02572,0 -122.9835,45.02923,0 -122.98092,45.03403,0 -122.97865,45.03822,0 -122.97429,45.04631,0 -122.97236,45.0499,0 -122.97087,45.05266,0 -122.96929,45.05559,0 -122.96795,45.05807,0 -122.96568,45.06227,0 -122.96309,45.06707,0 -122.961,45.07093,0 -122.95949,45.07321,0 -122.95154,45.08115,0 -122.94838,45.08425,0 -122.94531,45.08726,0 -122.94214,45.09038,0 -122.93899,45.09349,0 -122.93268,45.09971,0 -122.93041,45.10194,0 -122.92448,45.10779,0 -122.92151,45.1107,0 -122.9185,45.11366,0 -122.91259,45.11947,0 -122.90959,45.12242,0 -122.90665,45.12532,0 -122.90072,45.13115,0 -122.89773,45.13408,0 -122.89547,45.1363,0 -122.88911,45.14255,0 -122.88624,45.14536,0 -122.88375,45.14781,0 -122.88116,45.14945,0 -122.87883,45.15103,0 -122.87781,45.15342,0 -122.87441,45.15698,0 -122.87232,45.15903,0 -122.87024,45.16107,0 -122.86814,45.16313,0 -122.86362,45.16757,0 -122.86144,45.16971,0 -122.8589,45.17219,0 -122.85529,45.17573,0 -122.85234,45.17862,0 -122.84764,45.18323,0 -122.84415,45.18665,0 -122.84143,45.18932,0 -122.83895,45.19182,0 -122.83692,45.19407,0 -122.8347,45.1968,0 -122.83277,45.19946,0 -122.83074,45.20238,0 -122.82868,45.20533,0 -122.8247,45.21102,0 -122.82266,45.21394,0 -122.82088,45.21648,0 -122.8193,45.21873,0 -122.8178,45.22088,0 -122.81571,45.22382,0 -122.81415,45.22581,0 -122.81203,45.22837,0 -122.80815,45.23306,0 -122.80627,45.23533,0 -122.80448,45.2375,0 -122.80271,45.23963,0 -122.80084,45.24189,0 -122.79857,45.24463,0 -122.79666,45.24693,0 -122.79444,45.24962,0 -122.79281,45.2516,0 -122.79097,45.25382,0 -122.78805,45.25734,0 -122.78633,45.25942,0 -122.78416,45.26205,0 -122.78159,45.26515,0 -122.77977,45.26734,0 -122.77808,45.2694,0 -122.77595,45.27201,0 -122.77381,45.27461,0 -122.77201,45.27678,0 -122.77029,45.27887,0 -122.76932,45.28113,0 -122.76929,45.28339,0 -122.76929,45.28567,0 -122.7693,45.28793,0 -122.76928,45.29334,0 -122.76917,45.29559,0 -122.76904,45.29815,0 -122.76907,45.3014,0 -122.76907,45.30692,0 -122.76908,45.31029,0 -122.7691,45.31257,0 -122.7691,45.31735,0 -122.76911,45.3202,0 -122.76911,45.32325,0 -122.76912,45.32778,0 -122.7691,45.33147,0 -122.76911,45.33482,0 -122.76908,45.3376,0 -122.76873,45.34044,0 -122.76815,45.34277,0 -122.76718,45.3455,0 -122.76626,45.34785,0 -122.76521,45.35047,0 -122.76392,45.35366,0 -122.76276,45.35649,0 -122.76188,45.35869,0 -122.76073,45.3616,0 -122.75934,45.36507,0 -122.758,45.3684,0 -122.7561,45.37312,0 -122.75434,45.37748,0 -122.75329,45.38006,0 -122.75236,45.38249,0 -122.75128,45.38528,0 -122.75038,45.38791,0 -122.74875,45.39209,0 -122.74763,45.39492,0 -122.74666,45.39729,0 -122.74556,45.40003,0 -122.74472,45.40248,0 -122.74411,45.40524,0 -122.74387,45.40776,0 -122.74386,45.41041,0 -122.74387,45.41322,0 -122.74391,45.41598,0 -122.74395,45.41883,0 -122.74396,45.42117,0 -122.74401,45.4257,0 -122.74404,45.42813,0 -122.74406,45.43127,0 -122.74408,45.43492,0 -122.74402,45.4375,0 -122.74303,45.43979,0 -122.7409,45.44237,0 -122.73881,45.4443,0 -122.73571,45.44522,0 -122.7327,45.44608,0 -122.7303,45.44797,0 -122.72835,45.45101,0 -122.72621,45.45278,0 -122.72299,45.45355,0 -122.71951,45.45342,0 -122.71603,45.45402,0 -122.71203,45.45617,0 -122.70913,45.45776,0 -122.70561,45.45976,0 -122.70216,45.46175,0 -122.69953,45.46325,0 -122.69631,45.4649,0 -122.69296,45.46688,0 -122.69051,45.46905,0 -122.68752,45.47023,0 -122.6838,45.47004,0 -122.68031,45.46956,0 -122.67752,45.47093,0 -122.67763,45.47323,0 -122.67855,45.47578,0 -122.6787,45.47834,0 -122.67871,45.48076,0 -122.67888,45.48323,0 -122.67917,45.4856,0 -122.67743,45.48819,0 -122.6752,45.49006,0 -122.67386,45.49213,0 -122.67339,45.49527,0 -122.67326,45.4979,0 -122.67323,45.50023,0 -122.67396,45.50267,0 -122.67485,45.50484,0 -122.6757,45.50701,0 -122.67605,45.50926,0 -122.67499,45.51143,0 -122.6784,45.51292,0 -122.67837,45.5152,0 -122.67714,45.51746,0 -122.67437,45.51871,0 -122.67106,45.51821,0 -122.66779,45.51722,0 -122.66598,45.51933,0 -122.66544,45.52212,0 -122.66528,45.52543,0 -122.66517,45.52827,0 -122.66514,45.531,0 -122.66564,45.53323,0 -122.6674,45.53582,0 -122.66978,45.53867,0 -122.67146,45.54071,0 -122.67346,45.54248,0 -122.67649,45.54499,0 -122.67828,45.54686,0 -122.67857,45.55092,0 -122.67854,45.5536,0 -122.67851,45.55593,0 -122.67846,45.56026,0 -122.67854,45.56355,0 -122.67855,45.56596,0 -122.67853,45.56832,0 -122.67859,45.57103,0 -122.67857,45.57399,0 -122.67853,45.57728,0 -122.67848,45.58078,0 -122.67875,45.58321,0 -122.6801,45.58646,0 -122.68198,45.59061,0 -122.68299,45.59285,0 -122.68404,45.59521,0 -122.68441,45.59747,0 -122.68384,45.60004,0 -122.68308,45.60263,0 -122.68238,45.60501,0 -122.6813,45.60754,0 -122.67998,45.60979,0 -122.67877,45.61191,0 -122.67685,45.6151,0 -122.67507,45.61807,0 -122.67383,45.62015,0 -122.67245,45.62224,0 -122.67027,45.62399,0 -122.66832,45.62592,0 -122.665,45.63132,0 -122.66316,45.63436,0 -122.66196,45.63668,0 -122.66174,45.64108,0 -122.66171,45.64345,0 -122.66164,45.64719,0 -122.66165,45.64983,0 -122.66265,45.65277,0 -122.66523,45.65914,0 -122.6662,45.66155,0 -122.6671,45.66418,0 -122.667,45.66643,0 -122.66547,45.66951,0 -122.66452,45.6718,0 -122.66443,45.67567,0 -122.66449,45.67925,0 -122.66449,45.68442,0 -122.66406,45.68699,0 -122.66252,45.69046,0 -122.66095,45.69346,0 -122.65911,45.697,0 -122.65723,45.70053,0 -122.65476,45.70525,0 -122.65359,45.70746,0 -122.65275,45.71048,0 -122.65286,45.71286,0 -122.65359,45.7152,0 -122.65458,45.71746,0 -122.6551,45.71981,0 -122.65485,45.72242,0 -122.65473,45.72469,0 -122.65543,45.72733,0 -122.65621,45.73002,0 -122.65713,45.73301,0 -122.65806,45.73602,0 -122.65883,45.73851,0 -122.65958,45.74102,0 -122.66111,45.74603,0 -122.6619,45.74849,0 -122.66263,45.75087,0 -122.6634,45.75339,0 -122.66538,45.75979,0 -122.66621,45.76246,0 -122.6671,45.76533,0 -122.66909,45.77181,0 -122.67041,45.77606,0 -122.67142,45.77926,0 -122.67279,45.78377,0 -122.6746,45.78961,0 -122.67556,45.79284,0 -122.67652,45.79574,0 -122.67884,45.801,0 -122.68045,45.80445,0 -122.68174,45.80723,0 -122.68372,45.81149,0 -122.68735,45.8193,0 -122.68965,45.82438,0 -122.69126,45.82779,0 -122.69228,45.82994,0 -122.69568,45.83719,0 -122.69785,45.84193,0 -122.7007,45.84801,0 -122.70361,45.85426,0 -122.70462,45.85654,0 -122.70532,45.85915,0 -122.70575,45.86306,0 -122.70628,45.86574,0 -122.70738,45.86821,0 -122.7101,45.87166,0 -122.71204,45.87371,0 -122.71418,45.87571,0 -122.72831,45.88444,0 -122.73093,45.88658,0 -122.73285,45.88968,0 -122.73428,45.89204,0 -122.73666,45.89605,0 -122.73914,45.90017,0 -122.74066,45.90267,0 -122.7422,45.90557,0 -122.74417,45.90854,0 -122.74871,45.91601,0 -122.75048,45.91892,0 -122.75235,45.92213,0 -122.75417,45.92463,0 -122.75592,45.92739,0 -122.7574,45.92984,0 -122.75944,45.93232,0 -122.76313,45.93507,0 -122.7764,45.94348,0 -122.77889,45.94505,0 -122.78909,45.95183,0 -122.79311,45.95433,0 -122.80328,45.95982,0 -122.80812,45.96336,0 -122.81125,45.96648,0 -122.82146,45.97701,0 -122.82458,45.98025,0 -122.82879,45.9848,0 -122.83373,45.99043,0 -122.83897,45.99613,0 -122.84111,45.99855,0 -122.84276,46.00056,0 -122.84404,46.00384,0 -122.84468,46.00606,0 -122.84841,46.01438,0 -122.84902,46.01687,0 -122.85149,46.02206,0 -122.85284,46.0248,0 -122.85412,46.02807,0 -122.85506,46.03059,0 -122.8567,46.03482,0 -122.85766,46.03784,0 -122.8587,46.0408,0 -122.85975,46.04408,0 -122.86063,46.04657,0 -122.86211,46.05093,0 -122.863,46.05365,0 -122.86389,46.05603,0 -122.86573,46.05924,0 -122.86689,46.06198,0 -122.86774,46.06661,0 -122.86796,46.06923,0 -122.8677,46.07165,0 -122.86699,46.07467,0 -122.86647,46.07716,0 -122.86638,46.07992,0 -122.86689,46.08215,0 -122.86965,46.08926,0 -122.87341,46.09704,0 -122.87476,46.09956,0 -122.87728,46.10377,0 -122.87867,46.10619,0 -122.88056,46.10934,0 -122.88322,46.11324,0 -122.8869,46.11894,0 -122.8887,46.12172,0 -122.89032,46.12378,0 -122.8936,46.12557,0 -122.89669,46.12715,0 -122.89843,46.12935,0 -122.89856,46.13244,0 -122.89827,46.13494,0 -122.89785,46.13832,0 -122.89751,46.14078,0 -122.89728,46.14316,0 -122.89767,46.14553,0 -122.89961,46.14926,0 -122.90061,46.15147,0 -122.90132,46.15371,0 -122.90179,46.15598,0 -122.90272,46.16142,0 -122.90322,46.16433,0 -122.90422,46.16983,0 -122.90439,46.17213,0 -122.90354,46.17436,0 -122.90187,46.17664,0 -122.89973,46.17954,0 -122.89812,46.18223,0 -122.89618,46.18758,0 -122.89343,46.19562,0 -122.89264,46.19795,0 -122.89215,46.20063,0 -122.89189,46.20908,0 -122.89124,46.21339,0 -122.89053,46.2167,0 -122.88871,46.22411,0 -122.88791,46.22893,0 -122.88654,46.23728,0 -122.8859,46.24121,0 -122.88532,46.24421,0 -122.88411,46.24862,0 -122.88368,46.25098,0 -122.88364,46.25408,0 -122.88463,46.25647,0 -122.88694,46.25972,0 -122.88958,46.26344,0 -122.89274,46.26837,0 -122.89406,46.27052,0 -122.89742,46.27595,0 -122.8999,46.28013,0 -122.90158,46.28308,0 -122.90292,46.28532,0 -122.90591,46.29057,0 -122.90797,46.29466,0 -122.91,46.2987,0 -122.91113,46.30114,0 -122.91294,46.30755,0 -122.91365,46.31047,0 -122.91463,46.3143,0 -122.91492,46.3181,0 -122.91433,46.32066,0 -122.91284,46.32362,0 -122.91107,46.32612,0 -122.90936,46.32863,0 -122.90849,46.33096,0 -122.90683,46.34506,0 -122.90624,46.34951,0 -122.90587,46.35328,0 -122.90586,46.35575,0 -122.90766,46.36312,0 -122.90794,46.36635,0 -122.90737,46.36927,0 -122.90313,46.38544,0 -122.90085,46.39417,0 -122.90023,46.39655,0 -122.89898,46.39903,0 -122.89263,46.40435,0 -122.89055,46.4064,0 -122.88953,46.4088,0 -122.88988,46.41288,0 -122.89046,46.41614,0 -122.89103,46.41916,0 -122.88924,46.43426,0 -122.88889,46.43663,0 -122.88808,46.44211,0 -122.88758,46.44544,0 -122.88411,46.47001,0 -122.88357,46.47366,0 -122.88277,46.47638,0 -122.8819,46.47869,0 -122.88098,46.48118,0 -122.87984,46.48432,0 -122.87822,46.48875,0 -122.87711,46.49177,0 -122.8766,46.49426,0 -122.87654,46.49666,0 -122.87653,46.49949,0 -122.87653,46.50457,0 -122.87653,46.50809,0 -122.87652,46.51133,0 -122.87653,46.52105,0 -122.87651,46.52422,0 -122.87651,46.52765,0 -122.87651,46.53746,0 -122.8765,46.54175,0 -122.87652,46.54464,0 -122.87649,46.54698,0 -122.87649,46.55156,0 -122.87648,46.55514,0 -122.87648,46.56092,0 -122.87647,46.56319,0 -122.87706,46.56589,0 -122.88035,46.57292,0 -122.88196,46.57643,0 -122.88418,46.57932,0 -122.88767,46.58298,0 -122.89034,46.58572,0 -122.89306,46.58859,0 -122.89983,46.59563,0 -122.90181,46.59812,0 -122.90448,46.60208,0 -122.90659,46.60533,0 -122.90816,46.6075,0 -122.91131,46.61006,0 -122.91836,46.61492,0 -122.92104,46.61677,0 -122.92372,46.61878,0 -122.92587,46.62058,0 -122.92835,46.62263,0 -122.93275,46.6263,0 -122.93674,46.62962,0 -122.93912,46.63163,0 -122.94326,46.6351,0 -122.94559,46.637,0 -122.94916,46.64,0 -122.95143,46.64187,0 -122.95429,46.64367,0 -122.96438,46.64859,0 -122.96907,46.65083,0 -122.97226,46.65243,0 -122.97485,46.65446,0 -122.97686,46.65635,0 -122.97791,46.65866,0 -122.97842,46.6609,0 -122.97919,46.66422,0 -122.98003,46.66651,0 -122.98057,46.66891,0 -122.97957,46.67119,0 -122.97601,46.675,0 -122.97324,46.67794,0 -122.97168,46.68033,0 -122.97008,46.68988,0 -122.9697,46.69247,0 -122.96981,46.69473,0 -122.97155,46.70003,0 -122.97369,46.70632,0 -122.975,46.71017,0 -122.97588,46.71573,0 -122.97616,46.71823,0 -122.97646,46.72065,0 -122.97686,46.72408,0 -122.97695,46.72651,0 -122.97661,46.72911,0 -122.97588,46.73144,0 -122.97516,46.73389,0 -122.97514,46.73628,0 -122.97577,46.73858,0 -122.98079,46.74583,0 -122.98221,46.74794,0 -122.98731,46.75628,0 -122.99226,46.76459,0 -122.99466,46.76846,0 -122.99762,46.77332,0 -122.9998,46.77691,0 -123.00422,46.78411,0 -123.0076,46.78969,0 -123.00932,46.79242,0 -123.01017,46.79463,0 -123.01,46.79718,0 -123.00867,46.79977,0 -123.00718,46.80226,0 -123.00544,46.80517,0 -123.00214,46.81052,0 -122.99959,46.81483,0 -122.99517,46.82229,0 -122.99222,46.82727,0 -122.99083,46.82964,0 -122.98819,46.83397,0 -122.98546,46.83859,0 -122.98345,46.84193,0 -122.97781,46.8512,0 -122.97617,46.85395,0 -122.9733,46.85873,0 -122.97207,46.8613,0 -122.97061,46.86582,0 -122.96598,46.88004,0 -122.964,46.8863,0 -122.96205,46.89244,0 -122.96084,46.89629,0 -122.96004,46.89865,0 -122.9587,46.90127,0 -122.9573,46.90358,0 -122.955,46.90748,0 -122.95337,46.91017,0 -122.95196,46.91251,0 -122.94968,46.91626,0 -122.94761,46.91968,0 -122.94648,46.92208,0 -122.94531,46.92598,0 -122.94378,46.93122,0 -122.94225,46.93642,0 -122.9413,46.93966,0 -122.93949,46.94544,0 -122.93879,46.9479,0 -122.93549,46.95907,0 -122.93429,46.96316,0 -122.93217,46.97037,0 -122.93098,46.97446,0 -122.92974,46.97702,0 -122.92686,46.98067,0 -122.92454,46.98355,0 -122.9228,46.98562,0 -122.91947,46.9896,0 -122.91679,46.99279,0 -122.91485,46.99523,0 -122.9135,46.99749,0 -122.91221,46.99973,0 -122.91002,47.00349,0 -122.90812,47.00679,0 -122.90677,47.00913,0 -122.90616,47.01163,0 -122.90581,47.01554,0 -122.90595,47.01781,0 -122.90629,47.02013,0 -122.90532,47.02238,0 -122.90251,47.02388,0 -122.89928,47.02487,0 -122.89668,47.02694,0 -122.89423,47.02944,0 -122.89207,47.03215,0 -122.88943,47.03439,0 -122.88606,47.03537,0 -122.88173,47.03571,0 -122.87831,47.03592,0 -122.8751,47.03677,0 -122.87143,47.03914,0 -122.86853,47.04029,0 -122.85845,47.04031,0 -122.85506,47.04036,0 -122.85062,47.04172,0 -122.84603,47.04353,0 -122.84241,47.0449,0 -122.82883,47.04623,0 -122.8245,47.04661,0 -122.82076,47.04747,0 -122.81797,47.04923,0 -122.81495,47.05132,0 -122.8093,47.05524,0 -122.80645,47.05656,0 -122.80167,47.05745,0 -122.77981,47.06103,0 -122.76746,47.06308,0 -122.76301,47.06354,0 -122.75858,47.06391,0 -122.73852,47.06677,0 -122.73512,47.06728,0 -122.72732,47.06782,0 -122.72357,47.06794,0 -122.71925,47.0679,0 -122.71556,47.06789,0 -122.71121,47.06887,0 -122.70485,47.07136,0 -122.69505,47.07506,0 -122.68976,47.07712,0 -122.67527,47.08144,0 -122.67168,47.08235,0 -122.66403,47.08348,0 -122.66059,47.084,0 -122.65189,47.08613,0 -122.64752,47.08721,0 -122.64371,47.08813,0 -122.63987,47.08888,0 -122.63657,47.08971,0 -122.63046,47.09111,0 -122.62545,47.09235,0 -122.622,47.09319,0 -122.61857,47.09425,0 -122.6102,47.09854,0 -122.60722,47.09999,0 -122.60201,47.10151,0 -122.59881,47.10238,0 -122.59345,47.10289,0 -122.5899,47.10363,0 -122.58669,47.10456,0 -122.58358,47.10571,0 -122.58096,47.10717,0 -122.5729,47.10977,0 -122.56988,47.111,0 -122.56096,47.11624,0 -122.55752,47.11806,0 -122.55272,47.12112,0 -122.54819,47.12375,0 -122.54278,47.12673,0 -122.5397,47.12869,0 -122.53704,47.13033,0 -122.53318,47.13262,0 -122.53056,47.13413,0 -122.52742,47.13582,0 -122.52275,47.13824,0 -122.51968,47.13958,0 -122.51622,47.14076,0 -122.51034,47.14389,0 -122.50753,47.14538,0 -122.50259,47.14802,0 -122.4988,47.15023,0 -122.49594,47.15192,0 -122.48527,47.15813,0 -122.48266,47.16007,0 -122.47873,47.16401,0 -122.47602,47.16668,0 -122.4728,47.16987,0 -122.46801,47.17454,0 -122.46637,47.17652,0 -122.4654,47.17892,0 -122.46335,47.1863,0 -122.46248,47.18958,0 -122.46221,47.19216,0 -122.46218,47.19506,0 -122.462,47.19775,0 -122.46142,47.20107,0 -122.46113,47.20334,0 -122.46141,47.20601,0 -122.4618,47.20894,0 -122.46217,47.21175,0 -122.46251,47.21426,0 -122.4632,47.21945,0 -122.46334,47.22178,0 -122.46327,47.2259,0 -122.46206,47.22824,0 -122.45971,47.22989,0 -122.45653,47.23063,0 -122.45134,47.23028,0 -122.44788,47.23009,0 -122.44428,47.23051,0 -122.44021,47.23163,0 -122.43649,47.23256,0 -122.43227,47.23306,0 -122.42867,47.23382,0 -122.42208,47.23674,0 -122.41909,47.23787,0 -122.41394,47.23868,0 -122.41012,47.23909,0 -122.40532,47.23931,0 -122.40183,47.2398,0 -122.39809,47.24078,0 -122.39443,47.24142,0 -122.39075,47.24145,0 -122.38664,47.24122,0 -122.37771,47.24056,0 -122.374,47.24043,0 -122.36749,47.24047,0 -122.363,47.24059,0 -122.35602,47.24077,0 -122.34912,47.24093,0 -122.34523,47.24103,0 -122.34189,47.24112,0 -122.33856,47.24177,0 -122.33551,47.24357,0 -122.33407,47.24593,0 -122.3331,47.24946,0 -122.33243,47.25196,0 -122.33124,47.25502,0 -122.32998,47.25716,0 -122.32787,47.2597,0 -122.3221,47.26505,0 -122.3183,47.26855,0 -122.31618,47.27078,0 -122.31378,47.27386,0 -122.312,47.27669,0 -122.31005,47.27983,0 -122.30856,47.28315,0 -122.30765,47.28583,0 -122.30678,47.28842,0 -122.30436,47.29562,0 -122.30344,47.29837,0 -122.3026,47.30086,0 -122.30039,47.30738,0 -122.29895,47.31092,0 -122.29807,47.31312,0 -122.2952,47.3202,0 -122.29448,47.3227,0 -122.29409,47.32524,0 -122.29368,47.32997,0 -122.29324,47.33519,0 -122.29266,47.342,0 -122.29261,47.3447,0 -122.29313,47.34708,0 -122.29474,47.35049,0 -122.29575,47.35286,0 -122.29631,47.35561,0 -122.29621,47.35811,0 -122.29514,47.36233,0 -122.29445,47.36508,0 -122.29337,47.36928,0 -122.29276,47.37164,0 -122.29116,47.37792,0 -122.29049,47.38056,0 -122.29009,47.38292,0 -122.29001,47.38538,0 -122.29017,47.38784,0 -122.29055,47.39055,0 -122.29098,47.39337,0 -122.29151,47.39698,0 -122.29212,47.40104,0 -122.29226,47.40444,0 -122.29183,47.40808,0 -122.29117,47.41064,0 -122.28991,47.41526,0 -122.28907,47.41753,0 -122.28736,47.41993,0 -122.28499,47.42198,0 -122.28146,47.4243,0 -122.27531,47.42835,0 -122.27264,47.43012,0 -122.27062,47.43222,0 -122.26943,47.43587,0 -122.26826,47.44104,0 -122.26756,47.44433,0 -122.26663,47.4475,0 -122.26532,47.45061,0 -122.26418,47.45328,0 -122.26355,47.45574,0 -122.26338,47.45804,0 -122.26338,47.46052,0 -122.26419,47.46283,0 -122.26566,47.46486,0 -122.26711,47.46704,0 -122.26826,47.47043,0 -122.26896,47.47305,0 -122.27106,47.47767,0 -122.27169,47.47991,0 -122.27108,47.48242,0 -122.26739,47.48601,0 -122.2652,47.48786,0 -122.26431,47.49028,0 -122.26579,47.49269,0 -122.26936,47.4956,0 -122.27148,47.49737,0 -122.27376,47.49948,0 -122.2762,47.50189,0 -122.27921,47.50505,0 -122.28101,47.50728,0 -122.28313,47.5101,0 -122.28647,47.51453,0 -122.2881,47.5168,0 -122.28948,47.51951,0 -122.29054,47.52179,0 -122.29175,47.52557,0 -122.2927,47.52813,0 -122.29365,47.53029,0 -122.29509,47.53324,0 -122.29655,47.5356,0 -122.29973,47.53862,0 -122.30354,47.5419,0 -122.30727,47.54537,0 -122.30975,47.54731,0 -122.3133,47.54951,0 -122.31601,47.55117,0 -122.31764,47.55328,0 -122.31998,47.55689,0 -122.32118,47.55916,0 -122.32144,47.56175,0 -122.32051,47.56653,0 -122.32017,47.56893,0 -122.31992,47.57169,0 -122.31972,47.575,0 -122.31927,47.57766,0 -122.31903,47.58038,0 -122.31979,47.58348,0 -122.32014,47.58713,0 -122.3207,47.58978,0 -122.32086,47.59242,0 -122.32034,47.59491,0 -122.32041,47.59727,0 -122.32178,47.59951,0 -122.3242,47.60146,0 -122.32636,47.60323,0 -122.32867,47.60586,0 -122.33034,47.60787,0 -122.33101,47.61015,0 -122.33015,47.61294,0 -122.32915,47.61555,0 -122.32836,47.61818,0 -122.32814,47.62128,0 -122.32815,47.62646,0 -122.32735,47.62871,0 -122.32521,47.63091,0 -122.32327,47.63423,0 -122.32271,47.63656,0 -122.32257,47.64186,0 -122.32254,47.64429,0 -122.32242,47.6467,0 -122.32243,47.64928,0 -122.32235,47.65601,0 -122.32218,47.65843,0 -122.3209,47.66055,0 -122.31769,47.6613,0 -122.31429,47.66129,0 -122.31095,47.66126,0 -122.30966,47.65895,0 -122.31128,47.65696,0 -122.30966,47.65895,0 -122.30625,47.65895,0 -122.30481,47.65688,0 -122.30418,47.65456,0 -122.3048,47.65682,0 -122.30625,47.65895,0 -122.30943,47.65975,0 -122.3097,47.65745,0 -122.30966,47.65976,0 -122.31257,47.66127,0 -122.31602,47.6613,0 -122.31955,47.66131,0 -122.32291,47.66121,0 -122.32287,47.65869,0 -122.32258,47.65575,0 -122.32267,47.65116,0 -122.32271,47.64868,0 -122.32304,47.64544,0 -122.32323,47.64271,0 -122.32328,47.63946,0 -122.32327,47.63707,0 -122.32369,47.63475,0 -122.32457,47.63256,0 -122.32666,47.63031,0 -122.32836,47.62831,0 -122.32868,47.62342,0 -122.32866,47.62083,0 -122.3287,47.61846,0 -122.32925,47.61613,0 -122.33046,47.61325,0 -122.3313,47.61093,0 -122.33114,47.60855,0 -122.32921,47.60605,0 -122.32725,47.60376,0 -122.32416,47.60117,0 -122.32193,47.5993,0 -122.3207,47.59721,0 -122.32067,47.59463,0 -122.32118,47.59222,0 -122.32078,47.58915,0 -122.32043,47.58673,0 -122.32017,47.58389,0 -122.3196,47.58149,0 -122.31935,47.57866,0 -122.31987,47.57615,0 -122.3201,47.57283,0 -122.32024,47.57057,0 -122.32108,47.56594,0 -122.32177,47.56297,0 -122.32206,47.56051,0 -122.32124,47.55791,0 -122.31957,47.55561,0 -122.31811,47.55323,0 -122.31638,47.55106,0 -122.3138,47.54944,0 -122.3109,47.54779,0 -122.30864,47.5461,0 -122.30608,47.54349,0 -122.30393,47.54132,0 -122.30148,47.53914,0 -122.29816,47.53641,0 -122.29593,47.53326,0 -122.29457,47.5305,0 -122.29326,47.52785,0 -122.29206,47.52514,0 -122.29072,47.52137,0 -122.28917,47.51819,0 -122.28781,47.51576,0 -122.28523,47.51242,0 -122.28385,47.51023,0 -122.28262,47.5079,0 -122.27915,47.50792,0 -122.27593,47.50708,0 -122.2728,47.50847,0 -122.27006,47.51022,0 -122.27005,47.51251,0 -122.27004,47.51489,0 -122.27003,47.51716,0 -122.27,47.51985,0 -122.27002,47.51732,0 -122.27004,47.51489,0 -122.27005,47.51251,0 -122.27006,47.51022,0 -122.2728,47.50847,0 -122.27529,47.50692,0 -122.27826,47.50802,0 -122.28165,47.50843,0 -122.28647,47.51453,0 -122.2881,47.5168,0 -122.28948,47.51951,0 -122.29054,47.52179,0 -122.29175,47.52557,0 -122.2927,47.52813,0 -122.29365,47.53029,0 -122.29509,47.53324,0 -122.29655,47.5356,0 -122.29973,47.53862,0 -122.30354,47.5419,0 -122.30727,47.54537,0 -122.30975,47.54731,0 -122.3133,47.54951,0 -122.31601,47.55117,0 -122.31764,47.55328,0 -122.31998,47.55689,0 -122.32118,47.55916,0 -122.32144,47.56175,0 -122.32051,47.56653,0 -122.32017,47.56893,0 -122.31992,47.57169,0 -122.31972,47.575,0 -122.31927,47.57766,0 -122.31903,47.58038,0 -122.31979,47.58348,0 -122.32014,47.58713,0 -122.3207,47.58978,0 -122.32086,47.59242,0 -122.32034,47.59491,0 -122.32041,47.59727,0 -122.32178,47.59951,0 -122.3242,47.60146,0 -122.32636,47.60323,0 -122.32867,47.60586,0 -122.33048,47.6078,0 -122.33287,47.60941,0 -122.33515,47.61188,0 -122.33715,47.61369,0 -122.33974,47.61523,0 -122.34226,47.61672,0 -122.34485,47.61827,0 -122.34747,47.61974,0 -122.34758,47.62207,0 -122.34756,47.62434,0 -122.34411,47.62441,0 -122.34075,47.62456,0 -122.3373,47.62455,0 -122.33364,47.62461,0 -122.33025,47.62541,0 -122.32818,47.62756,0 -122.32612,47.63004,0 -122.32424,47.63203,0 -122.32327,47.63423,0 -122.32271,47.63656,0 -122.3225,47.63917,0 -122.32233,47.64151,0 -122.31876,47.64272,0 -122.31524,47.64301,0 -122.311,47.64311,0 -122.30663,47.6438,0 -122.30315,47.64441,0 -122.29921,47.64476,0 -122.29582,47.64508,0 -122.28962,47.64484,0 -122.28609,47.64461,0 -122.28244,47.64439,0 -122.27893,47.64393,0 -122.27537,47.64327,0 -122.27181,47.64272,0 -122.26334,47.64142,0 -122.24389,47.63834,0 -122.24057,47.6377,0 -122.23726,47.63687,0 -122.2331,47.63627,0 -122.22963,47.63581,0 -122.22607,47.63611,0 -122.22136,47.63865,0 -122.21796,47.64013,0 -122.21469,47.64118,0 -122.21099,47.64243,0 -122.20752,47.64293,0 -122.20413,47.64263,0 -122.20038,47.6418,0 -122.19743,47.64043,0 -122.19458,47.63821,0 -122.19244,47.63636,0 -122.19077,47.63396,0 -122.18825,47.6323,0 -122.18475,47.63188,0 -122.18136,47.63192,0 -122.17725,47.63116,0 -122.17372,47.63019,0 -122.17023,47.62968,0 -122.16657,47.62994,0 -122.16316,47.63,0 -122.15817,47.6295,0 -122.15415,47.62951,0 -122.15087,47.63021,0 -122.14751,47.63162,0 -122.14476,47.63293,0 -122.14142,47.63329,0 -122.13974,47.63525,0 -122.13757,47.63705,0 -122.13581,47.6393,0 -122.1371,47.6414,0 -122.14093,47.64133,0 -122.14311,47.63951,0 -122.14302,47.63713,0 -122.14311,47.63486,0 -122.14311,47.63207,0 -122.14315,47.62965,0 -122.14319,47.62728,0 -122.14323,47.62488,0 -122.14326,47.62232,0 -122.14328,47.61941,0 -122.14325,47.61704,0 -122.14311,47.6146,0 -122.14303,47.61164,0 -122.14304,47.60915,0 -122.14305,47.60687,0 -122.14307,47.60455,0 -122.14267,47.60161,0 -122.14266,47.59922,0 -122.14564,47.59784,0 -122.14983,47.59772,0 -122.15078,47.59555,0 -122.15187,47.59315,0 -122.15272,47.59094,0 -122.15455,47.58837,0 -122.15753,47.58731,0 -122.16187,47.58733,0 -122.16497,47.58604,0 -122.16647,47.58386,0 -122.16819,47.58166,0 -122.16694,47.57953,0 -122.16791,47.58184,0 -122.16638,47.584,0 -122.16478,47.58631,0 -122.16432,47.58873,0 -122.16431,47.59105,0 -122.16471,47.59334,0 -122.16659,47.59527,0 -122.16772,47.5977,0 -122.16886,47.60001,0 -122.17302,47.60185,0 -122.17617,47.60353,0 -122.17966,47.60328,0 -122.18307,47.60339,0 -122.18605,47.60573,0 -122.18757,47.60776,0 -122.18842,47.61024,0 -122.1885,47.61319,0 -122.18852,47.61657,0 -122.18853,47.61987,0 -122.18854,47.62219,0 -122.18858,47.62665,0 -122.18844,47.62896,0 -122.18784,47.63191,0 -122.18705,47.63434,0 -122.18645,47.63706,0 -122.18643,47.64087,0 -122.1866,47.64369,0 -122.18681,47.64734,0 -122.18682,47.64984,0 -122.18686,47.65319,0 -122.18686,47.65749,0 -122.18684,47.66038,0 -122.18686,47.66455,0 -122.18693,47.66841,0 -122.18666,47.67093,0 -122.18551,47.67377,0 -122.18449,47.67618,0 -122.18409,47.67872,0 -122.18392,47.68191,0 -122.18309,47.68444,0 -122.18214,47.68735,0 -122.18137,47.68998,0 -122.18069,47.69307,0 -122.18011,47.69684,0 -122.17956,47.69966,0 -122.17918,47.70209,0 -122.17941,47.70451,0 -122.18085,47.70754,0 -122.1826,47.7106,0 -122.18422,47.7135,0 -122.18621,47.71685,0 -122.18746,47.71899,0 -122.18844,47.72124,0 -122.18907,47.724,0 -122.18905,47.72676,0 -122.18861,47.7294,0 -122.1882,47.73174,0 -122.18763,47.73564,0 -122.18705,47.73921,0 -122.18689,47.74154,0 -122.18689,47.74382,0 -122.18694,47.74817,0 -122.18683,47.75073,0 -122.18632,47.75317,0 -122.18545,47.75555,0 -122.18422,47.7579,0 -122.18403,47.76053,0 -122.18568,47.76319,0 -122.18804,47.76638,0 -122.18934,47.76852,0 -122.19006,47.77203,0 -122.1906,47.77465,0 -122.19223,47.7786,0 -122.19436,47.78306,0 -122.19596,47.78535,0 -122.19831,47.78697,0 -122.20513,47.7904,0 -122.20953,47.7926,0 -122.22051,47.79818,0 -122.22303,47.79982,0 -122.22485,47.80199,0 -122.22847,47.80896,0 -122.23014,47.81216,0 -122.2318,47.81425,0 -122.23646,47.81648,0 -122.23929,47.81806,0 -122.24183,47.8199,0 -122.24447,47.82138,0 -122.25019,47.82334,0 -122.25285,47.82473,0 -122.25505,47.82686,0 -122.25746,47.82907,0 -122.2601,47.83084,0 -122.2614,47.83299,0 -122.26071,47.83615,0 -122.26009,47.83862,0 -122.25887,47.84342,0 -122.25712,47.85037,0 -122.25405,47.85477,0 -122.25138,47.85786,0 -122.24843,47.86131,0 -122.24612,47.86402,0 -122.24503,47.86745,0 -122.24412,47.8711,0 -122.24314,47.87363,0 -122.24132,47.87563,0 -122.23804,47.87821,0 -122.23588,47.87993,0 -122.23313,47.88209,0 -122.22975,47.88465,0 -122.22608,47.8874,0 -122.22287,47.88977,0 -122.22053,47.89158,0 -122.21768,47.89367,0 -122.21549,47.89584,0 -122.21367,47.89838,0 -122.21229,47.90197,0 -122.21112,47.9065,0 -122.21046,47.90872,0 -122.20939,47.91196,0 -122.20834,47.91437,0 -122.20719,47.91709,0 -122.20601,47.91975,0 -122.20379,47.92475,0 -122.20219,47.92697,0 -122.19873,47.92908,0 -122.19628,47.93135,0 -122.19584,47.93384,0 -122.19633,47.93644,0 -122.19679,47.93929,0 -122.19658,47.94163,0 -122.19758,47.9458,0 -122.1986,47.94863,0 -122.19907,47.95139,0 -122.19926,47.95369,0 -122.19944,47.95687,0 -122.19934,47.95921,0 -122.19924,47.96152,0 -122.19904,47.96444,0 -122.19866,47.96682,0 -122.19662,47.96907,0 -122.19407,47.97068,0 -122.19197,47.97262,0 -122.19074,47.9751,0 -122.19017,47.97759,0 -122.18895,47.9798,0 -122.18676,47.98159,0 -122.1844,47.98354,0 -122.18308,47.98575,0 -122.18292,47.98916,0 -122.18188,47.99137,0 -122.17882,47.99376,0 -122.17616,47.99582,0 -122.17419,47.99818,0 -122.17388,48.00164,0 -122.17471,48.01863,0 -122.17548,48.02309,0 -122.17656,48.02856,0 -122.17785,48.03499,0 -122.17842,48.03777,0 -122.179,48.04014,0 -122.18054,48.04331,0 -122.18358,48.04856,0 -122.18439,48.05118,0 -122.18443,48.05632,0 -122.18457,48.06054,0 -122.18471,48.06414,0 -122.18474,48.06818,0 -122.18464,48.07043,0 -122.1846,48.07942,0 -122.18473,48.09587,0 -122.18476,48.10072,0 -122.18475,48.10391,0 -122.18476,48.11341,0 -122.18492,48.11839,0 -122.1852,48.12419,0 -122.18533,48.12685,0 -122.18567,48.13294,0 -122.18608,48.13735,0 -122.18704,48.14306,0 -122.18748,48.14549,0 -122.18933,48.15614,0 -122.19096,48.16554,0 -122.19247,48.174,0 -122.19326,48.17673,0 -122.1948,48.17906,0 -122.19739,48.18205,0 -122.20046,48.18543,0 -122.20502,48.19052,0 -122.20747,48.19323,0 -122.20895,48.19542,0 -122.21034,48.1983,0 -122.21207,48.20173,0 -122.21367,48.20498,0 -122.21512,48.20819,0 -122.21728,48.21404,0 -122.21887,48.21829,0 -122.22041,48.22138,0 -122.22282,48.22414,0 -122.22517,48.22606,0 -122.2331,48.23126,0 -122.23557,48.23336,0 -122.23758,48.23544,0 -122.23943,48.23736,0 -122.2431,48.24125,0 -122.24729,48.24574,0 -122.25091,48.24958,0 -122.25299,48.25192,0 -122.25963,48.25992,0 -122.26259,48.26277,0 -122.2683,48.26749,0 -122.27193,48.27065,0 -122.28483,48.28175,0 -122.29147,48.28737,0 -122.29678,48.29192,0 -122.30345,48.29761,0 -122.31059,48.30369,0 -122.31321,48.30593,0 -122.31616,48.30815,0 -122.31893,48.31,0 -122.32165,48.31271,0 -122.32433,48.31676,0 -122.32593,48.31906,0 -122.32858,48.32335,0 -122.33138,48.32794,0 -122.33277,48.33052,0 -122.33353,48.33289,0 -122.33431,48.33659,0 -122.33516,48.34061,0 -122.33574,48.34369,0 -122.33591,48.34651,0 -122.33581,48.35587,0 -122.33562,48.36661,0 -122.33539,48.3766,0 -122.33493,48.37924,0 -122.3337,48.38158,0 -122.33197,48.38358,0 -122.33076,48.38582,0 -122.33044,48.39014,0 -122.3304,48.39399,0 -122.33037,48.39794,0 -122.33044,48.40125,0 -122.33063,48.40375,0 -122.33089,48.40678,0 -122.33135,48.41215,0 -122.33163,48.41462,0 -122.33279,48.41729,0 -122.33504,48.42137,0 -122.33789,48.42551,0 -122.34002,48.42842,0 -122.341,48.43086,0 -122.34104,48.4357,0 -122.34103,48.43821,0 -122.34101,48.44098,0 -122.34099,48.44329,0 -122.34111,48.44644,0 -122.34113,48.44978,0 -122.34121,48.4528,0 -122.34133,48.45758,0 -122.34148,48.46367,0 -122.34169,48.46669,0 -122.34194,48.47058,0 -122.34214,48.4734,0 -122.34238,48.47664,0 -122.34234,48.47891,0 -122.34119,48.48128,0 -122.33906,48.48321,0 -122.33686,48.48507,0 -122.33567,48.48726,0 -122.33542,48.4917,0 -122.3353,48.49577,0 -122.33531,48.49805,0 -122.33566,48.5003,0 -122.3364,48.50262,0 -122.33789,48.50546,0 -122.34177,48.51212,0 -122.34314,48.51443,0 -122.34571,48.51879,0 -122.34802,48.52263,0 -122.35002,48.5262,0 -122.35097,48.52838,0 -122.35164,48.53104,0 -122.35185,48.54196,0 -122.35019,48.54618,0 -122.34938,48.5486,0 -122.35012,48.55272,0 -122.35028,48.55503,0 -122.34944,48.55789,0 -122.34796,48.56169,0 -122.34759,48.56435,0 -122.34776,48.56858,0 -122.34777,48.57094,0 -122.34691,48.57634,0 -122.34585,48.58163,0 -122.34495,48.58575,0 -122.3443,48.58903,0 -122.34377,48.59163,0 -122.34354,48.59393,0 -122.34377,48.59627,0 -122.34439,48.59963,0 -122.34485,48.60215,0 -122.34529,48.60444,0 -122.34622,48.607,0 -122.34766,48.60921,0 -122.35473,48.61769,0 -122.35597,48.62009,0 -122.35678,48.62515,0 -122.35718,48.62745,0 -122.35808,48.63011,0 -122.35983,48.63434,0 -122.36273,48.64133,0 -122.3642,48.64489,0 -122.3656,48.64824,0 -122.36656,48.65064,0 -122.3674,48.65319,0 -122.36884,48.65694,0 -122.36996,48.65932,0 -122.37113,48.66207,0 -122.37229,48.66543,0 -122.37412,48.66767,0 -122.37863,48.66979,0 -122.38171,48.67135,0 -122.38583,48.67314,0 -122.3894,48.67446,0 -122.39209,48.67613,0 -122.3942,48.67822,0 -122.39431,48.68082,0 -122.39379,48.68314,0 -122.39485,48.68576,0 -122.39778,48.68757,0 -122.40353,48.68935,0 -122.40761,48.6902,0 -122.4135,48.69044,0 -122.41706,48.68993,0 -122.42086,48.68907,0 -122.42432,48.68915,0 -122.42875,48.69039,0 -122.43244,48.69109,0 -122.43757,48.69198,0 -122.44316,48.69279,0 -122.44732,48.69309,0 -122.45057,48.69392,0 -122.45364,48.69494,0 -122.4573,48.69693,0 -122.46592,48.69925,0 -122.46949,48.70046,0 -122.47487,48.70383,0 -122.47664,48.70628,0 -122.47631,48.70926,0 -122.47499,48.71254,0 -122.47396,48.71509,0 -122.47361,48.71758,0 -122.4737,48.72233,0 -122.47372,48.7249,0 -122.47304,48.72747,0 -122.47042,48.73043,0 -122.46809,48.73272,0 -122.46729,48.73504,0 -122.46742,48.73942,0 -122.46735,48.74192,0 -122.46614,48.74487,0 -122.46491,48.74699,0 -122.46401,48.74922,0 -122.46275,48.75233,0 -122.46168,48.75508,0 -122.4616,48.75758,0 -122.4616,48.76295,0 -122.46175,48.76546,0 -122.4622,48.76803,0 -122.46333,48.77094,0 -122.46479,48.77303,0 -122.46705,48.775,0 -122.4701,48.77758,0 -122.47217,48.77938,0 -122.47504,48.78092,0 -122.47842,48.78181,0 -122.48195,48.7823,0 -122.48564,48.7828,0 -122.48915,48.78319,0 -122.49319,48.78339,0 -122.49693,48.78356,0 -122.50068,48.7837,0 -122.50434,48.78456,0 -122.50751,48.78562,0 -122.51422,48.78777,0 -122.51781,48.78907,0 -122.52092,48.79066,0 -122.52332,48.79227,0 -122.52601,48.79459,0 -122.5283,48.79695,0 -122.53053,48.79925,0 -122.53558,48.80445,0 -122.53756,48.80649,0 -122.54457,48.81372,0 -122.54697,48.81619,0 -122.54909,48.81836,0 -122.55148,48.82084,0 -122.55822,48.82777,0 -122.5617,48.83135,0 -122.56357,48.83328,0 -122.56574,48.83551,0 -122.56882,48.83868,0 -122.57069,48.84081,0 -122.57206,48.84289,0 -122.57408,48.84522,0 -122.57598,48.84718,0 -122.57892,48.8502,0 -122.58114,48.85226,0 -122.58367,48.85484,0 -122.58556,48.85677,0 -122.5872,48.85887,0 -122.58784,48.86111,0 -122.58816,48.86446,0 -122.58844,48.86725,0 -122.58872,48.8701,0 -122.58892,48.87254,0 -122.58886,48.8762,0 -122.58873,48.88023,0 -122.58864,48.88306,0 -122.58876,48.88544,0 -122.59006,48.88767,0 -122.59431,48.89055,0 -122.60017,48.8941,0 -122.60557,48.89738,0 -122.61095,48.90064,0 -122.61635,48.90393,0 -122.6189,48.90564,0 -122.62169,48.9077,0 -122.62412,48.90949,0 -122.62641,48.91139,0 -122.62833,48.91341,0 -122.63061,48.91612,0 -122.63238,48.91822,0 -122.63435,48.92025,0 -122.63664,48.92212,0 -122.6398,48.92422,0 -122.6424,48.92592,0 -122.6452,48.92749,0 -122.65057,48.93009,0 -122.65645,48.93293,0 -122.66126,48.93525,0 -122.66424,48.93671,0 -122.66707,48.93838,0 -122.68046,48.94729,0 -122.68292,48.94892,0 -122.6867,48.95143,0 -122.6909,48.95423,0 -122.69422,48.95642,0 -122.69962,48.96,0 -122.70231,48.96167,0 -122.70869,48.96529,0 -122.7113,48.96678,0 -122.71543,48.96913,0 -122.71793,48.97072,0 -122.72019,48.97253,0 -122.72668,48.97783,0 -122.72894,48.97975,0 -122.73086,48.98177,0 -122.73254,48.9838,0 -122.73438,48.98575,0 -122.73674,48.98759,0 -122.74039,48.9901,0 -122.74335,48.99249,0 -122.74578,48.99434,0 -122.74858,48.99582,0 -122.75135,48.99737,0 -122.75353,48.99919,0 -122.75531,49.00113,0 -122.75681,49.00316,0 -122.75706,49.00543,0 -122.75741,49.00789,0 -122.75746,49.01076,0 -122.75761,49.01313,0 -122.75884,49.01553,0 -122.7601,49.01777,0 -122.76172,49.02064,0 -122.76332,49.02345,0 -122.76509,49.02659,0 -122.76662,49.02871,0 -122.76953,49.03139,0 -122.77163,49.03328,0 -122.77686,49.03798,0 -122.78032,49.04111,0 -122.78314,49.04365,0 -122.78694,49.04709,0 -122.7929,49.05246,0 -122.79653,49.05516,0 -122.80033,49.05793,0 -122.80284,49.05976,0 -122.80776,49.06335,0 -122.81068,49.06549,0 -122.81326,49.06735,0 -122.816,49.06934,0 -122.8184,49.07109,0 -122.82071,49.07277,0 -122.8232,49.07459,0 -122.82654,49.07702,0 -122.82903,49.07883,0 -122.83192,49.08092,0 -122.83592,49.08383,0 -122.83977,49.08663,0 -122.84222,49.08828,0 -122.84553,49.08928,0 -122.8522,49.08972,0 -122.85656,49.08999,0 -122.86026,49.09021,0 -122.865,49.09051,0 -122.86865,49.09073,0 -122.87457,49.0911,0 -122.87815,49.09132,0 -122.88833,49.09194,0 -122.89361,49.09228,0 -122.89763,49.09226,0 -122.90218,49.09205,0 -122.91238,49.09153,0 -122.9172,49.09129,0 -122.92204,49.09104,0 -122.92793,49.09072,0 -122.93305,49.09053,0 -122.95538,49.09058,0 -122.95911,49.09054,0 -122.96326,49.09054,0 -122.96917,49.09055,0 -122.97383,49.09054,0 -122.97978,49.09054,0 -122.98655,49.09054,0 -122.99271,49.09056,0 -122.99651,49.09056,0 -123.00074,49.0906,0 -123.00617,49.09143,0 -123.01271,49.09269,0 -123.01602,49.09332,0 -123.02323,49.09473,0 -123.02741,49.09553,0 -123.03073,49.09651,0 -123.04114,49.10124,0 -123.04489,49.10293,0 -123.05108,49.10573,0 -123.05648,49.10818,0 -123.06073,49.11011,0 -123.0632,49.11191,0 -123.06599,49.1141,0 -123.06878,49.11633,0 -123.07187,49.11884,0 -123.07837,49.12411,0 -123.08127,49.12647,0 -123.0835,49.12835,0 -123.08578,49.1303,0 -123.0866,49.13373,0 -123.08665,49.13617,0 -123.08657,49.1541,0 -123.08654,49.15712,0 -123.08653,49.16089,0 -123.08651,49.16322,0 -123.08647,49.16864,0 -123.08749,49.17118,0 -123.09144,49.17387,0 -123.09483,49.17609,0 -123.09736,49.1778,0 -123.10067,49.18002,0 -123.1042,49.18236,0 -123.1074,49.18451,0 -123.11175,49.18739,0 -123.11518,49.18967,0 -123.11765,49.19133,0 -123.11952,49.19329,0 -123.12429,49.19848,0 -123.12627,49.20058,0 -123.12839,49.20281,0 -123.12934,49.205,0 -123.12622,49.20633,0 -123.12318,49.20755,0 -123.12022,49.20879,0 -123.11721,49.21004,0 -123.11704,49.2123,0 -123.11682,49.21502,0 -123.11672,49.21777,0 -123.11653,49.22176,0 -123.11643,49.22459,0 -123.11634,49.227,0 -123.11624,49.2297,0 -123.11614,49.23206,0 -123.11603,49.23449,0 -123.11591,49.23714,0 -123.11701,49.23942,0 -123.11826,49.24214,0 -123.11629,49.24413,0 -123.11529,49.24696,0 -123.11539,49.24937,0 -123.11528,49.25207,0 -123.11517,49.25479,0 -123.11499,49.25736,0 -123.115,49.25987,0 -123.11486,49.26216,0 -123.11472,49.26477,0 -123.11486,49.26879,0 -123.11473,49.27285,0 -123.11461,49.2752,0 -123.11648,49.2771,0 -123.119,49.27872,0 -123.12154,49.28037,0 -123.1218,49.28265,0 -123.12299,49.28565,0 -123.12677,49.28809,0 -123.12932,49.28973,0 -123.13218,49.2916,0 -123.13514,49.2935,0 -123.13638,49.29577,0 -123.13755,49.29789,0 -123.1406,49.29913,0 -123.14307,49.30072,0 -123.14476,49.30269,0 -123.14533,49.30491,0 -123.14499,49.30716,0 -123.14398,49.30933,0 -123.14278,49.31151,0 -123.14662,49.31161,0 -123.1495,49.31029,0 -123.15236,49.30862,0 -123.15378,49.30646,0 -123.15345,49.304,0 -123.15437,49.30175,0 -123.15748,49.30043,0 -123.15738,49.2981,0 -123.15375,49.29765,0 -123.15095,49.29622,0 -123.1474,49.29595,0 -123.14406,49.29675,0 -123.13975,49.29764,0 -123.13662,49.29661,0 -123.13654,49.29434,0 -123.1339,49.29271,0 -123.13072,49.29064,0 -123.12826,49.28905,0 -123.12542,49.28721,0 -123.1243,49.28497,0 -123.12686,49.28328,0 -123.12963,49.28143,0 -123.12932,49.27917,0 -123.12868,49.27682,0 -123.13061,49.27454,0 -123.13509,49.27125,0 -123.13749,49.26959,0 -123.1385,49.26714,0 -123.13854,49.26451,0 -123.13864,49.26182,0 -123.13874,49.25914,0 -123.13883,49.25677,0 -123.13891,49.25446,0 -123.13901,49.25203,0 -123.13909,49.24963,0 -123.13917,49.24735,0 -123.13928,49.24373,0 -123.13938,49.24097,0 -123.13947,49.23817,0 -123.13959,49.23546,0 -123.13967,49.23255,0 -123.13977,49.22969,0 -123.13986,49.22709,0 -123.13995,49.22472,0 -123.14007,49.2218,0 -123.14016,49.21948,0 -123.13964,49.21717,0 -123.13631,49.21625,0 -123.13292,49.21527,0 -123.13011,49.21342,0 -123.13018,49.21116,0 -123.13027,49.20858,0 -123.13029,49.20614,0 -123.12931,49.20368,0 -123.12501,49.19913,0 -123.12271,49.19664,0 -123.12071,49.19448,0 -123.11855,49.19214,0 -123.11643,49.19035,0 -123.11384,49.18856,0 -123.11143,49.18695,0 -123.10679,49.18387,0 -123.1036,49.18175,0 -123.09973,49.1792,0 -123.09719,49.17749,0 -123.09287,49.17461,0 -123.08992,49.17264,0 -123.08738,49.1707,0 -123.08672,49.16804,0 -123.08672,49.16473,0 -123.08683,49.1414,0 -123.08685,49.13784,0 -123.08687,49.13553,0 -123.08687,49.13189,0 -123.08512,49.12939,0 -123.08207,49.12698,0 -123.07982,49.12517,0 -123.07196,49.11881,0 -123.06966,49.11694,0 -123.0668,49.11462,0 -123.06452,49.11276,0 -123.06225,49.11076,0 -123.0589,49.10908,0 -123.05564,49.10762,0 -123.05274,49.10636,0 -123.04876,49.10456,0 -123.04493,49.10282,0 -123.04017,49.10065,0 -123.03505,49.09833,0 -123.03079,49.0964,0 -123.02733,49.09539,0 -123.02356,49.09466,0 -123.01494,49.09299,0 -123.00882,49.09181,0 -123.00326,49.09075,0 -122.99935,49.0904,0 -122.99547,49.09041,0 -122.99061,49.09042,0 -122.98665,49.09041,0 -122.98099,49.09041,0 -122.97393,49.09041,0 -122.97032,49.09041,0 -122.96586,49.09041,0 -122.96197,49.09041,0 -122.95746,49.0904,0 -122.95053,49.09041,0 -122.94495,49.09042,0 -122.94131,49.09041,0 -122.93314,49.0904,0 -122.92803,49.09058,0 -122.92318,49.09082,0 -122.91732,49.09113,0 -122.91248,49.09139,0 -122.90574,49.09172,0 -122.90099,49.09194,0 -122.8964,49.09217,0 -122.89259,49.09206,0 -122.88374,49.09152,0 -122.87825,49.09118,0 -122.87458,49.09095,0 -122.86866,49.09058,0 -122.86508,49.09036,0 -122.86158,49.09015,0 -122.8552,49.08975,0 -122.85149,49.08952,0 -122.84655,49.08922,0 -122.8432,49.08854,0 -122.83992,49.08654,0 -122.83759,49.08484,0 -122.83423,49.08239,0 -122.83092,49.07998,0 -122.82755,49.07753,0 -122.82449,49.0753,0 -122.82087,49.07267,0 -122.81854,49.07097,0 -122.81504,49.06843,0 -122.81094,49.06546,0 -122.80797,49.06327,0 -122.80536,49.06139,0 -122.80299,49.05966,0 -122.8005,49.05783,0 -122.79669,49.05506,0 -122.79372,49.0529,0 -122.78712,49.047,0 -122.78135,49.0418,0 -122.77495,49.03602,0 -122.76971,49.0313,0 -122.7676,49.02938,0 -122.76579,49.02736,0 -122.76422,49.02446,0 -122.7634,49.02215,0 -122.76203,49.02001,0 -122.76235,49.01722,0 -122.75888,49.01676,0 -122.75472,49.01652,0 -122.75099,49.01662,0 -122.74716,49.01664,0 -122.74278,49.01664,0 -122.73864,49.01664,0 -122.73545,49.01529,0 -122.73539,49.01303,0 -122.73533,49.01072,0 -122.73544,49.00829,0 -122.73543,49.00566,0 -122.73546,49.00322,0 -122.73574,49.00097,0 -122.73504,48.99833,0 -122.73356,49.00094,0 -122.7345,49.00316,0 -122.73527,49.00542,0 -122.73527,49.00876,0 -122.73519,49.01189,0 -122.73519,49.01522,0 -122.73795,49.01671,0 -122.74278,49.01664,0 -122.7463,49.01664,0 -122.75057,49.01663,0 -122.75443,49.01664,0 -122.75784,49.01694,0 -122.76032,49.01856,0 -122.76172,49.02064,0 -122.76332,49.02345,0 -122.76509,49.02659,0 -122.76662,49.02871,0 -122.76953,49.03139,0 -122.77163,49.03328,0 -122.77686,49.03798,0 -122.78032,49.04111,0 -122.78314,49.04365,0 -122.78694,49.04709,0 -122.7929,49.05246,0 -122.79653,49.05516,0 -122.80033,49.05793,0 -122.80284,49.05976,0 -122.80776,49.06335,0 -122.81068,49.06549,0 -122.81326,49.06735,0 -122.816,49.06934,0 -122.8184,49.07109,0 -122.82071,49.07277,0 -122.8232,49.07459,0 -122.82654,49.07702,0 -122.82903,49.07883,0 -122.83192,49.08092,0 -122.83592,49.08383,0 -122.83977,49.08663,0 -122.84222,49.08828,0 -122.84553,49.08928,0 -122.8522,49.08972,0 -122.85656,49.08999,0 -122.86026,49.09021,0 -122.865,49.09051,0 -122.86865,49.09073,0 -122.87457,49.0911,0 -122.87815,49.09132,0 -122.88833,49.09194,0 -122.89361,49.09228,0 -122.89763,49.09226,0 -122.90218,49.09205,0 -122.91238,49.09153,0 -122.9172,49.09129,0 -122.92204,49.09104,0 -122.92793,49.09072,0 -122.93305,49.09053,0 -122.95538,49.09058,0 -122.95911,49.09054,0 -122.96326,49.09054,0 -122.96917,49.09055,0 -122.97383,49.09054,0 -122.97978,49.09054,0 -122.98655,49.09054,0 -122.99271,49.09056,0 -122.99651,49.09056,0 -123.00074,49.0906,0 -123.00617,49.09143,0 -123.01271,49.09269,0 -123.01602,49.09332,0 -123.02323,49.09473,0 -123.02741,49.09553,0 -123.03073,49.09651,0 -123.04114,49.10124,0 -123.04489,49.10293,0 -123.05108,49.10573,0 -123.05648,49.10818,0 -123.06073,49.11011,0 -123.0632,49.11191,0 -123.06599,49.1141,0 -123.06878,49.11633,0 -123.07187,49.11884,0 -123.07837,49.12411,0 -123.08127,49.12647,0 -123.0835,49.12835,0 -123.08578,49.1303,0 -123.0866,49.13373,0 -123.08665,49.13617,0 -123.08657,49.1541,0 -123.08654,49.15712,0 -123.08653,49.16089,0 -123.08651,49.16322,0 -123.08647,49.16864,0 -123.08749,49.17118,0 -123.09144,49.17387,0 -123.09483,49.17609,0 -123.09736,49.1778,0 -123.10067,49.18002,0 -123.1042,49.18236,0 -123.1074,49.18451,0 -123.11175,49.18739,0 -123.11518,49.18967,0 -123.11765,49.19133,0 -123.11952,49.19329,0 -123.12429,49.19848,0 -123.12627,49.20058,0 -123.12839,49.20281,0 -123.12934,49.205,0 -123.12622,49.20633,0 -123.12318,49.20755,0 -123.12022,49.20879,0 -123.11721,49.21004,0 -123.11704,49.2123,0 -123.11682,49.21502,0 -123.11672,49.21777,0 -123.11653,49.22176,0 -123.11643,49.22459,0 -123.11634,49.227,0 -123.11624,49.2297,0 -123.11614,49.23206,0 -123.11603,49.23449,0 -123.11591,49.23714,0 -123.11701,49.23942,0 -123.11826,49.24214,0 -123.11629,49.24413,0 -123.11529,49.24696,0 -123.11539,49.24937,0 -123.11528,49.25207,0 -123.11517,49.25479,0 -123.11499,49.25736,0 -123.115,49.25987,0 -123.11486,49.26216,0 -123.11472,49.26477,0 -123.11486,49.26879,0 -123.11473,49.27285,0 -123.11461,49.2752,0 -123.11648,49.2771,0 -123.119,49.27872,0 -123.12154,49.28037,0 -123.1218,49.28265,0 -123.12299,49.28565,0 -123.12677,49.28809,0 -123.12932,49.28973,0 -123.13218,49.2916,0 -123.13514,49.2935,0 -123.13638,49.29577,0 -123.13755,49.29789,0 -123.1406,49.29913,0 -123.14307,49.30072,0 -123.14476,49.30269,0 -123.14533,49.30491,0 -123.14499,49.30716,0 -123.14398,49.30933,0 -123.14221,49.31148,0 -123.13088,49.32379,0 -123.12874,49.32563,0 -123.12478,49.3249,0 -123.12135,49.32534,0 -123.1191,49.32725,0 -123.11764,49.32954,0 -123.11563,49.33141,0 -123.11241,49.33242,0 -123.10728,49.3325,0 -123.10357,49.33243,0 -123.09954,49.33225,0 -123.09534,49.33206,0 -123.09121,49.33197,0 -123.08759,49.33192,0 -123.08379,49.33195,0 -123.07999,49.33201,0 -123.07536,49.33192,0 -123.07043,49.33188,0 -123.06589,49.33183,0 -123.06238,49.33181,0 -123.05889,49.33176,0 -123.05567,49.3306,0 -123.05347,49.32866,0 -123.0508,49.32692,0 -123.04751,49.32591,0 -123.04487,49.32445,0 -123.04187,49.32062,0 -123.03964,49.31776,0 -123.03781,49.31568,0 -123.03461,49.31419,0 -123.03089,49.31286,0 -123.0282,49.31138,0 -123.02795,49.30851,0 -123.02799,49.30608,0 -123.02685,49.30383,0 -123.02645,49.29962,0 -123.02638,49.29617,0 -123.02633,49.29366,0 -123.02632,49.29137,0 -123.02953,49.28833,0 -123.03156,49.28643,0 -123.03201,49.28399,0 -123.03164,49.28066,0 -123.03164,49.27751,0 -123.03111,49.27488,0 -123.02923,49.27207,0 -123.0279,49.26976,0 -123.02663,49.26715,0 -123.02611,49.26456,0 -123.02516,49.26218,0 -123.02291,49.26042,0 -123.02031,49.25865,0 -123.017,49.25739,0 -123.01347,49.25756,0 -123.00651,49.25751,0 -123.00207,49.25752,0 -122.99729,49.25766,0 -122.99356,49.25777,0 -122.98639,49.25776,0 -122.98297,49.25743,0 -122.97994,49.2563,0 -122.9777,49.25456,0 -122.97396,49.25031,0 -122.97067,49.2466,0 -122.9687,49.24445,0 -122.96583,49.24258,0 -122.96155,49.24143,0 -122.95805,49.24069,0 -122.95431,49.23962,0 -122.94997,49.23832,0 -122.94638,49.2374,0 -122.94235,49.23691,0 -122.93604,49.23648,0 -122.93176,49.23625,0 -122.92806,49.23654,0 -122.92441,49.23742,0 -122.92107,49.23892,0 -122.91822,49.24056,0 -122.91428,49.24286,0 -122.91117,49.24464,0 -122.90805,49.24573,0 -122.90452,49.24606,0 -122.90072,49.24547,0 -122.89712,49.24437,0 -122.89395,49.24291,0 -122.88847,49.23963,0 -122.88478,49.23736,0 -122.88218,49.23578,0 -122.87885,49.23454,0 -122.87499,49.23378,0 -122.87087,49.23331,0 -122.86415,49.23254,0 -122.85994,49.23207,0 -122.85504,49.23149,0 -122.84974,49.231,0 -122.84614,49.2307,0 -122.84235,49.23021,0 -122.83631,49.22948,0 -122.83186,49.22897,0 -122.82739,49.22834,0 -122.82358,49.2278,0 -122.81991,49.22686,0 -122.81708,49.22549,0 -122.81496,49.22346,0 -122.81328,49.21969,0 -122.81162,49.2156,0 -122.81055,49.2132,0 -122.80873,49.21116,0 -122.80581,49.20889,0 -122.8035,49.20685,0 -122.80119,49.20459,0 -122.79906,49.20242,0 -122.79674,49.20003,0 -122.79455,49.19808,0 -122.7918,49.19612,0 -122.78886,49.19481,0 -122.78437,49.19379,0 -122.78077,49.19287,0 -122.77525,49.19148,0 -122.76843,49.18975,0 -122.76512,49.18889,0 -122.76124,49.18791,0 -122.75655,49.18676,0 -122.75172,49.18558,0 -122.74628,49.18424,0 -122.74188,49.18318,0 -122.73689,49.18191,0 -122.73269,49.1808,0 -122.72697,49.17929,0 -122.7221,49.17802,0 -122.71589,49.17638,0 -122.71253,49.17549,0 -122.7088,49.17457,0 -122.70562,49.17368,0 -122.70204,49.17272,0 -122.69812,49.17166,0 -122.69188,49.17,0 -122.6883,49.16909,0 -122.68396,49.16794,0 -122.68009,49.16696,0 -122.67481,49.16564,0 -122.67072,49.16459,0 -122.66742,49.16373,0 -122.66169,49.16206,0 -122.65734,49.16088,0 -122.65189,49.15943,0 -122.6456,49.15777,0 -122.63622,49.15527,0 -122.6289,49.15333,0 -122.62481,49.15225,0 -122.62109,49.15127,0 -122.61738,49.15016,0 -122.61364,49.14879,0 -122.61004,49.14735,0 -122.60155,49.14401,0 -122.5913,49.14,0 -122.58776,49.13861,0 -122.5815,49.13615,0 -122.57072,49.13193,0 -122.53715,49.11876,0 -122.52939,49.11571,0 -122.5254,49.11414,0 -122.5066,49.10676,0 -122.50268,49.10522,0 -122.49945,49.10395,0 -122.49636,49.10275,0 -122.49298,49.10138,0 -122.48949,49.10001,0 -122.4632,49.08967,0 -122.45784,49.08757,0 -122.44593,49.08293,0 -122.44139,49.08112,0 -122.43391,49.07819,0 -122.42996,49.07664,0 -122.42691,49.07538,0 -122.42073,49.07296,0 -122.4144,49.07059,0 -122.41066,49.06912,0 -122.40761,49.0679,0 -122.40381,49.0664,0 -122.39827,49.06422,0 -122.39338,49.06228,0 -122.38873,49.0605,0 -122.38417,49.0587,0 -122.38093,49.05746,0 -122.3744,49.05472,0 -122.37036,49.0529,0 -122.36042,49.04859,0 -122.35307,49.04545,0 -122.3499,49.04399,0 -122.34185,49.03977,0 -122.33888,49.0382,0 -122.33526,49.03672,0 -122.33042,49.03608,0 -122.30332,49.03459,0 -122.29344,49.03409,0 -122.28785,49.03374,0 -122.28226,49.03345,0 -122.27655,49.03338,0 -122.27263,49.03338,0 -122.2666,49.03336,0 -122.25966,49.03334,0 -122.25576,49.03333,0 -122.25214,49.03324,0 -122.24743,49.03324,0 -122.24269,49.03324,0 -122.23863,49.03339,0 -122.23522,49.03378,0 -122.23102,49.03456,0 -122.22732,49.03563,0 -122.22356,49.03722,0 -122.21857,49.03945,0 -122.21395,49.04129,0 -122.21072,49.0427,0 -122.2077,49.04408,0 -122.19001,49.05211,0 -122.18572,49.05406,0 -122.18068,49.05635,0 -122.17493,49.05895,0 -122.17135,49.06072,0 -122.16169,49.06661,0 -122.15894,49.06828,0 -122.1556,49.07032,0 -122.15156,49.07278,0 -122.13888,49.08057,0 -122.12813,49.08717,0 -122.12493,49.08927,0 -122.12249,49.09199,0 -122.11437,49.10272,0 -122.11142,49.10667,0 -122.10521,49.11483,0 -122.10163,49.11953,0 -122.09959,49.12148,0 -122.09488,49.12332,0 -122.08993,49.12491,0 -122.08686,49.12613,0 -122.07863,49.13195,0 -122.07448,49.13504,0 -122.07143,49.13655,0 -122.05994,49.13834,0 -122.05458,49.13904,0 -122.02742,49.14257,0 -122.02293,49.14372,0 -122.01961,49.14435,0 -122.01273,49.14435,0 -122.00733,49.14378,0 -122.00694,49.14149,0 -122.00656,49.14377,0 -122.00189,49.14413,0 -121.98326,49.1438,0 -121.97585,49.14363,0 -121.97125,49.14354,0 -121.96761,49.14361,0 -121.96426,49.14416,0 -121.95794,49.1457,0 -121.95347,49.14681,0 -121.94818,49.14821,0 -121.94367,49.1493,0 -121.92911,49.15292,0 -121.92277,49.15449,0 -121.91939,49.15513,0 -121.91213,49.15518,0 -121.87357,49.15494,0 -121.83598,49.15475,0 -121.8265,49.15472,0 -121.8225,49.15514,0 -121.81841,49.15637,0 -121.81481,49.15814,0 -121.81199,49.15951,0 -121.80838,49.16058,0 -121.80428,49.1603,0 -121.80015,49.16003,0 -121.79336,49.1634,0 -121.78708,49.16686,0 -121.78301,49.1702,0 -121.77806,49.17234,0 -121.77466,49.1749,0 -121.76651,49.17886,0 -121.75955,49.18162,0 -121.7548,49.18352,0 -121.75045,49.18534,0 -121.74603,49.18722,0 -121.74202,49.18941,0 -121.73837,49.19194,0 -121.73578,49.19409,0 -121.73315,49.19562,0 -121.7295,49.19758,0 -121.72655,49.19919,0 -121.71882,49.20376,0 -121.71153,49.20645,0 -121.70847,49.20873,0 -121.70606,49.21117,0 -121.70237,49.21358,0 -121.69786,49.21487,0 -121.6945,49.21578,0 -121.69205,49.2175,0 -121.68952,49.22076,0 -121.68822,49.22292,0 -121.68695,49.22503,0 -121.6844,49.22739,0 -121.68277,49.2297,0 -121.68202,49.23222,0 -121.68134,49.23497,0 -121.68086,49.23732,0 -121.67862,49.2402,0 -121.67752,49.24245,0 -121.67727,49.24744,0 -121.67781,49.25003,0 -121.67863,49.25297,0 -121.67839,49.25549,0 -121.67664,49.2591,0 -121.67552,49.26162,0 -121.67548,49.26448,0 -121.67507,49.26673,0 -121.67574,49.26942,0 -121.67479,49.27208,0 -121.67227,49.27483,0 -121.67136,49.27705,0 -121.67119,49.28054,0 -121.66937,49.28374,0 -121.66882,49.28694,0 -121.66809,49.28952,0 -121.66564,49.29124,0 -121.66037,49.29301,0 -121.6575,49.2946,0 -121.65363,49.29816,0 -121.65067,49.29976,0 -121.64717,49.30082,0 -121.64147,49.30468,0 -121.6381,49.30735,0 -121.63572,49.3093,0 -121.63337,49.31213,0 -121.63167,49.31432,0 -121.62715,49.31835,0 -121.61482,49.32804,0 -121.60072,49.3386,0 -121.5951,49.34276,0 -121.59256,49.34463,0 -121.58501,49.35043,0 -121.58243,49.35225,0 -121.57989,49.35414,0 -121.57716,49.35613,0 -121.57424,49.35759,0 -121.56662,49.36118,0 -121.5629,49.36227,0 -121.55703,49.36277,0 -121.5529,49.36311,0 -121.54788,49.36389,0 -121.54042,49.36376,0 -121.5349,49.36389,0 -121.52591,49.36481,0 -121.52139,49.36421,0 -121.51744,49.36209,0 -121.514,49.36118,0 -121.50947,49.3615,0 -121.49911,49.36284,0 -121.49142,49.36374,0 -121.48697,49.36426,0 -121.48322,49.36441,0 -121.47599,49.36458,0 -121.47141,49.36469,0 -121.46763,49.36497,0 -121.45885,49.36554,0 -121.45535,49.36617,0 -121.45252,49.36778,0 -121.44986,49.36972,0 -121.44735,49.37139,0 -121.4443,49.37261,0 -121.44074,49.37322,0 -121.43727,49.3732,0 -121.42974,49.37182,0 -121.42562,49.37119,0 -121.42161,49.37125,0 -121.41767,49.37191,0 -121.41419,49.37205,0 -121.40873,49.37084,0 -121.40535,49.36996,0 -121.4022,49.36862,0 -121.39838,49.36725,0 -121.39359,49.3663,0 -121.39014,49.36602,0 -121.38656,49.36588,0 -121.3815,49.36461,0 -121.37763,49.3635,0 -121.37426,49.36286,0 -121.37058,49.36242,0 -121.36681,49.36192,0 -121.36269,49.36166,0 -121.3592,49.36203,0 -121.35653,49.36346,0 -121.3556,49.3657,0 -121.35658,49.36809,0 -121.35956,49.36986,0 -121.36241,49.3713,0 -121.36432,49.37348,0 -121.36406,49.37578,0 -121.36189,49.37767,0 -121.3583,49.37852,0 -121.35461,49.3787,0 -121.35035,49.37802,0 -121.34675,49.37735,0 -121.34053,49.37823,0 -121.33672,49.37882,0 -121.32799,49.37879,0 -121.32368,49.37873,0 -121.32033,49.37975,0 -121.31875,49.38205,0 -121.31871,49.38465,0 -121.31864,49.38846,0 -121.31888,49.39109,0 -121.31948,49.39347,0 -121.31932,49.39577,0 -121.31687,49.39906,0 -121.31569,49.40174,0 -121.31606,49.40427,0 -121.31716,49.40727,0 -121.31762,49.4096,0 -121.3175,49.41323,0 -121.31718,49.41602,0 -121.31606,49.41816,0 -121.3142,49.42024,0 -121.31215,49.42257,0 -121.31143,49.4248,0 -121.31129,49.4275,0 -121.30985,49.42972,0 -121.30848,49.43296,0 -121.30727,49.4354,0 -121.30365,49.43786,0 -121.30028,49.4393,0 -121.29606,49.43984,0 -121.29227,49.43979,0 -121.28882,49.4403,0 -121.28543,49.44084,0 -121.28206,49.4415,0 -121.27869,49.44277,0 -121.27559,49.44443,0 -121.27241,49.44622,0 -121.2695,49.44787,0 -121.26596,49.44984,0 -121.26297,49.45173,0 -121.26064,49.45377,0 -121.2585,49.45645,0 -121.2571,49.45853,0 -121.25556,49.46086,0 -121.25438,49.4632,0 -121.25413,49.46548,0 -121.25444,49.46863,0 -121.25424,49.47152,0 -121.25389,49.47414,0 -121.25359,49.4764,0 -121.25327,49.47874,0 -121.25235,49.48107,0 -121.25044,49.48352,0 -121.24934,49.48611,0 -121.24898,49.48861,0 -121.24595,49.49192,0 -121.24339,49.49375,0 -121.23972,49.49444,0 -121.23612,49.49418,0 -121.23248,49.49462,0 -121.22899,49.49531,0 -121.22515,49.49558,0 -121.22162,49.4953,0 -121.21772,49.4947,0 -121.2139,49.49424,0 -121.21009,49.49456,0 -121.20674,49.49569,0 -121.20397,49.4978,0 -121.20191,49.49998,0 -121.20047,49.50294,0 -121.19945,49.50559,0 -121.19884,49.50798,0 -121.20026,49.5107,0 -121.20247,49.51365,0 -121.20349,49.51585,0 -121.20574,49.51856,0 -121.20695,49.52079,0 -121.2069,49.52355,0 -121.20596,49.52595,0 -121.2053,49.52906,0 -121.20482,49.5313,0 -121.20276,49.53523,0 -121.2013,49.53731,0 -121.19906,49.53961,0 -121.19718,49.5418,0 -121.19601,49.54412,0 -121.19492,49.54682,0 -121.19381,49.54912,0 -121.19317,49.55134,0 -121.19175,49.5537,0 -121.19043,49.55641,0 -121.1888,49.55855,0 -121.18725,49.56091,0 -121.18613,49.56309,0 -121.18402,49.56516,0 -121.18288,49.56775,0 -121.18259,49.57043,0 -121.18233,49.57283,0 -121.18044,49.57546,0 -121.17818,49.57726,0 -121.17577,49.57903,0 -121.17191,49.58213,0 -121.16819,49.585,0 -121.16554,49.58724,0 -121.16397,49.5897,0 -121.16338,49.59245,0 -121.16202,49.59476,0 -121.15892,49.59645,0 -121.15506,49.59718,0 -121.1512,49.5977,0 -121.14741,49.59796,0 -121.14351,49.59831,0 -121.13974,49.59898,0 -121.13605,49.59915,0 -121.1325,49.59807,0 -121.12907,49.59665,0 -121.12543,49.59574,0 -121.1218,49.59524,0 -121.11738,49.59519,0 -121.11324,49.59533,0 -121.1091,49.59532,0 -121.10553,49.59457,0 -121.10098,49.59305,0 -121.09716,49.59219,0 -121.09251,49.59184,0 -121.0884,49.59231,0 -121.08516,49.59325,0 -121.08057,49.5958,0 -121.07805,49.59736,0 -121.07497,49.59895,0 -121.07132,49.60044,0 -121.06806,49.60219,0 -121.06524,49.60421,0 -121.06245,49.60572,0 -121.05888,49.60726,0 -121.05458,49.60915,0 -121.05197,49.6108,0 -121.04975,49.61268,0 -121.04557,49.61635,0 -121.04341,49.61826,0 -121.04067,49.62042,0 -121.03735,49.62239,0 -121.03305,49.62445,0 -121.02654,49.6266,0 -121.02337,49.62754,0 -121.01966,49.62871,0 -121.01662,49.63006,0 -121.0113,49.63276,0 -121.00845,49.63467,0 -121.00648,49.63668,0 -121.00468,49.63863,0 -121.0027,49.64089,0 -121.0017,49.64319,0 -121.00227,49.64591,0 -121.00298,49.64833,0 -121.00371,49.65085,0 -121.00468,49.65364,0 -121.00672,49.65663,0 -121.00897,49.65875,0 -121.01157,49.66141,0 -121.01301,49.66375,0 -121.01372,49.6678,0 -121.01434,49.67166,0 -121.01474,49.67418,0 -121.01467,49.67667,0 -121.01401,49.67958,0 -121.01341,49.68207,0 -121.01318,49.68485,0 -121.01319,49.68742,0 -121.0132,49.69022,0 -121.01297,49.69259,0 -121.01149,49.69484,0 -121.01102,49.69718,0 -121.01186,49.69976,0 -121.0143,49.70379,0 -121.01579,49.70603,0 -121.01646,49.70829,0 -121.01502,49.71088,0 -121.01295,49.713,0 -121.01208,49.7152,0 -121.01295,49.71773,0 -121.01348,49.72001,0 -121.01341,49.72279,0 -121.01319,49.72558,0 -121.01251,49.7284,0 -121.01213,49.73123,0 -121.01221,49.7348,0 -121.01227,49.73741,0 -121.01233,49.74049,0 -121.01243,49.74301,0 -121.01238,49.74528,0 -121.01205,49.74831,0 -121.01174,49.75126,0 -121.01104,49.7537,0 -121.00899,49.75613,0 -121.00468,49.75845,0 -121.00222,49.7601,0 -121.00017,49.76211,0 -120.99807,49.76413,0 -120.99596,49.76628,0 -120.99407,49.76841,0 -120.99314,49.77109,0 -120.99161,49.77374,0 -120.98931,49.77563,0 -120.98582,49.77774,0 -120.98324,49.77953,0 -120.98071,49.78131,0 -120.97819,49.78316,0 -120.97495,49.78542,0 -120.97269,49.7872,0 -120.97113,49.78999,0 -120.97047,49.79236,0 -120.96927,49.79455,0 -120.96691,49.79671,0 -120.96426,49.79817,0 -120.9606,49.7999,0 -120.95713,49.80188,0 -120.95395,49.80413,0 -120.95187,49.80594,0 -120.9497,49.80819,0 -120.9478,49.81051,0 -120.9455,49.81329,0 -120.94295,49.81633,0 -120.9407,49.81917,0 -120.93914,49.82138,0 -120.93861,49.82396,0 -120.93819,49.82684,0 -120.93654,49.8289,0 -120.93406,49.83107,0 -120.93316,49.83368,0 -120.93317,49.8362,0 -120.93234,49.83847,0 -120.9308,49.84098,0 -120.92919,49.84367,0 -120.92742,49.8462,0 -120.92406,49.84841,0 -120.92086,49.85019,0 -120.91817,49.85218,0 -120.91646,49.85463,0 -120.91615,49.85723,0 -120.91718,49.85997,0 -120.91846,49.86281,0 -120.9191,49.86534,0 -120.91757,49.86974,0 -120.91676,49.87194,0 -120.91516,49.87451,0 -120.91265,49.87665,0 -120.90948,49.87847,0 -120.90623,49.8802,0 -120.90305,49.88193,0 -120.90043,49.88412,0 -120.89943,49.8867,0 -120.90004,49.88929,0 -120.90202,49.89282,0 -120.90284,49.89521,0 -120.90328,49.89864,0 -120.90379,49.90194,0 -120.90414,49.90492,0 -120.90358,49.90757,0 -120.90318,49.91002,0 -120.90478,49.91244,0 -120.9083,49.91438,0 -120.91057,49.91647,0 -120.91125,49.9191,0 -120.9114,49.92224,0 -120.91138,49.9247,0 -120.91017,49.92733,0 -120.90884,49.92954,0 -120.90762,49.93257,0 -120.90648,49.93601,0 -120.90554,49.93884,0 -120.90483,49.94142,0 -120.90459,49.94404,0 -120.90493,49.94731,0 -120.90587,49.95026,0 -120.90712,49.95257,0 -120.90983,49.95614,0 -120.91249,49.95952,0 -120.9143,49.96203,0 -120.91516,49.96469,0 -120.91484,49.96731,0 -120.91339,49.97,0 -120.91104,49.97209,0 -120.90848,49.97395,0 -120.90562,49.97739,0 -120.90341,49.98025,0 -120.90087,49.98207,0 -120.89747,49.9838,0 -120.8946,49.98605,0 -120.89308,49.98926,0 -120.89149,49.99198,0 -120.88829,49.99454,0 -120.88571,49.99662,0 -120.8829,49.99887,0 -120.88034,50.00092,0 -120.87796,50.00263,0 -120.87489,50.00458,0 -120.872,50.00645,0 -120.87043,50.00895,0 -120.86916,50.01121,0 -120.86655,50.01275,0 -120.86281,50.01377,0 -120.85936,50.01512,0 -120.8559,50.01597,0 -120.85199,50.01624,0 -120.84712,50.01701,0 -120.84352,50.01772,0 -120.8395,50.01785,0 -120.83123,50.01723,0 -120.82769,50.01697,0 -120.82377,50.01743,0 -120.82089,50.0192,0 -120.8198,50.02176,0 -120.81951,50.02423,0 -120.81918,50.02657,0 -120.81882,50.02919,0 -120.81734,50.0317,0 -120.81428,50.03446,0 -120.81171,50.03625,0 -120.80886,50.03804,0 -120.80747,50.04047,0 -120.80725,50.04288,0 -120.80529,50.04552,0 -120.80152,50.04831,0 -120.79919,50.05035,0 -120.79736,50.0525,0 -120.79578,50.05459,0 -120.79448,50.05696,0 -120.79337,50.05978,0 -120.79237,50.06274,0 -120.79148,50.06504,0 -120.79007,50.06746,0 -120.78799,50.06957,0 -120.78435,50.07194,0 -120.78044,50.07343,0 -120.77631,50.07477,0 -120.77302,50.07581,0 -120.76909,50.07708,0 -120.7621,50.07982,0 -120.75806,50.08158,0 -120.75396,50.08343,0 -120.75137,50.0853,0 -120.7497,50.08733,0 -120.74875,50.09,0 -120.74866,50.0925,0 -120.7487,50.09638,0 -120.74868,50.09873,0 -120.74916,50.10124,0 -120.75069,50.10361,0 -120.75365,50.10703,0 -120.75688,50.11072,0 -120.75933,50.11351,0 -120.76076,50.11574,0 -120.76103,50.11806,0 -120.76011,50.12035,0 -120.7581,50.12228,0 -120.75511,50.12375,0 -120.75024,50.1257,0 -120.74578,50.1274,0 -120.74305,50.12917,0 -120.74135,50.13146,0 -120.74018,50.13439,0 -120.73702,50.13777,0 -120.73447,50.13933,0 -120.72734,50.14364,0 -120.72475,50.14541,0 -120.7207,50.14926,0 -120.71754,50.15327,0 -120.71592,50.15527,0 -120.71365,50.15835,0 -120.7124,50.16052,0 -120.71016,50.16236,0 -120.70703,50.16445,0 -120.70555,50.16712,0 -120.70228,50.16939,0 -120.69787,50.17124,0 -120.69359,50.17617,0 -120.69098,50.1788,0 -120.68495,50.1814,0 -120.68158,50.18371,0 -120.67948,50.1871,0 -120.67891,50.18999,0 -120.67786,50.19219,0 -120.67505,50.19448,0 -120.67179,50.1957,0 -120.66757,50.19653,0 -120.66368,50.19778,0 -120.65766,50.20117,0 -120.65388,50.20407,0 -120.65089,50.2068,0 -120.64867,50.2093,0 -120.64731,50.21147,0 -120.64622,50.21426,0 -120.6458,50.21735,0 -120.64535,50.21958,0 -120.64407,50.22174,0 -120.64197,50.22373,0 -120.63577,50.22678,0 -120.633,50.22825,0 -120.63057,50.23043,0 -120.62929,50.2326,0 -120.62888,50.2351,0 -120.6295,50.23772,0 -120.63023,50.24004,0 -120.63048,50.24314,0 -120.62966,50.24722,0 -120.62922,50.24955,0 -120.62917,50.25212,0 -120.62956,50.25453,0 -120.63038,50.25732,0 -120.6307,50.25972,0 -120.62951,50.26247,0 -120.62718,50.26495,0 -120.62574,50.2684,0 -120.62634,50.27118,0 -120.62821,50.27357,0 -120.63101,50.27603,0 -120.63272,50.27816,0 -120.63345,50.28061,0 -120.63406,50.28446,0 -120.63445,50.28751,0 -120.63501,50.29163,0 -120.63543,50.29488,0 -120.63602,50.29755,0 -120.63787,50.30106,0 -120.64043,50.30416,0 -120.64155,50.30648,0 -120.64133,50.30896,0 -120.64048,50.31127,0 -120.63808,50.31789,0 -120.63715,50.32058,0 -120.63365,50.33031,0 -120.63194,50.33504,0 -120.63087,50.33759,0 -120.62971,50.34065,0 -120.62823,50.34532,0 -120.62649,50.35026,0 -120.6262,50.35258,0 -120.62735,50.36476,0 -120.62732,50.36801,0 -120.62653,50.37126,0 -120.62524,50.37653,0 -120.62456,50.38311,0 -120.62431,50.38642,0 -120.62262,50.40951,0 -120.62202,50.41292,0 -120.62014,50.41797,0 -120.61883,50.42031,0 -120.61628,50.42394,0 -120.61336,50.42709,0 -120.61076,50.42953,0 -120.60515,50.43483,0 -120.60237,50.43735,0 -120.59636,50.44178,0 -120.59393,50.4442,0 -120.59262,50.44632,0 -120.59174,50.44868,0 -120.59147,50.45768,0 -120.5902,50.46133,0 -120.5875,50.46466,0 -120.58489,50.46659,0 -120.58129,50.46913,0 -120.57232,50.47538,0 -120.56836,50.47812,0 -120.56185,50.4826,0 -120.55882,50.48409,0 -120.54851,50.4857,0 -120.53579,50.48728,0 -120.52791,50.48824,0 -120.52149,50.48907,0 -120.51632,50.48976,0 -120.50821,50.49171,0 -120.50271,50.49348,0 -120.49935,50.49588,0 -120.49534,50.5008,0 -120.48933,50.50826,0 -120.48792,50.51063,0 -120.48612,50.51482,0 -120.48216,50.52438,0 -120.48027,50.52884,0 -120.47828,50.53195,0 -120.4758,50.53419,0 -120.4727,50.53601,0 -120.46255,50.54053,0 -120.45776,50.54401,0 -120.45547,50.5467,0 -120.45345,50.54898,0 -120.45102,50.5519,0 -120.44959,50.55429,0 -120.44885,50.5573,0 -120.44913,50.55971,0 -120.45052,50.56474,0 -120.45191,50.56725,0 -120.45702,50.57071,0 -120.46024,50.5732,0 -120.46229,50.57706,0 -120.47513,50.58944,0 -120.47693,50.59184,0 -120.47754,50.59423,0 -120.47528,50.60366,0 -120.47193,50.61598,0 -120.47162,50.61888,0 -120.47245,50.62215,0 -120.47405,50.62467,0 -120.47652,50.62699,0 -120.47912,50.62895,0 -120.48187,50.63196,0 -120.48314,50.63407,0 -120.48426,50.63632,0 -120.48544,50.63965,0 -120.48604,50.64285,0 -120.48628,50.64635,0 -120.48571,50.64932,0 -120.48331,50.6524,0 -120.47783,50.65537,0 -120.46456,50.66169,0 -120.46137,50.66316,0 -120.45823,50.66459,0 -120.45412,50.66596,0 -120.45063,50.6665,0 -120.44166,50.66623,0 -120.43602,50.66595,0 -120.43219,50.66573,0 -120.42844,50.66579,0 -120.42355,50.66593,0 -120.4179,50.66544,0 -120.40425,50.66201,0 -120.39899,50.66083,0 -120.39521,50.65992,0 -120.39191,50.65794,0 -120.38915,50.65602,0 -120.38554,50.65516,0 -120.38195,50.65408,0 -120.37876,50.65288,0 -120.37521,50.65255,0 -120.37092,50.65331,0 -120.36648,50.65414,0 -120.36318,50.65556,0 -120.36174,50.65794,0 -120.35856,50.6601,0 -120.35531,50.66121,0 -120.35016,50.66201,0 -120.34649,50.66222,0 -120.34104,50.66199,0 -120.33593,50.66177,0 -120.33204,50.66174,0 -120.32846,50.66177,0 -120.32488,50.6618,0 -120.32112,50.66212,0 -120.3175,50.663,0 -120.31437,50.66437,0 -120.31176,50.66641,0 -120.30865,50.66807,0 -120.30555,50.66928,0 -120.30216,50.6711,0 -120.29802,50.67254,0 -120.2942,50.674,0 -120.29073,50.6762,0 -120.28765,50.67754,0 -120.28429,50.67831,0 -120.27994,50.67921,0 -120.27546,50.68004,0 -120.27112,50.68047,0 -120.26706,50.68033,0 -120.26265,50.67954,0 -120.25865,50.67868,0 -120.25257,50.67739,0 -120.24908,50.67668,0 -120.23939,50.67463,0 -120.23188,50.67305,0 -120.22739,50.6721,0 -120.22334,50.67123,0 -120.21916,50.67099,0 -120.21536,50.6717,0 -120.2062,50.67015,0 -120.20053,50.66915,0 -120.19623,50.66897,0 -120.19205,50.66913,0 -120.18765,50.66927,0 -120.18371,50.66932,0 -120.17956,50.66957,0 -120.17565,50.6695,0 -120.17131,50.66909,0 -120.16183,50.66827,0 -120.15832,50.66787,0 -120.15415,50.66753,0 -120.15055,50.66702,0 -120.14615,50.66606,0 -120.14255,50.66537,0 -120.13837,50.66447,0 -120.1313,50.66295,0 -120.12713,50.6617,0 -120.12342,50.66011,0 -120.11975,50.65925,0 -120.11578,50.65906,0 -120.1122,50.65941,0 -120.10762,50.65949,0 -120.09897,50.65845,0 -120.09184,50.65748,0 -120.08239,50.65619,0 -120.07808,50.65537,0 -120.07425,50.65483,0 -120.06938,50.65393,0 -120.06524,50.65335,0 -120.06075,50.6539,0 -120.05716,50.65411,0 -120.04981,50.65387,0 -120.04216,50.65361,0 -120.03086,50.65321,0 -120.0273,50.65299,0 -120.02211,50.65224,0 -120.01768,50.6516,0 -120.01063,50.65059,0 -120.00669,50.64977,0 -120.00174,50.64792,0 -119.99785,50.64715,0 -119.99429,50.64712,0 -119.99025,50.6471,0 -119.98584,50.64731,0 -119.98228,50.64797,0 -119.97826,50.64881,0 -119.97233,50.64953,0 -119.96718,50.65013,0 -119.96353,50.65052,0 -119.95972,50.65036,0 -119.95557,50.64945,0 -119.9508,50.64869,0 -119.94479,50.64806,0 -119.93905,50.64747,0 -119.93538,50.64709,0 -119.93051,50.64659,0 -119.92635,50.64615,0 -119.92247,50.64529,0 -119.91825,50.64433,0 -119.9116,50.64467,0 -119.90744,50.64507,0 -119.90373,50.64615,0 -119.90021,50.64759,0 -119.89643,50.64901,0 -119.89044,50.65059,0 -119.88457,50.6521,0 -119.88071,50.65313,0 -119.87703,50.65501,0 -119.87211,50.658,0 -119.86796,50.66052,0 -119.86498,50.66231,0 -119.86182,50.66423,0 -119.85888,50.66602,0 -119.85499,50.66834,0 -119.85155,50.66992,0 -119.84819,50.67074,0 -119.84422,50.67172,0 -119.83891,50.673,0 -119.83505,50.67442,0 -119.83193,50.67631,0 -119.82898,50.67861,0 -119.82623,50.68035,0 -119.82205,50.68227,0 -119.81881,50.68393,0 -119.81628,50.68598,0 -119.81448,50.68854,0 -119.81309,50.69104,0 -119.80968,50.69384,0 -119.80689,50.69568,0 -119.80343,50.69733,0 -119.79986,50.69896,0 -119.79676,50.70096,0 -119.79436,50.70316,0 -119.79263,50.70557,0 -119.79078,50.7092,0 -119.78851,50.7118,0 -119.7859,50.71354,0 -119.78185,50.71616,0 -119.77817,50.71859,0 -119.77469,50.72086,0 -119.77191,50.72262,0 -119.76868,50.72431,0 -119.76655,50.72612,0 -119.7651,50.73009,0 -119.76393,50.73243,0 -119.76309,50.73551,0 -119.76182,50.73766,0 -119.75903,50.73933,0 -119.75688,50.7415,0 -119.75553,50.74362,0 -119.75409,50.74598,0 -119.75119,50.75223,0 -119.74944,50.75474,0 -119.74663,50.75774,0 -119.74186,50.76294,0 -119.73597,50.76531,0 -119.73248,50.7665,0 -119.72864,50.76828,0 -119.72586,50.77008,0 -119.72354,50.772,0 -119.72105,50.77418,0 -119.71607,50.77844,0 -119.71423,50.78044,0 -119.71264,50.78277,0 -119.71113,50.78532,0 -119.70906,50.78722,0 -119.70577,50.78876,0 -119.70324,50.79073,0 -119.70219,50.79303,0 -119.70134,50.79659,0 -119.7007,50.79906,0 -119.69976,50.80142,0 -119.69986,50.80383,0 -119.69867,50.80618,0 -119.69531,50.80843,0 -119.69258,50.8102,0 -119.68982,50.81186,0 -119.68682,50.81404,0 -119.68408,50.81608,0 -119.68037,50.81862,0 -119.67719,50.82094,0 -119.67393,50.82325,0 -119.67154,50.82555,0 -119.66867,50.82734,0 -119.66327,50.82853,0 -119.65911,50.82916,0 -119.65553,50.83011,0 -119.65194,50.83055,0 -119.64827,50.83114,0 -119.64476,50.83271,0 -119.64194,50.83422,0 -119.63945,50.83599,0 -119.63613,50.83731,0 -119.62994,50.84099,0 -119.62597,50.84263,0 -119.6232,50.84421,0 -119.62014,50.84557,0 -119.61693,50.84744,0 -119.6112,50.85093,0 -119.60767,50.85238,0 -119.60476,50.85383,0 -119.60236,50.85609,0 -119.60052,50.85847,0 -119.59882,50.86074,0 -119.59701,50.86283,0 -119.59392,50.86408,0 -119.59063,50.86504,0 -119.58782,50.86652,0 -119.58524,50.8682,0 -119.58196,50.86979,0 -119.57864,50.87091,0 -119.57574,50.87237,0 -119.57204,50.87264,0 -119.56963,50.87481,0 -119.56655,50.87718,0 -119.56253,50.87853,0 -119.55943,50.88016,0 -119.55476,50.88166,0 -119.5498,50.88252,0 -119.54649,50.8837,0 -119.5425,50.88469,0 -119.53956,50.88667,0 -119.53584,50.88773,0 -119.53366,50.88976,0 -119.53245,50.89199,0 -119.52884,50.89205,0 -119.52515,50.89245,0 -119.52142,50.89247,0 -119.51769,50.89249,0 -119.51388,50.89084,0 -119.51087,50.88942,0 -119.50811,50.8873,0 -119.50539,50.88519,0 -119.50212,50.88351,0 -119.49857,50.88263,0 -119.49435,50.88193,0 -119.48937,50.88115,0 -119.48501,50.88026,0 -119.48149,50.87933,0 -119.47751,50.87833,0 -119.47357,50.8773,0 -119.46994,50.87692,0 -119.46617,50.87692,0 -119.46245,50.87691,0 -119.45853,50.87692,0 -119.45486,50.87693,0 -119.44887,50.87694,0 -119.44373,50.87696,0 -119.43755,50.87697,0 -119.43204,50.87717,0 -119.42785,50.87749,0 -119.42325,50.87814,0 -119.41791,50.87838,0 -119.41425,50.87826,0 -119.41044,50.87895,0 -119.40659,50.87948,0 -119.40285,50.87888,0 -119.39907,50.87907,0 -119.3955,50.87891,0 -119.39232,50.87779,0 -119.39004,50.87604,0 -119.3877,50.87431,0 -119.38585,50.87204,0 -119.38428,50.8699,0 -119.38175,50.86818,0 -119.37951,50.8661,0 -119.376,50.86415,0 -119.37351,50.86249,0 -119.37144,50.86064,0 -119.36979,50.85859,0 -119.3679,50.85648,0 -119.3647,50.85517,0 -119.36033,50.85402,0 -119.35703,50.85312,0 -119.3531,50.85208,0 -119.34888,50.85102,0 -119.34527,50.84994,0 -119.34109,50.84835,0 -119.33697,50.84678,0 -119.33336,50.84539,0 -119.33031,50.84368,0 -119.32841,50.84159,0 -119.32693,50.8394,0 -119.32534,50.8366,0 -119.32388,50.83402,0 -119.32256,50.83167,0 -119.32136,50.82953,0 -119.32024,50.82733,0 -119.31999,50.82408,0 -119.32,50.82104,0 -119.32,50.81776,0 -119.31999,50.81424,0 -119.32,50.81177,0 -119.32008,50.80944,0 -119.32119,50.80684,0 -119.32457,50.80363,0 -119.3256,50.79919,0 -119.32667,50.79673,0 -119.32669,50.79402,0 -119.32914,50.788,0 -119.33237,50.78476,0 -119.33465,50.78285,0 -119.33718,50.78022,0 -119.33939,50.77826,0 -119.34051,50.77598,0 -119.34051,50.77372,0 -119.33825,50.76952,0 -119.33784,50.76718,0 -119.33554,50.76481,0 -119.33323,50.76296,0 -119.33106,50.76115,0 -119.32807,50.75973,0 -119.32569,50.75782,0 -119.32496,50.75416,0 -119.32549,50.75135,0 -119.32448,50.74879,0 -119.323,50.74646,0 -119.32292,50.744,0 -119.32275,50.74158,0 -119.32169,50.73905,0 -119.32014,50.73701,0 -119.31702,50.73298,0 -119.31575,50.73086,0 -119.31595,50.728,0 -119.31686,50.72333,0 -119.31745,50.72024,0 -119.31822,50.71576,0 -119.31984,50.7131,0 -119.32251,50.71046,0 -119.3257,50.70728,0 -119.32839,50.70462,0 -119.33037,50.70245,0 -119.33133,50.70002,0 -119.33128,50.69739,0 -119.33015,50.69522,0 -119.32754,50.69343,0 -119.32365,50.69257,0 -119.31982,50.69253,0 -119.31154,50.69254,0 -119.3081,50.69313,0 -119.30509,50.69442,0 -119.30183,50.69578,0 -119.2985,50.69711,0 -119.29536,50.69841,0 -119.29213,50.6995,0 -119.28833,50.69964,0 -119.28454,50.69989,0 -119.28068,50.70133,0 -119.27726,50.7022,0 -119.27263,50.70221,0 -119.2691,50.70297,0 -119.26687,50.70541,0 -119.26415,50.70695,0 -119.25815,50.7071,0 -119.25285,50.7071,0 -119.24669,50.70713,0 -119.24194,50.70713,0 -119.23712,50.70716,0 -119.23317,50.70797,0 -119.23024,50.70978,0 -119.22801,50.71167,0 -119.22723,50.71412,0 -119.22722,50.71644,0 -119.2273,50.72173,0 -119.22732,50.72615,0 -119.22729,50.72902,0 -119.22734,50.73448,0 -119.22734,50.73828,0 -119.22733,50.74207,0 -119.22732,50.74448,0 -119.22659,50.74676,0 -119.22346,50.74902,0 -119.22065,50.7508,0 -119.21659,50.75314,0 -119.21393,50.75471,0 -119.21146,50.75679,0 -119.20868,50.75891,0 -119.20582,50.76144,0 -119.20304,50.7641,0 -119.20008,50.76593,0 -119.19664,50.76727,0 -119.19361,50.76853,0 -119.18875,50.77013,0 -119.18497,50.77164,0 -119.18209,50.77312,0 -119.17916,50.77473,0 -119.17534,50.77748,0 -119.17159,50.78094,0 -119.16842,50.7826,0 -119.16568,50.78418,0 -119.16211,50.78512,0 -119.15373,50.78678,0 -119.14735,50.78863,0 -119.14355,50.78948,0 -119.13981,50.78976,0 -119.13521,50.78993,0 -119.13197,50.79091,0 -119.13011,50.79349,0 -119.12709,50.7948,0 -119.12352,50.79472,0 -119.12067,50.79291,0 -119.11653,50.79131,0 -119.11299,50.79067,0 -119.10895,50.79089,0 -119.10502,50.78998,0 -119.10065,50.78969,0 -119.09665,50.78965,0 -119.09303,50.78918,0 -119.08911,50.78915,0 -119.08522,50.78877,0 -119.08144,50.78907,0 -119.07765,50.79074,0 -119.07458,50.79216,0 -119.07247,50.79441,0 -119.07143,50.79662,0 -119.06839,50.79986,0 -119.06539,50.8018,0 -119.06217,50.80476,0 -119.05825,50.806,0 -119.05448,50.80759,0 -119.05188,50.80922,0 -119.04906,50.81092,0 -119.0468,50.81279,0 -119.04416,50.81473,0 -119.04212,50.81663,0 -119.03901,50.81833,0 -119.03615,50.82046,0 -119.03356,50.82227,0 -119.03084,50.82398,0 -119.0274,50.82521,0 -119.02381,50.82661,0 -119.02101,50.828,0 -119.01832,50.82958,0 -119.01509,50.83063,0 -119.01135,50.83072,0 -119.00755,50.83116,0 -119.00364,50.83253,0 -118.99992,50.8338,0 -118.99639,50.83509,0 -118.99277,50.83667,0 -118.98729,50.83886,0 -118.98385,50.83974,0 -118.98018,50.83943,0 -118.97709,50.83822,0 -118.97312,50.83783,0 -118.96866,50.8379,0 -118.96515,50.83867,0 -118.96225,50.84047,0 -118.95842,50.8429,0 -118.95488,50.84513,0 -118.95225,50.84682,0 -118.9491,50.84881,0 -118.94681,50.85065,0 -118.94527,50.85272,0 -118.94394,50.85494,0 -118.94129,50.85697,0 -118.93816,50.85886,0 -118.93254,50.86228,0 -118.92902,50.8646,0 -118.92758,50.86697,0 -118.92661,50.86964,0 -118.92543,50.87194,0 -118.92371,50.87412,0 -118.92079,50.8767,0 -118.91726,50.87928,0 -118.91387,50.88142,0 -118.91081,50.88294,0 -118.90654,50.88413,0 -118.90165,50.88499,0 -118.89117,50.88661,0 -118.88694,50.88738,0 -118.88264,50.88835,0 -118.87734,50.8896,0 -118.87253,50.89076,0 -118.86852,50.89157,0 -118.86474,50.89168,0 -118.86057,50.89025,0 -118.85711,50.88908,0 -118.853,50.88847,0 -118.84769,50.88853,0 -118.84258,50.88862,0 -118.83868,50.88896,0 -118.83455,50.89016,0 -118.83134,50.89187,0 -118.82807,50.89375,0 -118.825,50.8955,0 -118.8221,50.89733,0 -118.81927,50.89946,0 -118.81492,50.9036,0 -118.81174,50.90682,0 -118.8087,50.90989,0 -118.80568,50.91298,0 -118.80318,50.9155,0 -118.80078,50.91793,0 -118.79631,50.92246,0 -118.79471,50.92465,0 -118.79419,50.9271,0 -118.79375,50.92966,0 -118.79125,50.93225,0 -118.78876,50.93446,0 -118.78602,50.93689,0 -118.78306,50.93951,0 -118.78017,50.94206,0 -118.77778,50.94429,0 -118.77569,50.94621,0 -118.77274,50.94784,0 -118.76689,50.95047,0 -118.76294,50.95225,0 -118.75953,50.95361,0 -118.75622,50.95524,0 -118.75303,50.95672,0 -118.7501,50.95807,0 -118.74505,50.96051,0 -118.7413,50.96221,0 -118.73705,50.96365,0 -118.73389,50.96555,0 -118.73254,50.96795,0 -118.73033,50.97012,0 -118.72771,50.97187,0 -118.72554,50.9739,0 -118.72352,50.977,0 -118.72069,50.98136,0 -118.71852,50.98335,0 -118.71392,50.98564,0 -118.71057,50.98735,0 -118.70454,50.99037,0 -118.70077,50.99223,0 -118.6977,50.99378,0 -118.69491,50.99519,0 -118.69201,50.99665,0 -118.6887,50.99814,0 -118.68438,50.99958,0 -118.68106,51.00078,0 -118.67736,51.00194,0 -118.67051,51.0032,0 -118.66658,51.0034,0 -118.66253,51.00294,0 -118.65851,51.00237,0 -118.65483,51.0017,0 -118.64869,50.99889,0 -118.64572,50.99734,0 -118.64285,50.99515,0 -118.6378,50.99106,0 -118.63536,50.98913,0 -118.63241,50.98784,0 -118.62941,50.98639,0 -118.62695,50.98455,0 -118.62336,50.98358,0 -118.61712,50.98196,0 -118.61403,50.98003,0 -118.61171,50.97796,0 -118.60785,50.97628,0 -118.60489,50.97468,0 -118.60145,50.97366,0 -118.59777,50.97314,0 -118.59449,50.97207,0 -118.59018,50.9712,0 -118.58325,50.9709,0 -118.57831,50.97061,0 -118.57431,50.9699,0 -118.57032,50.97005,0 -118.56556,50.97235,0 -118.56259,50.97382,0 -118.55357,50.97572,0 -118.54911,50.9752,0 -118.54517,50.97513,0 -118.54137,50.97573,0 -118.53328,50.97699,0 -118.52946,50.97728,0 -118.5256,50.97648,0 -118.52246,50.97491,0 -118.5204,50.97277,0 -118.51711,50.97136,0 -118.51329,50.97066,0 -118.50982,50.96919,0 -118.50648,50.96756,0 -118.50362,50.9653,0 -118.50218,50.96301,0 -118.49974,50.96032,0 -118.49622,50.95787,0 -118.49303,50.95621,0 -118.49085,50.95396,0 -118.4883,50.95215,0 -118.48484,50.95123,0 -118.48267,50.94942,0 -118.48124,50.94698,0 -118.4814,50.94465,0 -118.48309,50.94215,0 -118.4836,50.93912,0 -118.48436,50.93682,0 -118.48215,50.93192,0 -118.47671,50.92856,0 -118.47305,50.92769,0 -118.46412,50.92848,0 -118.46033,50.92886,0 -118.45684,50.9302,0 -118.45239,50.93127,0 -118.44866,50.93207,0 -118.44544,50.93343,0 -118.44105,50.9346,0 -118.43778,50.93552,0 -118.43428,50.93632,0 -118.4309,50.93748,0 -118.42815,50.93921,0 -118.42656,50.94164,0 -118.42448,50.9436,0 -118.4187,50.94533,0 -118.41528,50.94684,0 -118.41256,50.94864,0 -118.40915,50.94962,0 -118.40609,50.95147,0 -118.4031,50.9544,0 -118.40105,50.95667,0 -118.39737,50.95828,0 -118.39407,50.95948,0 -118.38841,50.96144,0 -118.38519,50.96254,0 -118.38155,50.96297,0 -118.37722,50.96277,0 -118.3736,50.96288,0 -118.37052,50.96425,0 -118.36605,50.96561,0 -118.36263,50.96634,0 -118.35965,50.96777,0 -118.3574,50.96972,0 -118.35385,50.97089,0 -118.34947,50.97133,0 -118.34547,50.97125,0 -118.3413,50.97105,0 -118.33728,50.97126,0 -118.3333,50.9722,0 -118.32937,50.97326,0 -118.32587,50.97518,0 -118.32319,50.97677,0 -118.31993,50.97827,0 -118.31608,50.97931,0 -118.31237,50.97998,0 -118.30882,50.97958,0 -118.30482,50.97976,0 -118.30138,50.981,0 -118.29737,50.9834,0 -118.29432,50.98509,0 -118.29,50.98654,0 -118.28652,50.9875,0 -118.2829,50.98851,0 -118.27918,50.98954,0 -118.27522,50.99063,0 -118.27184,50.9914,0 -118.26666,50.99175,0 -118.26115,50.99175,0 -118.25748,50.99206,0 -118.25139,50.99301,0 -118.24639,50.99386,0 -118.24334,50.99552,0 -118.24157,50.99784,0 -118.23898,50.99975,0 -118.235,51.00144,0 -118.23155,51.00271,0 -118.22798,51.00304,0 -118.22415,51.00369,0 -118.219,51.00724,0 -118.21658,51.00892,0 -118.21293,51.00841,0 -118.2092,51.00822,0 -118.20627,51.00669,0 -118.20265,51.00452,0 -118.19927,51.00248,0 -118.19608,51.00057,0 -118.19336,50.99894,0 -118.19183,50.9967,0 -118.19192,50.99434,0 -118.18411,50.9947,0 -118.18053,50.99535,0 -118.17658,50.99759,0 -118.17349,50.99908,0 -118.16743,50.9983,0 -118.16361,50.99752,0 -118.16138,50.99572,0 -118.1581,50.99427,0 -118.15437,50.99288,0 -118.15012,50.99197,0 -118.14563,50.99173,0 -118.1419,50.99202,0 -118.13797,50.99291,0 -118.13473,50.99401,0 -118.13206,50.99576,0 -118.12959,50.99768,0 -118.12332,50.9998,0 -118.11607,51.00481,0 -118.11269,51.00678,0 -118.10657,51.00809,0 -118.10294,51.00866,0 -118.09787,51.01038,0 -118.0947,51.01163,0 -118.09113,51.01273,0 -118.08806,51.01403,0 -118.08497,51.0156,0 -118.08186,51.01685,0 -118.07808,51.01773,0 -118.07361,51.01861,0 -118.06987,51.01935,0 -118.06629,51.02057,0 -118.06283,51.02182,0 -118.05801,51.02266,0 -118.05413,51.02369,0 -118.05102,51.02527,0 -118.04717,51.02655,0 -118.04344,51.02733,0 -118.03931,51.02778,0 -118.03565,51.02845,0 -118.02828,51.03046,0 -118.02052,51.03254,0 -118.01688,51.03431,0 -118.01348,51.0355,0 -118.00508,51.03669,0 -118.00137,51.03746,0 -117.998,51.03861,0 -117.99459,51.03986,0 -117.99088,51.04095,0 -117.98577,51.04093,0 -117.98179,51.04114,0 -117.97765,51.04199,0 -117.97386,51.04228,0 -117.96988,51.0418,0 -117.96631,51.04234,0 -117.96244,51.0444,0 -117.95457,51.04637,0 -117.95095,51.04744,0 -117.94417,51.05065,0 -117.94083,51.05179,0 -117.93703,51.05278,0 -117.93537,51.05501,0 -117.93548,51.05753,0 -117.93457,51.05992,0 -117.93441,51.06227,0 -117.93275,51.06456,0 -117.93184,51.06726,0 -117.93106,51.06947,0 -117.92853,51.07119,0 -117.92642,51.07335,0 -117.92805,51.07648,0 -117.92843,51.07939,0 -117.92684,51.08167,0 -117.92317,51.08555,0 -117.92109,51.08777,0 -117.91845,51.09073,0 -117.91322,51.09631,0 -117.90778,51.10213,0 -117.90398,51.10617,0 -117.90081,51.10956,0 -117.8984,51.11213,0 -117.89597,51.11445,0 -117.89213,51.11648,0 -117.88863,51.11825,0 -117.88653,51.12057,0 -117.88614,51.12314,0 -117.88635,51.12566,0 -117.88391,51.12743,0 -117.8833,51.13066,0 -117.88249,51.13318,0 -117.88181,51.13582,0 -117.87925,51.13753,0 -117.87466,51.13838,0 -117.87083,51.13892,0 -117.86393,51.13892,0 -117.86004,51.13878,0 -117.85601,51.13954,0 -117.84907,51.14187,0 -117.83948,51.14489,0 -117.83729,51.14696,0 -117.83621,51.15018,0 -117.83384,51.15221,0 -117.82994,51.15272,0 -117.82611,51.15345,0 -117.82092,51.15401,0 -117.81811,51.15578,0 -117.8132,51.15809,0 -117.80969,51.15925,0 -117.80318,51.16073,0 -117.7989,51.16221,0 -117.79582,51.16375,0 -117.79146,51.16577,0 -117.7867,51.16752,0 -117.78262,51.16951,0 -117.77947,51.17118,0 -117.77405,51.17409,0 -117.77007,51.17598,0 -117.76422,51.17931,0 -117.76171,51.18098,0 -117.75885,51.18315,0 -117.75677,51.18501,0 -117.75202,51.1869,0 -117.74978,51.18886,0 -117.749,51.19125,0 -117.74774,51.1936,0 -117.74588,51.19591,0 -117.74555,51.1998,0 -117.74472,51.2021,0 -117.74135,51.20368,0 -117.73687,51.20521,0 -117.7328,51.20609,0 -117.72895,51.20612,0 -117.72513,51.20678,0 -117.7221,51.20837,0 -117.71738,51.2096,0 -117.713,51.21009,0 -117.7093,51.21118,0 -117.7058,51.21179,0 -117.70206,51.21221,0 -117.6982,51.21322,0 -117.69375,51.21481,0 -117.69003,51.21591,0 -117.68608,51.2177,0 -117.68257,51.21981,0 -117.67745,51.22438,0 -117.67498,51.2265,0 -117.67115,51.22855,0 -117.6684,51.23086,0 -117.66679,51.23323,0 -117.66479,51.23573,0 -117.66158,51.23736,0 -117.65258,51.2397,0 -117.64875,51.24065,0 -117.64459,51.24219,0 -117.6402,51.24429,0 -117.63709,51.24571,0 -117.63255,51.2457,0 -117.62798,51.24578,0 -117.62307,51.2468,0 -117.6188,51.24765,0 -117.6153,51.24841,0 -117.61215,51.24999,0 -117.60887,51.25097,0 -117.60399,51.2511,0 -117.59955,51.25154,0 -117.59535,51.25258,0 -117.59207,51.25391,0 -117.58446,51.25738,0 -117.58112,51.2584,0 -117.57578,51.25947,0 -117.57063,51.26052,0 -117.56464,51.26169,0 -117.56031,51.26202,0 -117.55309,51.26223,0 -117.54943,51.26201,0 -117.54428,51.26014,0 -117.54095,51.25926,0 -117.52573,51.26366,0 -117.5222,51.26456,0 -117.51705,51.26589,0 -117.5129,51.26761,0 -117.50877,51.26851,0 -117.50501,51.26879,0 -117.5035,51.27111,0 -117.50618,51.27271,0 -117.50924,51.27599,0 -117.51229,51.28072,0 -117.51342,51.28297,0 -117.51305,51.28528,0 -117.51506,51.29042,0 -117.5169,51.29325,0 -117.51952,51.29816,0 -117.52009,51.30142,0 -117.52031,51.30385,0 -117.51962,51.30622,0 -117.5176,51.30872,0 -117.51518,51.31172,0 -117.51238,51.31381,0 -117.50862,51.31491,0 -117.50243,51.31653,0 -117.49898,51.31744,0 -117.49547,51.31836,0 -117.49172,51.31927,0 -117.48819,51.32009,0 -117.4844,51.32051,0 -117.48036,51.32146,0 -117.47654,51.32287,0 -117.47068,51.32361,0 -117.4661,51.32432,0 -117.46272,51.32562,0 -117.45785,51.32693,0 -117.45444,51.32791,0 -117.45087,51.32889,0 -117.44702,51.3296,0 -117.44442,51.33134,0 -117.4422,51.33391,0 -117.4404,51.33597,0 -117.43887,51.33822,0 -117.43756,51.34055,0 -117.43556,51.34328,0 -117.43426,51.34557,0 -117.43549,51.34797,0 -117.4362,51.35076,0 -117.43664,51.35326,0 -117.43795,51.35556,0 -117.4384,51.35797,0 -117.43864,51.36029,0 -117.43982,51.36279,0 -117.44278,51.36673,0 -117.44496,51.36877,0 -117.4477,51.37122,0 -117.44966,51.37358,0 -117.45152,51.37652,0 -117.45285,51.37892,0 -117.45255,51.38125,0 -117.45018,51.38338,0 -117.44828,51.38542,0 -117.44932,51.38794,0 -117.45243,51.39021,0 -117.45642,51.39386,0 -117.45892,51.3957,0 -117.4618,51.39877,0 -117.46445,51.40245,0 -117.4678,51.40479,0 -117.47021,51.40724,0 -117.47132,51.4096,0 -117.47212,51.41285,0 -117.47476,51.4238,0 -117.47529,51.42609,0 -117.47855,51.431,0 -117.47914,51.43379,0 -117.4776,51.43695,0 -117.47693,51.43924,0 -117.47741,51.44172,0 -117.4781,51.44414,0 -117.4783,51.44837,0 -117.4783,51.45109,0 -117.47918,51.45369,0 -117.47906,51.45597,0 -117.47908,51.45929,0 -117.47932,51.46181,0 -117.48032,51.46406,0 -117.48125,51.46779,0 -117.48185,51.47111,0 -117.48243,51.47444,0 -117.482,51.4767,0 -117.48004,51.47962,0 -117.47593,51.48573,0 -117.47388,51.48869,0 -117.47209,51.49075,0 -117.4664,51.49571,0 -117.46457,51.49768,0 -117.46188,51.50142,0 -117.45915,51.50301,0 -117.45253,51.50444,0 -117.44917,51.50566,0 -117.44685,51.50826,0 -117.44499,51.51025,0 -117.44218,51.5117,0 -117.4386,51.51225,0 -117.43453,51.51169,0 -117.42998,51.51039,0 -117.42624,51.50945,0 -117.42297,51.50804,0 -117.41906,51.50575,0 -117.41486,51.50331,0 -117.40299,51.49633,0 -117.39867,51.49379,0 -117.39559,51.49229,0 -117.39184,51.49076,0 -117.38136,51.48655,0 -117.37154,51.48255,0 -117.36807,51.48117,0 -117.36433,51.4802,0 -117.36012,51.47976,0 -117.3565,51.47983,0 -117.35282,51.48038,0 -117.34943,51.48119,0 -117.34475,51.48237,0 -117.3391,51.4837,0 -117.33548,51.48458,0 -117.32871,51.48621,0 -117.32371,51.48748,0 -117.31623,51.48939,0 -117.31103,51.49064,0 -117.30647,51.49176,0 -117.29947,51.49348,0 -117.29561,51.49392,0 -117.29203,51.49337,0 -117.28608,51.4921,0 -117.28184,51.49123,0 -117.27684,51.49022,0 -117.2725,51.48931,0 -117.26688,51.48813,0 -117.26274,51.48727,0 -117.25894,51.48629,0 -117.25515,51.48495,0 -117.2518,51.48378,0 -117.24345,51.48083,0 -117.23658,51.47842,0 -117.22964,51.47597,0 -117.22567,51.47484,0 -117.22184,51.47517,0 -117.2186,51.47707,0 -117.21797,51.47957,0 -117.21967,51.48186,0 -117.22708,51.48778,0 -117.22824,51.49003,0 -117.22735,51.49233,0 -117.22622,51.49461,0 -117.22324,51.49611,0 -117.21563,51.4947,0 -117.2073,51.49265,0 -117.20384,51.49127,0 -117.20073,51.4895,0 -117.19557,51.48753,0 -117.19214,51.48632,0 -117.18848,51.48499,0 -117.18482,51.48423,0 -117.18087,51.48426,0 -117.17742,51.48497,0 -117.17396,51.486,0 -117.17001,51.48644,0 -117.1663,51.48624,0 -117.16272,51.48547,0 -117.15813,51.48334,0 -117.15506,51.4817,0 -117.15198,51.48006,0 -117.14762,51.47773,0 -117.1439,51.47576,0 -117.14105,51.47428,0 -117.13803,51.47265,0 -117.13393,51.47086,0 -117.13017,51.46926,0 -117.12734,51.46779,0 -117.11775,51.46185,0 -117.11513,51.46018,0 -117.11166,51.45831,0 -117.10801,51.45604,0 -117.10508,51.45437,0 -117.09939,51.45097,0 -117.09641,51.44915,0 -117.09447,51.44711,0 -117.09199,51.44533,0 -117.08854,51.44349,0 -117.08443,51.44135,0 -117.07938,51.43809,0 -117.07602,51.43582,0 -117.07207,51.43356,0 -117.06694,51.43094,0 -117.06341,51.42912,0 -117.06014,51.42668,0 -117.05729,51.42366,0 -117.05516,51.42144,0 -117.05045,51.41652,0 -117.04847,51.4144,0 -117.04454,51.41027,0 -117.04188,51.4075,0 -117.03027,51.39544,0 -117.02849,51.3933,0 -117.02699,51.38971,0 -117.02597,51.38678,0 -117.02511,51.38451,0 -117.0228,51.38126,0 -117.021,51.37824,0 -117.02069,51.375,0 -117.01992,51.37271,0 -117.01838,51.37046,0 -117.0169,51.36823,0 -117.01576,51.36601,0 -117.01398,51.36385,0 -117.01235,51.36136,0 -117.00961,51.35879,0 -117.00776,51.35658,0 -117.0062,51.35438,0 -117.00391,51.35236,0 -117.00152,51.35004,0 -116.99928,51.34598,0 -116.99401,51.33755,0 -116.99174,51.33461,0 -116.99011,51.33237,0 -116.98679,51.32963,0 -116.98408,51.32809,0 -116.98155,51.32632,0 -116.97903,51.3247,0 -116.97646,51.32302,0 -116.97489,51.32094,0 -116.97427,51.31854,0 -116.97349,51.31603,0 -116.97276,51.31362,0 -116.96996,51.31053,0 -116.96693,51.30801,0 -116.96486,51.30589,0 -116.96482,51.30348,0 -116.96368,51.30115,0 -116.96022,51.3002,0 -116.9564,51.30067,0 -116.95196,51.3016,0 -116.94828,51.30197,0 -116.94443,51.3012,0 -116.94074,51.30104,0 -116.93664,51.30018,0 -116.93315,51.29955,0 -116.9294,51.29877,0 -116.92517,51.29881,0 -116.92149,51.29864,0 -116.91743,51.29885,0 -116.91365,51.29836,0 -116.90995,51.29858,0 -116.90665,51.29994,0 -116.90316,51.30129,0 -116.89943,51.30163,0 -116.89593,51.30228,0 -116.8929,51.30388,0 -116.8894,51.30484,0 -116.88494,51.30489,0 -116.88136,51.30547,0 -116.87751,51.30613,0 -116.87346,51.30535,0 -116.87079,51.30382,0 -116.86757,51.30129,0 -116.86462,51.29931,0 -116.85922,51.29715,0 -116.85462,51.29551,0 -116.85155,51.29425,0 -116.84791,51.29314,0 -116.84461,51.29166,0 -116.84109,51.29044,0 -116.83707,51.29003,0 -116.83282,51.28941,0 -116.82921,51.28847,0 -116.82528,51.28742,0 -116.82235,51.28575,0 -116.81881,51.28399,0 -116.81513,51.28126,0 -116.81252,51.27943,0 -116.80849,51.27844,0 -116.80458,51.27877,0 -116.80095,51.28017,0 -116.7944,51.28173,0 -116.78596,51.28131,0 -116.78228,51.2803,0 -116.7792,51.27844,0 -116.7734,51.27716,0 -116.76985,51.27592,0 -116.76687,51.27446,0 -116.76293,51.2738,0 -116.75884,51.27307,0 -116.75474,51.27222,0 -116.75123,51.27094,0 -116.74845,51.26947,0 -116.74369,51.26699,0 -116.73957,51.26483,0 -116.73625,51.2634,0 -116.73278,51.26214,0 -116.72921,51.26093,0 -116.72541,51.26038,0 -116.72164,51.26029,0 -116.71559,51.25935,0 -116.71159,51.25867,0 -116.7063,51.25856,0 -116.70264,51.25845,0 -116.69911,51.25767,0 -116.69523,51.25663,0 -116.69118,51.25554,0 -116.68735,51.25436,0 -116.68333,51.25254,0 -116.68044,51.25105,0 -116.67648,51.24951,0 -116.67153,51.24833,0 -116.66765,51.24714,0 -116.66418,51.24555,0 -116.65928,51.2428,0 -116.65586,51.24092,0 -116.65305,51.23935,0 -116.64924,51.23705,0 -116.64628,51.23519,0 -116.64355,51.2335,0 -116.64078,51.23195,0 -116.63463,51.22923,0 -116.63103,51.22764,0 -116.62702,51.22587,0 -116.623,51.2241,0 -116.61992,51.22275,0 -116.61601,51.22232,0 -116.6117,51.22292,0 -116.60781,51.22252,0 -116.60384,51.22116,0 -116.59954,51.2197,0 -116.59605,51.21865,0 -116.59243,51.21811,0 -116.58876,51.21761,0 -116.58518,51.21714,0 -116.58118,51.21701,0 -116.57803,51.21811,0 -116.57514,51.21981,0 -116.57323,51.22177,0 -116.57463,51.22626,0 -116.57666,51.22976,0 -116.57863,51.23326,0 -116.58019,51.23602,0 -116.58072,51.23843,0 -116.57947,51.24178,0 -116.57962,51.2442,0 -116.58156,51.24646,0 -116.58528,51.24951,0 -116.58695,51.25177,0 -116.58725,51.25402,0 -116.58797,51.25642,0 -116.58867,51.25941,0 -116.5899,51.26207,0 -116.59189,51.26418,0 -116.59466,51.26583,0 -116.59699,51.26792,0 -116.59819,51.27024,0 -116.59698,51.27244,0 -116.59337,51.27455,0 -116.59031,51.27632,0 -116.58612,51.27874,0 -116.58361,51.2807,0 -116.58244,51.28301,0 -116.58247,51.28712,0 -116.58259,51.29005,0 -116.58212,51.29254,0 -116.58065,51.29503,0 -116.57975,51.29723,0 -116.57983,51.30076,0 -116.5801,51.30313,0 -116.58009,51.30545,0 -116.57949,51.30815,0 -116.57883,51.31091,0 -116.57784,51.31414,0 -116.57713,51.31641,0 -116.57612,51.31924,0 -116.57509,51.32206,0 -116.57365,51.32434,0 -116.57079,51.32601,0 -116.56687,51.32693,0 -116.5624,51.3278,0 -116.55846,51.3286,0 -116.55554,51.33003,0 -116.5531,51.33271,0 -116.55042,51.33584,0 -116.54483,51.34253,0 -116.53322,51.35629,0 -116.52567,51.36362,0 -116.52188,51.36721,0 -116.51868,51.36957,0 -116.51571,51.37124,0 -116.51337,51.37317,0 -116.51272,51.37586,0 -116.51241,51.37822,0 -116.51145,51.3805,0 -116.50838,51.38196,0 -116.50487,51.38349,0 -116.50234,51.38608,0 -116.49956,51.38946,0 -116.49748,51.39216,0 -116.4959,51.395,0 -116.49406,51.39729,0 -116.48807,51.40066,0 -116.48447,51.40264,0 -116.48077,51.40441,0 -116.4774,51.40566,0 -116.47303,51.40737,0 -116.45504,51.41486,0 -116.45089,51.41681,0 -116.4469,51.41874,0 -116.4431,51.41963,0 -116.43906,51.41965,0 -116.43487,51.42017,0 -116.43082,51.42036,0 -116.4272,51.42182,0 -116.42346,51.42355,0 -116.42062,51.4253,0 -116.41594,51.42914,0 -116.41291,51.43066,0 -116.40803,51.43076,0 -116.40389,51.43102,0 -116.40012,51.43138,0 -116.39562,51.4316,0 -116.39173,51.43261,0 -116.38831,51.43493,0 -116.38535,51.43626,0 -116.38111,51.43637,0 -116.3764,51.43677,0 -116.37088,51.43655,0 -116.36603,51.43676,0 -116.36215,51.43688,0 -116.35835,51.43776,0 -116.35514,51.43977,0 -116.35144,51.44103,0 -116.34315,51.44223,0 -116.33954,51.44287,0 -116.33301,51.44591,0 -116.32975,51.44707,0 -116.32609,51.4478,0 -116.3171,51.44951,0 -116.31098,51.45135,0 -116.30701,51.45207,0 -116.29417,51.45282,0 -116.28631,51.45326,0 -116.28259,51.45354,0 -116.2787,51.4547,0 -116.27327,51.45725,0 -116.26989,51.45819,0 -116.26587,51.45792,0 -116.25918,51.45422,0 -116.25459,51.44993,0 -116.25262,51.44792,0 -116.25057,51.4459,0 -116.24723,51.44467,0 -116.23931,51.44454,0 -116.23557,51.44415,0 -116.23152,51.44321,0 -116.22774,51.44244,0 -116.22416,51.4421,0 -116.2191,51.44221,0 -116.21525,51.44229,0 -116.20728,51.44255,0 -116.20354,51.44221,0 -116.20038,51.44101,0 -116.19723,51.43951,0 -116.19512,51.43733,0 -116.19338,51.43504,0 -116.19083,51.43328,0 -116.18541,51.43157,0 -116.18054,51.43011,0 -116.17711,51.42898,0 -116.17511,51.42622,0 -116.17818,51.42494,0 -116.18024,51.42303,0 -116.18333,51.42171,0 -116.18355,51.41944,0 -116.18518,51.41717,0 -116.18581,51.41493,0 -116.18724,51.41284,0 -116.1909,51.41347,0 -116.19397,51.41491,0 -116.19724,51.41614,0 -116.19981,51.41791,0 -116.2034,51.41861,0 -116.20671,51.41718,0 -116.21031,51.4167,0 -116.21398,51.41703,0 -116.21031,51.4167,0 -116.20671,51.41718,0 -116.20387,51.41865,0 -116.20026,51.41811,0 -116.1975,51.41628,0 -116.19435,51.41509,0 -116.19095,51.4135,0 -116.18742,51.41282,0 -116.18581,51.41493,0 -116.18518,51.41717,0 -116.18371,51.41933,0 -116.18333,51.42171,0 -116.18036,51.42302,0 -116.17826,51.42488,0 -116.17474,51.4254,0 -116.17315,51.42313,0 -116.1721,51.42085,0 -116.17086,51.41725,0 -116.17009,51.41499,0 -116.16871,51.41259,0 -116.1646,51.40915,0 -116.16193,51.4069,0 -116.15973,51.40469,0 -116.1575,51.40246,0 -116.15548,51.40048,0 -116.15219,51.39865,0 -116.14649,51.39733,0 -116.14269,51.39657,0 -116.13918,51.39542,0 -116.13399,51.39169,0 -116.13148,51.38969,0 -116.12789,51.38688,0 -116.12552,51.38495,0 -116.12111,51.38125,0 -116.11853,51.37926,0 -116.11424,51.37613,0 -116.11185,51.3744,0 -116.10926,51.37249,0 -116.10711,51.37045,0 -116.10523,51.36849,0 -116.10351,51.36631,0 -116.10245,51.36305,0 -116.10109,51.36062,0 -116.09872,51.35882,0 -116.09567,51.35741,0 -116.09297,51.35561,0 -116.09088,51.3537,0 -116.08813,51.35218,0 -116.08509,51.35085,0 -116.08181,51.34943,0 -116.07881,51.34814,0 -116.07552,51.34648,0 -116.073,51.34476,0 -116.07055,51.34306,0 -116.06796,51.34125,0 -116.06492,51.33915,0 -116.06216,51.33722,0 -116.05931,51.33526,0 -116.05694,51.33355,0 -116.05475,51.33112,0 -116.0527,51.32871,0 -116.05007,51.32716,0 -116.04667,51.32543,0 -116.04357,51.32363,0 -116.0402,51.32134,0 -116.03736,51.31932,0 -116.03488,51.3176,0 -116.03126,51.31505,0 -116.02865,51.3132,0 -116.02662,51.31122,0 -116.02485,51.30922,0 -116.02227,51.30712,0 -116.01986,51.30542,0 -116.01737,51.3036,0 -116.01483,51.30172,0 -116.01047,51.29854,0 -116.0081,51.29679,0 -116.00547,51.29485,0 -116.00309,51.29312,0 -116.00035,51.29101,0 -115.99695,51.28872,0 -115.99402,51.28729,0 -115.99066,51.28611,0 -115.98725,51.28534,0 -115.98094,51.28403,0 -115.97712,51.28301,0 -115.97132,51.28019,0 -115.96749,51.27827,0 -115.95901,51.274,0 -115.95358,51.27128,0 -115.9498,51.26941,0 -115.94666,51.26823,0 -115.93918,51.26619,0 -115.93559,51.26497,0 -115.932,51.26469,0 -115.92839,51.26604,0 -115.92527,51.26731,0 -115.92177,51.26798,0 -115.91826,51.26913,0 -115.91477,51.26801,0 -115.91101,51.26736,0 -115.90764,51.2658,0 -115.90511,51.26406,0 -115.90192,51.26241,0 -115.89584,51.26117,0 -115.89225,51.2608,0 -115.88811,51.26069,0 -115.8839,51.2603,0 -115.88003,51.25947,0 -115.87667,51.25813,0 -115.87264,51.25697,0 -115.86818,51.2566,0 -115.86329,51.25652,0 -115.85959,51.25608,0 -115.8552,51.25469,0 -115.85187,51.25354,0 -115.84816,51.25152,0 -115.84494,51.25003,0 -115.84346,51.24773,0 -115.84152,51.24562,0 -115.83858,51.24371,0 -115.8349,51.24185,0 -115.83198,51.24009,0 -115.82905,51.23837,0 -115.82487,51.23617,0 -115.82184,51.23447,0 -115.8181,51.23299,0 -115.81315,51.23183,0 -115.8098,51.23077,0 -115.8064,51.22981,0 -115.80292,51.22917,0 -115.79957,51.22825,0 -115.79612,51.22696,0 -115.79273,51.22606,0 -115.78865,51.226,0 -115.78523,51.22473,0 -115.78206,51.22251,0 -115.77822,51.22078,0 -115.77513,51.21948,0 -115.77132,51.21775,0 -115.76743,51.21603,0 -115.76354,51.21487,0 -115.76027,51.2138,0 -115.75837,51.2111,0 -115.75531,51.20843,0 -115.7522,51.20698,0 -115.75058,51.20467,0 -115.74648,51.20115,0 -115.74591,51.19876,0 -115.74423,51.19633,0 -115.74197,51.19457,0 -115.73691,51.19263,0 -115.7278,51.18914,0 -115.72539,51.18692,0 -115.72351,51.18492,0 -115.72401,51.18257,0 -115.72197,51.18054,0 -115.71837,51.17965,0 -115.71676,51.17761,0 -115.71344,51.17419,0 -115.70984,51.17314,0 -115.70624,51.17207,0 -115.70163,51.17113,0 -115.69828,51.16986,0 -115.69372,51.16827,0 -115.6892,51.16801,0 -115.68539,51.16855,0 -115.68183,51.16898,0 -115.67843,51.16821,0 -115.67455,51.16809,0 -115.67111,51.16941,0 -115.66854,51.17122,0 -115.66212,51.17137,0 -115.65815,51.16944,0 -115.65467,51.17014,0 -115.65034,51.17277,0 -115.64744,51.17411,0 -115.64411,51.1753,0 -115.63771,51.1768,0 -115.63405,51.17724,0 -115.6293,51.17735,0 -115.62447,51.17802,0 -115.62075,51.17901,0 -115.61712,51.17953,0 -115.61327,51.17963,0 -115.6085,51.18051,0 -115.60473,51.18199,0 -115.60107,51.18344,0 -115.59655,51.18426,0 -115.59298,51.18507,0 -115.58967,51.18606,0 -115.58012,51.18894,0 -115.57148,51.19155,0 -115.56167,51.19371,0 -115.55804,51.19449,0 -115.55357,51.19545,0 -115.54963,51.19661,0 -115.54667,51.19863,0 -115.5444,51.20115,0 -115.54221,51.20361,0 -115.54047,51.20559,0 -115.5386,51.20752,0 -115.53553,51.20886,0 -115.53184,51.20902,0 -115.52852,51.20805,0 -115.5244,51.20634,0 -115.52174,51.20472,0 -115.5192,51.20285,0 -115.51466,51.2018,0 -115.51037,51.20131,0 -115.50656,51.20072,0 -115.50304,51.19988,0 -115.49949,51.19862,0 -115.49664,51.19653,0 -115.49077,51.18974,0 -115.48712,51.18553,0 -115.48502,51.18309,0 -115.48183,51.18073,0 -115.47876,51.17905,0 -115.47565,51.17733,0 -115.47288,51.17576,0 -115.47056,51.17385,0 -115.46844,51.17144,0 -115.46598,51.16943,0 -115.46165,51.16837,0 -115.45721,51.16783,0 -115.45283,51.16672,0 -115.44828,51.16516,0 -115.44514,51.16377,0 -115.44204,51.16188,0 -115.43942,51.15968,0 -115.43672,51.15716,0 -115.43417,51.15441,0 -115.43211,51.1519,0 -115.42985,51.15007,0 -115.42229,51.14514,0 -115.41881,51.14286,0 -115.41538,51.14062,0 -115.41241,51.1387,0 -115.40996,51.13687,0 -115.4074,51.13421,0 -115.40514,51.13213,0 -115.40214,51.1306,0 -115.39884,51.1294,0 -115.39282,51.12722,0 -115.38926,51.12588,0 -115.38464,51.12277,0 -115.38111,51.12008,0 -115.37771,51.11721,0 -115.37523,51.11512,0 -115.3725,51.11291,0 -115.3685,51.10964,0 -115.36541,51.10712,0 -115.3596,51.10236,0 -115.35354,51.09738,0 -115.35028,51.09473,0 -115.342,51.08796,0 -115.34015,51.08601,0 -115.33728,51.08222,0 -115.3349,51.07902,0 -115.33273,51.07605,0 -115.32929,51.07134,0 -115.3244,51.06477,0 -115.32266,51.06244,0 -115.32086,51.06001,0 -115.31875,51.05797,0 -115.31592,51.0562,0 -115.30457,51.05119,0 -115.29996,51.04919,0 -115.29581,51.04738,0 -115.28676,51.04349,0 -115.28362,51.0421,0 -115.27983,51.04077,0 -115.27439,51.03933,0 -115.27061,51.03849,0 -115.26618,51.03843,0 -115.25974,51.03883,0 -115.2553,51.03925,0 -115.25096,51.03958,0 -115.24656,51.03986,0 -115.24223,51.0401,0 -115.23837,51.04047,0 -115.23206,51.04319,0 -115.22455,51.04665,0 -115.21964,51.04892,0 -115.21663,51.05019,0 -115.21097,51.05191,0 -115.20045,51.05458,0 -115.1967,51.05483,0 -115.19333,51.05403,0 -115.19065,51.05218,0 -115.18891,51.05019,0 -115.18551,51.04841,0 -115.18219,51.0474,0 -115.17747,51.04769,0 -115.1717,51.04842,0 -115.16532,51.04921,0 -115.16132,51.04985,0 -115.15378,51.0518,0 -115.15048,51.05268,0 -115.14678,51.05366,0 -115.14317,51.05479,0 -115.14055,51.05677,0 -115.13901,51.05884,0 -115.13643,51.06103,0 -115.13353,51.06259,0 -115.12829,51.06502,0 -115.12514,51.06649,0 -115.12226,51.06818,0 -115.1191,51.06949,0 -115.11511,51.06972,0 -115.10924,51.06851,0 -115.10545,51.06793,0 -115.10099,51.06741,0 -115.09672,51.06691,0 -115.09314,51.0665,0 -115.08929,51.06635,0 -115.08567,51.0669,0 -115.07254,51.07155,0 -115.06255,51.07513,0 -115.05921,51.07662,0 -115.05657,51.07881,0 -115.05535,51.08106,0 -115.05472,51.0839,0 -115.0542,51.08615,0 -115.05307,51.0891,0 -115.05118,51.09102,0 -115.04668,51.0933,0 -115.02897,51.10033,0 -115.02099,51.10346,0 -115.01377,51.10634,0 -115.00882,51.10829,0 -114.98807,51.11649,0 -114.97335,51.12228,0 -114.96134,51.12702,0 -114.95514,51.12874,0 -114.94781,51.12995,0 -114.93944,51.1314,0 -114.9309,51.13289,0 -114.919,51.13493,0 -114.89151,51.13972,0 -114.887,51.14055,0 -114.88184,51.14169,0 -114.87701,51.14283,0 -114.86747,51.14502,0 -114.86351,51.14579,0 -114.85889,51.14627,0 -114.85486,51.14661,0 -114.85081,51.14696,0 -114.8371,51.14813,0 -114.82491,51.14917,0 -114.81948,51.14965,0 -114.81587,51.15022,0 -114.81248,51.15104,0 -114.7937,51.15741,0 -114.79006,51.15852,0 -114.78601,51.15944,0 -114.7824,51.16026,0 -114.77868,51.16095,0 -114.77502,51.16128,0 -114.77125,51.16153,0 -114.76606,51.16183,0 -114.76231,51.16194,0 -114.75848,51.16134,0 -114.75502,51.15999,0 -114.75177,51.1579,0 -114.7481,51.15551,0 -114.7445,51.15316,0 -114.7413,51.15107,0 -114.73802,51.14893,0 -114.73505,51.14737,0 -114.73185,51.14603,0 -114.72811,51.14457,0 -114.72352,51.14274,0 -114.71799,51.14053,0 -114.71313,51.1386,0 -114.70908,51.13694,0 -114.70445,51.13511,0 -114.7005,51.13354,0 -114.69509,51.13139,0 -114.69055,51.12957,0 -114.68428,51.12706,0 -114.67483,51.12319,0 -114.66401,51.11881,0 -114.65817,51.11654,0 -114.65511,51.11536,0 -114.6517,51.11402,0 -114.64827,51.1127,0 -114.6446,51.11152,0 -114.63899,51.10984,0 -114.62997,51.10708,0 -114.62502,51.10558,0 -114.61717,51.10321,0 -114.61103,51.10134,0 -114.606,51.09981,0 -114.5984,51.09747,0 -114.59221,51.09564,0 -114.5875,51.09419,0 -114.58097,51.09214,0 -114.5772,51.09122,0 -114.5733,51.09064,0 -114.56943,51.09048,0 -114.56579,51.09066,0 -114.56215,51.09117,0 -114.55612,51.0923,0 -114.55223,51.09296,0 -114.5486,51.09293,0 -114.54487,51.09193,0 -114.54131,51.09034,0 -114.53821,51.08906,0 -114.53451,51.08785,0 -114.53087,51.08746,0 -114.52541,51.08738,0 -114.52179,51.08733,0 -114.51459,51.08724,0 -114.50743,51.08714,0 -114.50077,51.08704,0 -114.49374,51.08692,0 -114.48719,51.08684,0 -114.48037,51.08673,0 -114.47362,51.08667,0 -114.46739,51.08655,0 -114.46313,51.08646,0 -114.45787,51.0864,0 -114.45409,51.08644,0 -114.45005,51.08684,0 -114.44464,51.08772,0 -114.43983,51.08835,0 -114.43516,51.08843,0 -114.42375,51.08844,0 -114.41586,51.08843,0 -114.40695,51.08843,0 -114.39351,51.08844,0 -114.38264,51.08846,0 -114.37024,51.08842,0 -114.36546,51.08844,0 -114.36068,51.08846,0 -114.35662,51.08845,0 -114.34558,51.08845,0 -114.33588,51.08844,0 -114.32568,51.08842,0 -114.3126,51.08856,0 -114.30404,51.08856,0 -114.29806,51.08855,0 -114.29358,51.08849,0 -114.28973,51.08843,0 -114.28391,51.08845,0 -114.27703,51.0885,0 -114.27319,51.0885,0 -114.26881,51.08849,0 -114.2632,51.08847,0 -114.2588,51.08848,0 -114.25502,51.08848,0 -114.25081,51.08847,0 -114.24661,51.08848,0 -114.24197,51.08846,0 -114.23756,51.08845,0 -114.23246,51.08845,0 -114.22837,51.08795,0 -114.22316,51.08669,0 -114.21845,51.08556,0 -114.21381,51.08436,0 -114.21025,51.08336,0 -114.20668,51.08252,0 -114.20258,51.08196,0 -114.19818,51.08186,0 -114.19456,51.08159,0 -114.19137,51.08021,0 -114.19001,51.07812,0 -114.18763,51.07585,0 -114.18555,51.07353,0 -114.18321,51.07163,0 -114.18067,51.06996,0 -114.17771,51.0684,0 -114.17405,51.06688,0 -114.17081,51.06559,0 -114.16811,51.06394,0 -114.16599,51.06205,0 -114.16461,51.05973,0 -114.16422,51.05746,0 -114.16441,51.05509,0 -114.16442,51.0527,0 -114.16057,51.05116,0 -114.15518,51.04948,0 -114.15169,51.04839,0 -114.14697,51.04694,0 -114.14353,51.04586,0 -114.1402,51.04468,0 -114.13816,51.04273,0 -114.13493,51.04151,0 -114.12876,51.04151,0 -114.12389,51.04152,0 -114.12004,51.0415,0 -114.1164,51.04178,0 -114.1128,51.04271,0 -114.10843,51.04436,0 -114.10495,51.04575,0 -114.10137,51.04559,0 -114.09756,51.0453,0 -114.09377,51.04557,0 -114.08995,51.04538,0 -114.08637,51.04527,0 -114.08276,51.04516,0 -114.07902,51.04506,0 -114.07475,51.04493,0 -114.07065,51.0448,0 -114.06687,51.0447,0 -114.06328,51.04461,0 -114.05957,51.04451,0 -114.05801,51.04718,0 -114.05479,51.04827,0 -114.05131,51.04919,0 -114.0476,51.04966,0 -114.04385,51.04908,0 -114.04026,51.04886,0 -114.03667,51.04784,0 -114.03255,51.04772,0 -114.02789,51.04727,0 -114.0222,51.04743,0 -114.01825,51.04788,0 -114.01826,51.05091,0 -114.01903,51.05331,0 -114.02046,51.05574,0 -114.02228,51.05789,0 -114.02412,51.06007,0 -114.02577,51.06224,0 -114.02689,51.06439,0 -114.02682,51.06678,0 -114.02632,51.07038,0 -114.02646,51.07284,0 -114.02739,51.07512,0 -114.02971,51.07781,0 -114.03214,51.07994,0 -114.03447,51.08207,0 -114.03646,51.08407,0 -114.03828,51.08722,0 -114.03894,51.08956,0 -114.03958,51.09352,0 -114.04041,51.09576,0 -114.04244,51.0984,0 -114.04422,51.10061,0 -114.04548,51.10292,0 -114.04641,51.10598,0 -114.0468,51.10855,0 -114.04691,51.11152,0 -114.04673,51.11489,0 -114.04646,51.11721,0 -114.04578,51.12102,0 -114.04555,51.12337,0 -114.04572,51.12616,0 -114.04575,51.12849,0 -114.04473,51.13124,0 -114.04278,51.1335,0 -114.04011,51.136,0 -114.03583,51.1401,0 -114.03115,51.14455,0 -114.02897,51.14644,0 -114.02612,51.14868,0 -114.01832,51.15379,0 -114.01526,51.15579,0 -114.0125,51.15763,0 -114.00877,51.16005,0 -114.006,51.16186,0 -114.00351,51.16396,0 -114.00173,51.1668,0 -114.00119,51.16908,0 -114.00091,51.17133,0 -114.00076,51.17371,0 -114.00073,51.17623,0 -114.00089,51.17916,0 -114.00119,51.1832,0 -114.00122,51.18671,0 -114.00122,51.18906,0 -114.00119,51.19221,0 -114.00124,51.19615,0 -114.00124,51.19904,0 -114.00123,51.20148,0 -114.00123,51.20553,0 -114.00121,51.21401,0 -114.00123,51.21819,0 -114.00123,51.22195,0 -114.00122,51.22635,0 -114.00121,51.23803,0 -114.00121,51.24159,0 -114.0012,51.24853,0 -114.00121,51.25708,0 -114.00121,51.26355,0 -114.00124,51.26582,0 -114.00123,51.27041,0 -114.00124,51.27302,0 -114.00145,51.27601,0 -114.00165,51.27839,0 -114.00161,51.2809,0 -114.00054,51.28614,0 -113.9998,51.28985,0 -113.99965,51.29213,0 -114.00006,51.29445,0 -114.00081,51.29682,0 -114.00158,51.30039,0 -114.00168,51.30939,0 -114.0017,51.31661,0 -114.00168,51.32015,0 -114.00168,51.32301,0 -114.00168,51.32913,0 -114.00168,51.3433,0 -114.00173,51.35823,0 -114.00172,51.36601,0 -114.00173,51.37273,0 -114.00172,51.37946,0 -114.00173,51.38264,0 -114.00173,51.38789,0 -114.00172,51.39239,0 -114.00169,51.40755,0 -114.0017,51.4193,0 -114.0017,51.42443,0 -114.00171,51.4319,0 -114.00222,51.43439,0 -114.00383,51.43692,0 -114.00619,51.43984,0 -114.00902,51.44338,0 -114.01204,51.44715,0 -114.01475,51.45048,0 -114.0165,51.45263,0 -114.01966,51.45657,0 -114.02163,51.459,0 -114.02342,51.4612,0 -114.02481,51.4642,0 -114.02494,51.46924,0 -114.02498,51.4804,0 -114.02496,51.48696,0 -114.02497,51.50383,0 -114.02498,51.51498,0 -114.02498,51.51742,0 -114.025,51.52052,0 -114.02501,51.5228,0 -114.02501,51.52737,0 -114.02503,51.53258,0 -114.02498,51.53767,0 -114.02495,51.55412,0 -114.02498,51.57018,0 -114.02498,51.58038,0 -114.025,51.59139,0 -114.02508,51.59572,0 -114.02514,51.59854,0 -114.02522,51.60261,0 -114.02528,51.60743,0 -114.02529,51.61084,0 -114.02529,51.6171,0 -114.0253,51.6203,0 -114.0253,51.65836,0 -114.02529,51.67019,0 -114.02528,51.70389,0 -114.02528,51.70768,0 -114.0253,51.73682,0 -114.02531,51.7394,0 -114.02528,51.76104,0 -114.02529,51.76591,0 -114.02531,51.78624,0 -114.02532,51.79104,0 -114.02532,51.79348,0 -114.02532,51.80154,0 -114.02532,51.81175,0 -114.0253,51.85,0 -114.0253,51.85331,0 -114.02528,51.88239,0 -114.02528,51.88471,0 -114.02527,51.89627,0 -114.02526,51.90933,0 -114.02513,51.92052,0 -114.02504,51.92839,0 -114.025,51.93739,0 -114.025,51.942,0 -114.02464,51.94445,0 -114.02355,51.9471,0 -114.02165,51.94939,0 -114.01937,51.9514,0 -114.01712,51.95427,0 -114.01493,51.95691,0 -114.0075,51.96523,0 -113.99745,51.97636,0 -113.99526,51.97877,0 -113.99334,51.9807,0 -113.98358,51.98759,0 -113.96888,51.99776,0 -113.96296,52.00184,0 -113.95997,52.00389,0 -113.95412,52.00807,0 -113.95047,52.01077,0 -113.94658,52.01364,0 -113.94293,52.0164,0 -113.93334,52.02405,0 -113.92991,52.02679,0 -113.92162,52.0334,0 -113.91925,52.03529,0 -113.90984,52.04278,0 -113.88482,52.06266,0 -113.86084,52.08176,0 -113.85711,52.08474,0 -113.85482,52.08655,0 -113.81868,52.11524,0 -113.81623,52.1178,0 -113.81474,52.12026,0 -113.81398,52.1226,0 -113.81379,52.12712,0 -113.81384,52.13175,0 -113.8138,52.14234,0 -113.8138,52.14982,0 -113.81381,52.17564,0 -113.81391,52.17839,0 -113.81465,52.18102,0 -113.81803,52.18642,0 -113.81907,52.18889,0 -113.81878,52.19139,0 -113.81749,52.19372,0 -113.81544,52.19679,0 -113.81356,52.19893,0 -113.81233,52.20108,0 -113.81637,52.20128,0 -113.81611,52.20354,0 -113.81761,52.20147,0 -113.81677,52.19916,0 -113.81733,52.19485,0 -113.81858,52.19246,0 -113.81944,52.18984,0 -113.81901,52.18751,0 -113.81567,52.18236,0 -113.81458,52.17991,0 -113.81415,52.17764,0 -113.81413,52.15512,0 -113.81413,52.14235,0 -113.81413,52.13461,0 -113.81413,52.13187,0 -113.81413,52.12407,0 -113.8146,52.12153,0 -113.81576,52.11901,0 -113.81756,52.11668,0 -113.85493,52.0868,0 -113.85737,52.08486,0 -113.86114,52.08185,0 -113.89311,52.0564,0 -113.91951,52.03541,0 -113.92529,52.03079,0 -113.93863,52.02016,0 -113.9432,52.01651,0 -113.94678,52.0138,0 -113.9498,52.01157,0 -113.95368,52.00871,0 -113.96327,52.00189,0 -113.96698,51.99937,0 -113.97252,51.99554,0 -113.98348,51.98796,0 -113.99196,51.9821,0 -113.99446,51.98002,0 -113.99764,51.97655,0 -114.00378,51.96983,0 -114.00775,51.96536,0 -114.01378,51.95868,0 -114.0172,51.95491,0 -114.01984,51.95197,0 -114.02196,51.94962,0 -114.0239,51.94704,0 -114.02491,51.94472,0 -114.02533,51.94247,0 -114.0254,51.93851,0 -114.02545,51.92643,0 -114.02545,51.92359,0 -114.02545,51.92051,0 -114.02548,51.91587,0 -114.02558,51.91155,0 -114.0256,51.88605,0 -114.0256,51.8837,0 -114.02561,51.88091,0 -114.02564,51.85331,0 -114.02564,51.84996,0 -114.02559,51.81392,0 -114.02554,51.80066,0 -114.02554,51.79635,0 -114.02554,51.79402,0 -114.02555,51.78869,0 -114.02555,51.78624,0 -114.02562,51.73942,0 -114.02563,51.73682,0 -114.02562,51.72355,0 -114.0256,51.70767,0 -114.02559,51.70458,0 -114.02561,51.66967,0 -114.02562,51.65726,0 -114.02562,51.62245,0 -114.02562,51.61927,0 -114.02562,51.61482,0 -114.02561,51.612,0 -114.02561,51.60909,0 -114.0256,51.6062,0 -114.02553,51.60217,0 -114.02546,51.59818,0 -114.02539,51.59409,0 -114.02532,51.59084,0 -114.0253,51.58731,0 -114.0253,51.58319,0 -114.0253,51.58084,0 -114.0253,51.57022,0 -114.02532,51.55479,0 -114.02532,51.53767,0 -114.02533,51.51787,0 -114.02533,51.50383,0 -114.02533,51.49625,0 -114.02529,51.48201,0 -114.02532,51.47286,0 -114.02532,51.46774,0 -114.0253,51.46491,0 -114.02432,51.46198,0 -114.01727,51.45308,0 -114.01509,51.45035,0 -114.01323,51.44805,0 -114.01055,51.44472,0 -114.00648,51.4397,0 -114.00416,51.43682,0 -114.00273,51.43466,0 -114.00208,51.43202,0 -114.00207,51.42346,0 -114.00207,51.41922,0 -114.00208,51.41324,0 -114.00208,51.40739,0 -114.00208,51.40153,0 -114.00212,51.39486,0 -114.00212,51.38781,0 -114.00213,51.38457,0 -114.00213,51.37764,0 -114.0035,51.37525,0 -114.00227,51.37295,0 -114.00207,51.36717,0 -114.00207,51.36332,0 -114.00206,51.35823,0 -114.00208,51.34933,0 -114.00207,51.34357,0 -114.00207,51.34083,0 -114.00207,51.33328,0 -114.00208,51.32914,0 -114.00211,51.3252,0 -114.00207,51.32015,0 -114.00206,51.31666,0 -114.00206,51.30995,0 -114.00208,51.30691,0 -114.00207,51.30374,0 -114.00204,51.301,0 -114.0019,51.29868,0 -114.00132,51.29644,0 -114.00048,51.29403,0 -114.00016,51.29172,0 -114.00065,51.28814,0 -114.00153,51.28383,0 -114.00208,51.28103,0 -114.00217,51.27837,0 -114.00184,51.27448,0 -114.00168,51.27192,0 -114.00174,51.26376,0 -114.00172,51.25983,0 -114.00172,51.25737,0 -114.00172,51.25328,0 -114.00172,51.24845,0 -114.00172,51.24159,0 -114.00174,51.22625,0 -114.00174,51.22193,0 -114.00174,51.21917,0 -114.00172,51.20721,0 -114.00172,51.20338,0 -114.00172,51.19739,0 -114.00176,51.19135,0 -114.00172,51.18909,0 -114.00171,51.18394,0 -114.00158,51.18114,0 -114.00124,51.17725,0 -114.0012,51.17424,0 -114.00135,51.17199,0 -114.00168,51.16905,0 -114.00228,51.16667,0 -114.0037,51.16441,0 -114.00596,51.16241,0 -114.01088,51.15923,0 -114.01463,51.15679,0 -114.02072,51.15282,0 -114.02556,51.14966,0 -114.02935,51.14683,0 -114.03453,51.14205,0 -114.03956,51.13724,0 -114.0421,51.13483,0 -114.04407,51.13294,0 -114.04576,51.13039,0 -114.04634,51.12794,0 -114.04616,51.1252,0 -114.04619,51.12176,0 -114.04657,51.1191,0 -114.04699,51.11638,0 -114.04732,51.11213,0 -114.04727,51.10911,0 -114.04686,51.10599,0 -114.04579,51.10267,0 -114.04458,51.10048,0 -114.04235,51.09777,0 -114.04079,51.09569,0 -114.03991,51.09297,0 -114.03938,51.08967,0 -114.03869,51.08721,0 -114.03744,51.08471,0 -114.03527,51.08239,0 -114.03231,51.07965,0 -114.03019,51.07769,0 -114.0281,51.0755,0 -114.02689,51.07283,0 -114.02682,51.06992,0 -114.02715,51.06727,0 -114.02736,51.06483,0 -114.02629,51.06241,0 -114.02437,51.05976,0 -114.02263,51.05772,0 -114.0207,51.05538,0 -114.01944,51.05321,0 -114.01863,51.05058,0 -114.01783,51.04838,0 -114.01587,51.04644,0 -114.01143,51.04447,0 -114.00856,51.04279,0 -114.00726,51.04065,0 -114.0061,51.03833,0 -114.00381,51.03631,0 -114.00073,51.03495,0 -113.99834,51.03305,0 -113.99772,51.03073,0 -113.99887,51.02782,0 -113.99996,51.02559,0 -114.00208,51.02128,0 -114.00319,51.01904,0 -114.00444,51.01653,0 -114.00574,51.01428,0 -114.00758,51.01234,0 -114.0106,51.01032,0 -114.01363,51.00907,0 -114.0174,51.00845,0 -114.02114,51.00878,0 -114.0247,51.00836,0 -114.02754,51.00677,0 -114.02911,51.00465,0 -114.03092,51.00209,0 -114.03284,50.99931,0 -114.03415,50.99716,0 -114.03496,50.99483,0 -114.03507,50.99252,0 -114.0352,50.99021,0 -114.03528,50.98782,0 -114.03587,50.98541,0 -114.03744,50.98287,0 -114.03924,50.98048,0 -114.04047,50.97819,0 -114.04055,50.97567,0 -114.03948,50.97351,0 -114.03736,50.97135,0 -114.0349,50.96901,0 -114.03305,50.9666,0 -114.03193,50.96417,0 -114.0306,50.95997,0 -114.02976,50.95744,0 -114.02829,50.95494,0 -114.02546,50.95324,0 -114.0219,50.95256,0 -114.01778,50.95206,0 -114.014,50.9514,0 -114.00363,50.94868,0 -113.99994,50.94787,0 -113.99611,50.94732,0 -113.98965,50.94669,0 -113.98607,50.94611,0 -113.98259,50.94493,0 -113.97968,50.94329,0 -113.97753,50.94132,0 -113.97621,50.9392,0 -113.97566,50.93697,0 -113.97563,50.93435,0 -113.97562,50.93179,0 -113.97559,50.9278,0 -113.97564,50.9249,0 -113.97556,50.92207,0 -113.97555,50.9196,0 -113.97553,50.91541,0 -113.9755,50.91135,0 -113.97549,50.90802,0 -113.97545,50.90083,0 -113.97543,50.89772,0 -113.97498,50.89516,0 -113.97313,50.8922,0 -113.97122,50.88911,0 -113.9699,50.88681,0 -113.9688,50.88451,0 -113.96642,50.88074,0 -113.96497,50.87847,0 -113.96348,50.87589,0 -113.96265,50.87353,0 -113.9622,50.87117,0 -113.96235,50.86876,0 -113.96296,50.86653,0 -113.96401,50.86435,0 -113.96568,50.86205,0 -113.96741,50.85991,0 -113.96891,50.85784,0 -113.97024,50.85564,0 -113.9714,50.85321,0 -113.97246,50.85018,0 -113.97304,50.84761,0 -113.97341,50.84438,0 -113.97385,50.84209,0 -113.97465,50.83966,0 -113.97619,50.83661,0 -113.97871,50.83269,0 -113.98019,50.83033,0 -113.9821,50.82733,0 -113.98404,50.82444,0 -113.98565,50.82236,0 -113.98693,50.81979,0 -113.9871,50.81735,0 -113.98598,50.81436,0 -113.98204,50.81041,0 -113.97803,50.80685,0 -113.97588,50.80499,0 -113.97235,50.80205,0 -113.96978,50.7999,0 -113.96718,50.79771,0 -113.96461,50.79557,0 -113.96201,50.7934,0 -113.95884,50.79073,0 -113.95103,50.78415,0 -113.94846,50.78201,0 -113.94285,50.7773,0 -113.93982,50.77477,0 -113.93685,50.77228,0 -113.93363,50.76958,0 -113.91455,50.75359,0 -113.90648,50.74682,0 -113.89673,50.73864,0 -113.89345,50.73588,0 -113.88622,50.7298,0 -113.88415,50.72762,0 -113.88296,50.72547,0 -113.88246,50.7226,0 -113.88245,50.71772,0 -113.88245,50.71333,0 -113.88245,50.70748,0 -113.88242,50.70259,0 -113.88239,50.69982,0 -113.88237,50.6938,0 -113.88232,50.69132,0 -113.88157,50.68895,0 -113.8788,50.68522,0 -113.87586,50.6816,0 -113.8733,50.67846,0 -113.8713,50.67602,0 -113.86908,50.67331,0 -113.86741,50.67126,0 -113.86507,50.66945,0 -113.86173,50.66815,0 -113.85581,50.66609,0 -113.84289,50.66155,0 -113.84016,50.66,0 -113.83794,50.65772,0 -113.83694,50.65492,0 -113.83686,50.65072,0 -113.83683,50.64758,0 -113.8369,50.63191,0 -113.83687,50.62802,0 -113.83681,50.62083,0 -113.83681,50.615,0 -113.83616,50.61235,0 -113.8342,50.60912,0 -113.83257,50.60669,0 -113.8306,50.60374,0 -113.82936,50.60118,0 -113.82867,50.59835,0 -113.82861,50.58752,0 -113.82861,50.58439,0 -113.82856,50.57726,0 -113.82852,50.57219,0 -113.82849,50.56969,0 -113.82822,50.5652,0 -113.8282,50.55617,0 -113.82821,50.55018,0 -113.82823,50.5418,0 -113.82824,50.52323,0 -113.82826,50.51375,0 -113.82824,50.50641,0 -113.82824,50.49921,0 -113.82824,50.49102,0 -113.82828,50.48459,0 -113.82826,50.47777,0 -113.82827,50.47321,0 -113.82827,50.47001,0 -113.82827,50.46052,0 -113.8283,50.45547,0 -113.82831,50.44091,0 -113.82832,50.4297,0 -113.82833,50.42636,0 -113.82834,50.41148,0 -113.82832,50.40664,0 -113.82791,50.40365,0 -113.8269,50.40043,0 -113.82543,50.39751,0 -113.82368,50.39494,0 -113.82105,50.39202,0 -113.80452,50.37893,0 -113.80184,50.37678,0 -113.79869,50.37299,0 -113.79695,50.37064,0 -113.79547,50.36815,0 -113.79124,50.3605,0 -113.78934,50.35842,0 -113.78624,50.35697,0 -113.78191,50.35522,0 -113.77925,50.35359,0 -113.77648,50.35097,0 -113.77453,50.34901,0 -113.77224,50.34677,0 -113.76927,50.34387,0 -113.76608,50.34217,0 -113.7644,50.33901,0 -113.76237,50.33705,0 -113.75952,50.33501,0 -113.75558,50.33339,0 -113.75186,50.33262,0 -113.74598,50.33176,0 -113.74211,50.33072,0 -113.7384,50.32866,0 -113.73563,50.32635,0 -113.73106,50.32254,0 -113.72491,50.31741,0 -113.72305,50.31549,0 -113.72198,50.3132,0 -113.72112,50.3099,0 -113.71906,50.30185,0 -113.7178,50.29935,0 -113.71567,50.2968,0 -113.71364,50.29422,0 -113.7056,50.28426,0 -113.7035,50.28239,0 -113.6918,50.27534,0 -113.68891,50.2736,0 -113.67158,50.26319,0 -113.6681,50.26104,0 -113.66259,50.25737,0 -113.6605,50.25554,0 -113.65886,50.25274,0 -113.65669,50.24156,0 -113.65624,50.23925,0 -113.656,50.23682,0 -113.65603,50.22645,0 -113.65599,50.22287,0 -113.65598,50.21263,0 -113.65598,50.19896,0 -113.65599,50.19394,0 -113.65603,50.18777,0 -113.65597,50.18234,0 -113.65559,50.17964,0 -113.65481,50.17706,0 -113.65085,50.16488,0 -113.65013,50.16267,0 -113.64897,50.15994,0 -113.64704,50.15705,0 -113.64267,50.15164,0 -113.641,50.14951,0 -113.63418,50.13573,0 -113.63225,50.13174,0 -113.62036,50.10663,0 -113.61384,50.09275,0 -113.60856,50.08167,0 -113.60658,50.07749,0 -113.60367,50.07135,0 -113.5962,50.05559,0 -113.59279,50.04838,0 -113.59143,50.04557,0 -113.58932,50.04108,0 -113.58754,50.0374,0 -113.58593,50.03409,0 -113.5843,50.03069,0 -113.58294,50.02777,0 -113.58176,50.02529,0 -113.58033,50.02232,0 -113.57895,50.0196,0 -113.5774,50.01664,0 -113.5752,50.01197,0 -113.57416,50.00969,0 -113.57315,50.00693,0 -113.56968,49.99948,0 -113.56528,49.99011,0 -113.56286,49.98497,0 -113.55839,49.97553,0 -113.55676,49.97208,0 -113.5515,49.96098,0 -113.55019,49.95823,0 -113.54309,49.94319,0 -113.54129,49.93929,0 -113.53781,49.9319,0 -113.53166,49.91895,0 -113.52892,49.91309,0 -113.52805,49.91035,0 -113.52801,49.9045,0 -113.52792,49.89023,0 -113.52794,49.87919,0 -113.52765,49.87668,0 -113.52654,49.87305,0 -113.52216,49.87358,0 -113.51469,49.87364,0 -113.50985,49.87361,0 -113.50588,49.87356,0 -113.50182,49.87355,0 -113.49633,49.87355,0 -113.49047,49.87354,0 -113.4817,49.87355,0 -113.45889,49.87352,0 -113.43607,49.87347,0 -113.41324,49.87344,0 -113.3905,49.8734,0 -113.36774,49.87344,0 -113.34495,49.87348,0 -113.33682,49.87348,0 -113.32185,49.87352,0 -113.30659,49.87352,0 -113.3023,49.87351,0 -113.29835,49.87351,0 -113.28452,49.87355,0 -113.27678,49.87357,0 -113.27105,49.87356,0 -113.25472,49.87352,0 -113.23271,49.87349,0 -113.21058,49.87344,0 -113.20178,49.87342,0 -113.18853,49.8734,0 -113.16263,49.87331,0 -113.14809,49.87328,0 -113.1444,49.87327,0 -113.13983,49.87328,0 -113.131,49.87326,0 -113.1172,49.87322,0 -113.09878,49.8732,0 -113.09487,49.8732,0 -113.08822,49.8732,0 -113.0849,49.87238,0 -113.08417,49.87012,0 -113.08364,49.86723,0 -113.08351,49.86487,0 -113.08353,49.86155,0 -113.08369,49.84404,0 -113.08351,49.82931,0 -113.08377,49.81494,0 -113.0838,49.81211,0 -113.08325,49.80953,0 -113.082,49.80705,0 -113.08039,49.80491,0 -113.07783,49.80205,0 -113.07613,49.80004,0 -113.07381,49.79708,0 -113.07113,49.79409,0 -113.06911,49.7922,0 -113.06655,49.79065,0 -113.06296,49.78932,0 -113.05896,49.78856,0 -113.05424,49.78777,0 -113.05002,49.7871,0 -113.04651,49.78663,0 -113.04197,49.78625,0 -113.03839,49.78616,0 -113.03366,49.78617,0 -113.02876,49.78616,0 -113.02484,49.78616,0 -113.02092,49.78614,0 -113.01301,49.78613,0 -113.00848,49.78612,0 -113.00427,49.78609,0 -113.00044,49.78573,0 -112.99647,49.7849,0 -112.99333,49.78388,0 -112.98835,49.78185,0 -112.98291,49.77969,0 -112.97998,49.77828,0 -112.97692,49.7762,0 -112.97378,49.77306,0 -112.97179,49.77094,0 -112.9698,49.76883,0 -112.96781,49.76672,0 -112.96521,49.76397,0 -112.96336,49.76197,0 -112.96006,49.75847,0 -112.95762,49.75629,0 -112.95458,49.7544,0 -112.94938,49.75203,0 -112.94643,49.75049,0 -112.94362,49.74842,0 -112.93818,49.74391,0 -112.93476,49.74106,0 -112.93133,49.73819,0 -112.92899,49.73622,0 -112.92665,49.73427,0 -112.92391,49.73126,0 -112.92235,49.72918,0 -112.92,49.72677,0 -112.91673,49.724,0 -112.91415,49.72234,0 -112.91013,49.72118,0 -112.90322,49.71934,0 -112.89748,49.71785,0 -112.89424,49.71701,0 -112.89063,49.71608,0 -112.8866,49.71543,0 -112.88267,49.71475,0 -112.87951,49.71366,0 -112.87641,49.712,0 -112.87364,49.71039,0 -112.87072,49.70887,0 -112.86737,49.70798,0 -112.86208,49.70728,0 -112.85847,49.70676,0 -112.85417,49.70555,0 -112.85144,49.70405,0 -112.84788,49.70282,0 -112.84408,49.70163,0 -112.84079,49.70086,0 -112.83461,49.69987,0 -112.82898,49.69897,0 -112.82539,49.6986,0 -112.82004,49.69834,0 -112.81589,49.69811,0 -112.81195,49.69767,0 -112.81118,49.69529,0 -112.80936,49.69159,0 -112.80705,49.68678,0 -112.80562,49.68387,0 -112.80425,49.6811,0 -112.80288,49.67832,0 -112.80168,49.67585,0 -112.80059,49.67364,0 -112.79907,49.67053,0 -112.79684,49.66877,0 -112.78933,49.66876,0 -112.78122,49.66869,0 -112.77352,49.66866,0 -112.76937,49.66865,0 -112.76376,49.66864,0 -112.75686,49.66862,0 -112.75251,49.66862,0 -112.74883,49.66818,0 -112.74584,49.66679,0 -112.74356,49.66416,0 -112.74156,49.66208,0 -112.73773,49.65952,0 -112.73366,49.65686,0 -112.71853,49.64694,0 -112.7084,49.64032,0 -112.69922,49.63432,0 -112.68806,49.62698,0 -112.68302,49.62368,0 -112.67663,49.61948,0 -112.66707,49.61323,0 -112.65899,49.60791,0 -112.65525,49.60549,0 -112.65097,49.60323,0 -112.64649,49.60078,0 -112.64329,49.59842,0 -112.63935,49.59562,0 -112.62789,49.58843,0 -112.61877,49.58267,0 -112.60271,49.57254,0 -112.59862,49.5692,0 -112.59449,49.56423,0 -112.59231,49.56239,0 -112.58913,49.56091,0 -112.58572,49.55981,0 -112.58064,49.55819,0 -112.57658,49.55593,0 -112.57358,49.55323,0 -112.57045,49.55042,0 -112.56748,49.54844,0 -112.55671,49.54186,0 -112.55045,49.53803,0 -112.54618,49.53535,0 -112.5432,49.53355,0 -112.52202,49.52257,0 -112.51502,49.51894,0 -112.51096,49.51652,0 -112.50836,49.51396,0 -112.50467,49.5064,0 -112.50283,49.50276,0 -112.50032,49.49979,0 -112.49824,49.49795,0 -112.49194,49.49283,0 -112.47212,49.47707,0 -112.46972,49.47544,0 -112.4587,49.46858,0 -112.45208,49.46479,0 -112.44143,49.45831,0 -112.43769,49.45651,0 -112.42819,49.45272,0 -112.42187,49.44894,0 -112.41685,49.44526,0 -112.41376,49.44307,0 -112.40887,49.44109,0 -112.40336,49.43901,0 -112.39562,49.43602,0 -112.39114,49.43401,0 -112.38724,49.43186,0 -112.38048,49.42729,0 -112.37751,49.42508,0 -112.37077,49.42023,0 -112.36803,49.41832,0 -112.3642,49.41628,0 -112.35865,49.41357,0 -112.34507,49.40697,0 -112.31787,49.39371,0 -112.31364,49.39164,0 -112.29961,49.38479,0 -112.29341,49.38177,0 -112.28087,49.37565,0 -112.27561,49.37309,0 -112.27209,49.37108,0 -112.26924,49.36847,0 -112.26368,49.36159,0 -112.26182,49.35927,0 -112.25278,49.34816,0 -112.2361,49.32742,0 -112.23165,49.3219,0 -112.22954,49.31936,0 -112.22725,49.3164,0 -112.22423,49.31273,0 -112.22224,49.31056,0 -112.21699,49.30484,0 -112.21401,49.30188,0 -112.20448,49.29444,0 -112.20141,49.29187,0 -112.19957,49.2895,0 -112.19856,49.28716,0 -112.19828,49.28297,0 -112.19833,49.28005,0 -112.19802,49.27741,0 -112.19718,49.27499,0 -112.19574,49.27249,0 -112.19265,49.26862,0 -112.18986,49.26524,0 -112.18793,49.26287,0 -112.1858,49.26068,0 -112.183,49.25852,0 -112.18018,49.2566,0 -112.17753,49.25485,0 -112.17475,49.2525,0 -112.15332,49.23156,0 -112.14527,49.22355,0 -112.1372,49.21557,0 -112.13496,49.21374,0 -112.13166,49.21161,0 -112.12698,49.2093,0 -112.12306,49.20756,0 -112.12005,49.20615,0 -112.11706,49.20462,0 -112.11292,49.20199,0 -112.10903,49.19884,0 -112.10612,49.19569,0 -112.10221,49.18977,0 -112.09902,49.1848,0 -112.09729,49.18203,0 -112.09388,49.17653,0 -112.09252,49.17411,0 -112.09212,49.17146,0 -112.0928,49.16692,0 -112.09318,49.16448,0 -112.09408,49.15902,0 -112.09451,49.15638,0 -112.09439,49.15387,0 -112.09324,49.15126,0 -112.09033,49.14858,0 -112.08787,49.14668,0 -112.08502,49.14444,0 -112.08224,49.142,0 -112.07982,49.13905,0 -112.07837,49.13647,0 -112.07679,49.13252,0 -112.07533,49.12938,0 -112.07358,49.12674,0 -112.07197,49.12471,0 -112.06978,49.12239,0 -112.06663,49.11966,0 -112.06268,49.11635,0 -112.0554,49.11023,0 -112.05246,49.10815,0 -112.04561,49.10392,0 -112.04278,49.10216,0 -112.04037,49.09967,0 -112.03676,49.09488,0 -112.03438,49.09169,0 -112.03207,49.08852,0 -112.02795,49.08283,0 -112.02592,49.08012,0 -112.02393,49.07747,0 -112.02141,49.07398,0 -112.01924,49.07044,0 -112.0165,49.06609,0 -112.01462,49.06291,0 -112.0109,49.05685,0 -112.00838,49.05391,0 -112.00408,49.04989,0 -112.00019,49.04613,0 -111.99765,49.04372,0 -111.99577,49.04116,0 -111.99462,49.03871,0 -111.99241,49.03369,0 -111.99144,49.03147,0 -111.98996,49.02811,0 -111.98771,49.02301,0 -111.98696,49.02059,0 -111.98677,49.01724,0 -111.98676,49.01423,0 -111.98675,49.01091,0 -111.9862,49.00852,0 -111.98395,49.00664,0 -111.98085,49.00548,0 -111.97725,49.00506,0 -111.97303,49.00528,0 -111.96885,49.00552,0 -111.96469,49.00573,0 -111.96128,49.00477,0 -111.95955,49.00281,0 -111.96083,49.00046,0 -111.9607,48.99813,0 -111.95984,48.99594,0 -111.96013,48.99351,0 -111.95999,48.99086,0 -111.95831,48.98094,0 -111.95756,48.97869,0 -111.95539,48.97585,0 -111.94043,48.96062,0 -111.93886,48.95848,0 -111.93579,48.95136,0 -111.93366,48.94627,0 -111.9323,48.94311,0 -111.93095,48.93996,0 -111.92721,48.93101,0 -111.92452,48.92469,0 -111.91661,48.90619,0 -111.9112,48.89334,0 -111.90949,48.89071,0 -111.90739,48.88863,0 -111.90369,48.88508,0 -111.90174,48.88316,0 -111.88729,48.8692,0 -111.87818,48.86039,0 -111.86724,48.84975,0 -111.86531,48.84753,0 -111.86396,48.84519,0 -111.86317,48.84271,0 -111.86294,48.83033,0 -111.86294,48.82329,0 -111.86293,48.80808,0 -111.86289,48.76926,0 -111.86286,48.76452,0 -111.86272,48.76174,0 -111.86184,48.74686,0 -111.86165,48.74382,0 -111.86148,48.7403,0 -111.86163,48.73713,0 -111.86225,48.72653,0 -111.86223,48.72379,0 -111.86214,48.65953,0 -111.86214,48.65664,0 -111.86212,48.64979,0 -111.86203,48.60126,0 -111.86201,48.59886,0 -111.86202,48.59529,0 -111.86204,48.59216,0 -111.86203,48.58874,0 -111.86198,48.57272,0 -111.8617,48.5692,0 -111.86062,48.55768,0 -111.86015,48.55245,0 -111.85967,48.54768,0 -111.85961,48.54532,0 -111.85968,48.54275,0 -111.85981,48.53539,0 -111.86002,48.53258,0 -111.86143,48.53045,0 -111.86617,48.52578,0 -111.87597,48.51623,0 -111.87923,48.51302,0 -111.88094,48.51096,0 -111.88227,48.50856,0 -111.88299,48.50617,0 -111.88342,48.50305,0 -111.88361,48.49998,0 -111.88364,48.49643,0 -111.88387,48.4938,0 -111.88438,48.49147,0 -111.88511,48.48909,0 -111.88661,48.4859,0 -111.88739,48.48343,0 -111.88755,48.48064,0 -111.88706,48.47798,0 -111.88564,48.47483,0 -111.88467,48.47215,0 -111.88408,48.46926,0 -111.88388,48.46663,0 -111.88397,48.45486,0 -111.88403,48.44709,0 -111.88404,48.44317,0 -111.88402,48.44068,0 -111.88406,48.43806,0 -111.88453,48.43577,0 -111.8856,48.43344,0 -111.88708,48.43136,0 -111.8891,48.42937,0 -111.89217,48.42684,0 -111.90566,48.41564,0 -111.90781,48.41353,0 -111.90963,48.41091,0 -111.92075,48.39258,0 -111.92236,48.38996,0 -111.92597,48.38396,0 -111.92743,48.38155,0 -111.93338,48.37172,0 -111.93455,48.3694,0 -111.93559,48.36649,0 -111.93614,48.36383,0 -111.93644,48.36079,0 -111.93641,48.32909,0 -111.93641,48.31036,0 -111.93641,48.30303,0 -111.9364,48.30048,0 -111.93638,48.27133,0 -111.93638,48.26711,0 -111.93638,48.25959,0 -111.9363,48.24183,0 -111.93636,48.22404,0 -111.93601,48.22159,0 -111.93481,48.21911,0 -111.9332,48.21684,0 -111.93129,48.21401,0 -111.9274,48.20842,0 -111.92581,48.20607,0 -111.9246,48.20386,0 -111.92465,48.20144,0 -111.92933,48.19341,0 -111.93175,48.18936,0 -111.93307,48.18716,0 -111.93467,48.18444,0 -111.93552,48.18214,0 -111.93569,48.1797,0 -111.93508,48.17701,0 -111.93386,48.17481,0 -111.928,48.16576,0 -111.92603,48.16273,0 -111.92401,48.15961,0 -111.92218,48.15678,0 -111.92062,48.15439,0 -111.91901,48.15191,0 -111.9166,48.14814,0 -111.91431,48.14467,0 -111.91231,48.14157,0 -111.91031,48.13873,0 -111.90793,48.13565,0 -111.906,48.13317,0 -111.90166,48.12758,0 -111.90005,48.12552,0 -111.89404,48.1178,0 -111.892,48.11518,0 -111.88964,48.11213,0 -111.88741,48.10928,0 -111.88472,48.10581,0 -111.87605,48.09463,0 -111.87031,48.08723,0 -111.86296,48.07776,0 -111.86133,48.07567,0 -111.85876,48.07236,0 -111.85713,48.07024,0 -111.85483,48.06729,0 -111.85095,48.0623,0 -111.84908,48.05992,0 -111.84535,48.05507,0 -111.83646,48.04359,0 -111.83245,48.0384,0 -111.82808,48.03278,0 -111.82512,48.02898,0 -111.81643,48.01775,0 -111.81476,48.01577,0 -111.81184,48.01277,0 -111.80975,48.01088,0 -111.80686,48.00857,0 -111.80096,48.00434,0 -111.79326,47.99881,0 -111.78379,47.99202,0 -111.77539,47.986,0 -111.76741,47.98026,0 -111.76528,47.9785,0 -111.76276,47.97579,0 -111.76136,47.97369,0 -111.75583,47.96405,0 -111.75339,47.95976,0 -111.74904,47.95221,0 -111.73651,47.93038,0 -111.73359,47.92524,0 -111.73177,47.92209,0 -111.72827,47.91597,0 -111.72615,47.91226,0 -111.7184,47.89873,0 -111.7154,47.89348,0 -111.71403,47.89108,0 -111.71277,47.88853,0 -111.71173,47.88541,0 -111.71119,47.88264,0 -111.71103,47.87979,0 -111.71112,47.87196,0 -111.71107,47.86906,0 -111.71084,47.86609,0 -111.71039,47.86319,0 -111.70971,47.86022,0 -111.70858,47.85654,0 -111.70727,47.85282,0 -111.70657,47.8497,0 -111.7107,47.84813,0 -111.71539,47.84815,0 -111.7107,47.84813,0 -111.70683,47.84828,0 -111.70393,47.84605,0 -111.7019,47.84394,0 -111.6998,47.84177,0 -111.69736,47.83968,0 -111.66875,47.81757,0 -111.66651,47.81526,0 -111.66559,47.8125,0 -111.66634,47.79781,0 -111.66652,47.79422,0 -111.66649,47.79131,0 -111.66652,47.7847,0 -111.66647,47.7566,0 -111.66645,47.75083,0 -111.66645,47.74132,0 -111.66642,47.72309,0 -111.666,47.72039,0 -111.66514,47.71818,0 -111.66336,47.71553,0 -111.65808,47.71007,0 -111.6541,47.70602,0 -111.6473,47.69906,0 -111.63231,47.68371,0 -111.60666,47.65744,0 -111.60103,47.65169,0 -111.59378,47.64423,0 -111.59042,47.64073,0 -111.58871,47.63869,0 -111.58723,47.63663,0 -111.58537,47.63314,0 -111.57051,47.6019,0 -111.56922,47.59964,0 -111.56775,47.59747,0 -111.5529,47.58118,0 -111.53819,47.5653,0 -111.5364,47.56339,0 -111.53365,47.56115,0 -111.53054,47.55938,0 -111.52732,47.5581,0 -111.5232,47.55705,0 -111.50968,47.55495,0 -111.48678,47.55143,0 -111.4773,47.54995,0 -111.45561,47.54663,0 -111.452,47.54607,0 -111.4485,47.54553,0 -111.44389,47.5448,0 -111.43917,47.54372,0 -111.43505,47.54247,0 -111.38535,47.52618,0 -111.3825,47.52479,0 -111.38005,47.52191,0 -111.37827,47.51986,0 -111.37541,47.51853,0 -111.35394,47.51309,0 -111.35064,47.51225,0 -111.34745,47.51088,0 -111.34544,47.50885,0 -111.34225,47.50776,0 -111.33773,47.50777,0 -111.33425,47.50776,0 -111.33077,47.50776,0 -111.32722,47.50776,0 -111.32371,47.50776,0 -111.32035,47.50776,0 -111.31693,47.50775,0 -111.31248,47.50681,0 -111.30858,47.50641,0 -111.3051,47.50642,0 -111.30176,47.50641,0 -111.2983,47.50639,0 -111.29472,47.50638,0 -111.29123,47.50635,0 -111.28717,47.50634,0 -111.28349,47.50631,0 -111.28338,47.50355,0 -111.28341,47.50079,0 -111.28342,47.49805,0 -111.28347,47.49547,0 -111.28048,47.49409,0 -111.27651,47.49407,0 -111.27304,47.49405,0 -111.26957,47.49404,0 -111.26608,47.49403,0 -111.2626,47.49399,0 -111.25926,47.49397,0 -111.25588,47.49396,0 -111.25249,47.49396,0 -111.24888,47.49394,0 -111.24554,47.49391,0 -111.24173,47.4939,0 -111.23827,47.49388,0 -111.23464,47.49386,0 -111.22997,47.49384,0 -111.22626,47.49382,0 -111.22191,47.49379,0 -111.21773,47.49371,0 -111.21409,47.49266,0 -111.2104,47.49121,0 -111.20744,47.49008,0 -111.20419,47.48905,0 -111.20079,47.48855,0 -111.19568,47.48837,0 -111.19031,47.48819,0 -111.18539,47.48803,0 -111.18184,47.48781,0 -111.1781,47.48719,0 -111.17425,47.48604,0 -111.16932,47.4843,0 -111.16067,47.48124,0 -111.15699,47.47992,0 -111.15415,47.47874,0 -111.1486,47.47546,0 -111.14516,47.47338,0 -111.13335,47.46612,0 -111.12945,47.4637,0 -111.12645,47.46212,0 -111.12244,47.46087,0 -111.1001,47.45843,0 -111.09024,47.4574,0 -111.08122,47.45647,0 -111.07241,47.45558,0 -111.06893,47.4552,0 -111.06248,47.45454,0 -111.0474,47.45294,0 -111.04329,47.45255,0 -111.03969,47.45201,0 -111.03616,47.45135,0 -111.03241,47.45046,0 -111.02778,47.44897,0 -111.01845,47.44515,0 -111.01431,47.44344,0 -111.00429,47.43925,0 -111.00063,47.43775,0 -110.99752,47.43646,0 -110.99444,47.43517,0 -110.99158,47.43401,0 -110.98282,47.43028,0 -110.97522,47.42713,0 -110.97148,47.42551,0 -110.96778,47.4237,0 -110.96496,47.42146,0 -110.96323,47.41937,0 -110.96209,47.41681,0 -110.95633,47.396,0 -110.95439,47.38921,0 -110.95355,47.38661,0 -110.95179,47.38423,0 -110.94894,47.38234,0 -110.92736,47.3743,0 -110.92174,47.37225,0 -110.91861,47.371,0 -110.91575,47.3697,0 -110.91282,47.3679,0 -110.91063,47.36617,0 -110.90851,47.36392,0 -110.90694,47.36191,0 -110.90461,47.35907,0 -110.90259,47.3565,0 -110.90075,47.35425,0 -110.89898,47.35195,0 -110.89742,47.34983,0 -110.8992,47.34756,0 -110.90168,47.34541,0 -110.90284,47.34306,0 -110.90258,47.33806,0 -110.90221,47.3353,0 -110.90241,47.33215,0 -110.90297,47.3299,0 -110.90359,47.32752,0 -110.90421,47.32476,0 -110.90451,47.32208,0 -110.90446,47.3192,0 -110.9041,47.31623,0 -110.90353,47.31172,0 -110.90316,47.30879,0 -110.90265,47.30505,0 -110.90208,47.30257,0 -110.9004,47.29667,0 -110.89959,47.29378,0 -110.8997,47.29153,0 -110.90107,47.28878,0 -110.90269,47.28618,0 -110.90398,47.28371,0 -110.90535,47.27915,0 -110.90636,47.27599,0 -110.90903,47.26997,0 -110.91057,47.26701,0 -110.91244,47.26398,0 -110.91417,47.26117,0 -110.91584,47.25848,0 -110.91757,47.2561,0 -110.91931,47.25379,0 -110.92157,47.25161,0 -110.92428,47.2499,0 -110.92663,47.24817,0 -110.92833,47.24616,0 -110.92946,47.24366,0 -110.93047,47.24086,0 -110.93188,47.23695,0 -110.93292,47.23403,0 -110.93371,47.23146,0 -110.93436,47.2283,0 -110.9352,47.22419,0 -110.93575,47.22158,0 -110.93601,47.21927,0 -110.93449,47.21684,0 -110.93268,47.2147,0 -110.93179,47.21236,0 -110.92912,47.21052,0 -110.9278,47.20816,0 -110.9296,47.20574,0 -110.93164,47.2035,0 -110.93141,47.20094,0 -110.92886,47.1992,0 -110.92535,47.19843,0 -110.92256,47.19716,0 -110.92122,47.195,0 -110.92069,47.19275,0 -110.91837,47.1911,0 -110.91342,47.19014,0 -110.90881,47.18929,0 -110.90454,47.18846,0 -110.90151,47.18725,0 -110.89692,47.18477,0 -110.89108,47.18162,0 -110.88912,47.17962,0 -110.88837,47.17716,0 -110.88622,47.1753,0 -110.88189,47.17397,0 -110.87587,47.17225,0 -110.87278,47.17137,0 -110.8692,47.17036,0 -110.86547,47.16979,0 -110.85748,47.16972,0 -110.8537,47.16942,0 -110.85012,47.1685,0 -110.84722,47.16729,0 -110.84417,47.16585,0 -110.84182,47.16413,0 -110.83984,47.16211,0 -110.8375,47.16024,0 -110.83475,47.15817,0 -110.83237,47.15481,0 -110.83022,47.152,0 -110.8275,47.14956,0 -110.82536,47.14775,0 -110.8236,47.1456,0 -110.82321,47.14291,0 -110.82473,47.13973,0 -110.82519,47.13614,0 -110.82528,47.13366,0 -110.8242,47.13112,0 -110.82406,47.12879,0 -110.82295,47.12638,0 -110.82276,47.12328,0 -110.82179,47.12076,0 -110.82093,47.11846,0 -110.82192,47.11597,0 -110.82319,47.11351,0 -110.82583,47.11131,0 -110.8276,47.10795,0 -110.82892,47.10551,0 -110.83097,47.10337,0 -110.83302,47.10133,0 -110.83549,47.09968,0 -110.83591,47.09741,0 -110.83562,47.09515,0 -110.83322,47.09304,0 -110.83115,47.09091,0 -110.82834,47.08665,0 -110.8263,47.08355,0 -110.8249,47.08144,0 -110.82337,47.07916,0 -110.82172,47.07664,0 -110.82027,47.07445,0 -110.81861,47.07203,0 -110.81681,47.07013,0 -110.81356,47.06766,0 -110.81008,47.0652,0 -110.8078,47.06358,0 -110.805,47.06159,0 -110.80141,47.05906,0 -110.79898,47.05734,0 -110.79654,47.05562,0 -110.79483,47.05359,0 -110.7944,47.0512,0 -110.79409,47.04885,0 -110.79298,47.04576,0 -110.79144,47.04348,0 -110.78951,47.04116,0 -110.78807,47.03815,0 -110.78565,47.03631,0 -110.78301,47.03456,0 -110.78109,47.03242,0 -110.78021,47.02995,0 -110.77802,47.02778,0 -110.77622,47.02564,0 -110.77589,47.0231,0 -110.77471,47.02075,0 -110.77162,47.01851,0 -110.77026,47.01629,0 -110.77051,47.01357,0 -110.77054,47.01127,0 -110.77019,47.00834,0 -110.76968,47.00599,0 -110.76911,47.00337,0 -110.76848,47.00044,0 -110.76798,46.99804,0 -110.76764,46.99563,0 -110.76797,46.99337,0 -110.76794,46.99044,0 -110.76735,46.98813,0 -110.76658,46.98582,0 -110.76464,46.98373,0 -110.76418,46.98105,0 -110.76082,46.97504,0 -110.7596,46.97286,0 -110.75787,46.97078,0 -110.75746,46.96823,0 -110.75799,46.966,0 -110.75606,46.96411,0 -110.75466,46.96164,0 -110.75431,46.95929,0 -110.75454,46.95683,0 -110.75521,46.95444,0 -110.75334,46.95172,0 -110.7513,46.94971,0 -110.75089,46.94742,0 -110.74886,46.94521,0 -110.74633,46.94337,0 -110.74371,46.94114,0 -110.74236,46.93885,0 -110.73975,46.93695,0 -110.73653,46.93412,0 -110.73387,46.93167,0 -110.73172,46.92974,0 -110.72894,46.92777,0 -110.72613,46.92573,0 -110.72429,46.92258,0 -110.72253,46.92052,0 -110.71699,46.91869,0 -110.71373,46.91771,0 -110.71109,46.91616,0 -110.70564,46.9141,0 -110.69925,46.9128,0 -110.69641,46.91158,0 -110.69255,46.90967,0 -110.69013,46.908,0 -110.68975,46.90241,0 -110.68969,46.89881,0 -110.68962,46.89483,0 -110.68917,46.89244,0 -110.68747,46.88933,0 -110.68553,46.88598,0 -110.68431,46.88374,0 -110.68385,46.88131,0 -110.68265,46.87919,0 -110.67652,46.87379,0 -110.67306,46.87147,0 -110.67021,46.87015,0 -110.66723,46.86886,0 -110.66551,46.86675,0 -110.66485,46.86361,0 -110.66697,46.85981,0 -110.66887,46.85791,0 -110.67167,46.85652,0 -110.67626,46.8552,0 -110.68382,46.85301,0 -110.68699,46.85161,0 -110.68907,46.84966,0 -110.69034,46.84725,0 -110.69201,46.84502,0 -110.6937,46.8429,0 -110.69555,46.84063,0 -110.69604,46.83766,0 -110.69611,46.83541,0 -110.69469,46.83303,0 -110.69556,46.83077,0 -110.69615,46.82831,0 -110.69517,46.82614,0 -110.69737,46.82437,0 -110.69946,46.82205,0 -110.70147,46.81904,0 -110.70291,46.81682,0 -110.70376,46.8146,0 -110.70588,46.81154,0 -110.70647,46.80893,0 -110.70615,46.80634,0 -110.70531,46.80374,0 -110.70433,46.801,0 -110.70287,46.79806,0 -110.7014,46.79547,0 -110.69825,46.78987,0 -110.69716,46.78719,0 -110.69664,46.78441,0 -110.6971,46.78211,0 -110.69875,46.7799,0 -110.69973,46.77745,0 -110.70118,46.77535,0 -110.70327,46.77296,0 -110.70771,46.76972,0 -110.71026,46.76796,0 -110.71214,46.76611,0 -110.71342,46.76373,0 -110.71618,46.7616,0 -110.71889,46.76011,0 -110.72399,46.76026,0 -110.72752,46.76038,0 -110.73134,46.76013,0 -110.73858,46.76024,0 -110.7423,46.76037,0 -110.74615,46.76049,0 -110.75055,46.76065,0 -110.75414,46.76076,0 -110.75793,46.76114,0 -110.76133,46.76209,0 -110.76577,46.76378,0 -110.76956,46.76465,0 -110.77465,46.76549,0 -110.77836,46.76583,0 -110.78381,46.76608,0 -110.78869,46.76651,0 -110.79341,46.76696,0 -110.7969,46.76713,0 -110.80591,46.76684,0 -110.80935,46.76673,0 -110.81449,46.76776,0 -110.82934,46.77203,0 -110.83271,46.77257,0 -110.83832,46.77227,0 -110.84394,46.77182,0 -110.84725,46.77161,0 -110.85465,46.77177,0 -110.85803,46.77186,0 -110.86201,46.77197,0 -110.86495,46.77093,0 -110.86567,46.7686,0 -110.86531,46.76271,0 -110.86512,46.75941,0 -110.86472,46.75332,0 -110.86444,46.75084,0 -110.86168,46.74629,0 -110.85988,46.74379,0 -110.85776,46.74088,0 -110.85584,46.73819,0 -110.85399,46.73563,0 -110.85197,46.73282,0 -110.8518,46.73046,0 -110.85369,46.7278,0 -110.85519,46.72563,0 -110.85635,46.72238,0 -110.85707,46.71979,0 -110.858,46.71648,0 -110.85902,46.71388,0 -110.86077,46.71029,0 -110.86191,46.70798,0 -110.86266,46.70543,0 -110.86256,46.70218,0 -110.86263,46.69962,0 -110.86409,46.69736,0 -110.86682,46.69537,0 -110.86926,46.69373,0 -110.87142,46.69154,0 -110.87345,46.68694,0 -110.87447,46.68455,0 -110.87611,46.68075,0 -110.87748,46.67866,0 -110.878,46.67546,0 -110.87784,46.67215,0 -110.87749,46.66902,0 -110.87669,46.66656,0 -110.87489,46.6633,0 -110.87398,46.66054,0 -110.87284,46.65717,0 -110.87217,46.65466,0 -110.87116,46.65165,0 -110.87008,46.64948,0 -110.86819,46.64704,0 -110.86543,46.64448,0 -110.86251,46.64182,0 -110.86022,46.63977,0 -110.85808,46.63781,0 -110.85552,46.63553,0 -110.85308,46.63331,0 -110.85083,46.63125,0 -110.84909,46.62888,0 -110.84826,46.62668,0 -110.84658,46.62174,0 -110.84426,46.61481,0 -110.84136,46.60619,0 -110.84085,46.6033,0 -110.84121,46.59932,0 -110.84194,46.59381,0 -110.84255,46.58921,0 -110.84298,46.58584,0 -110.84372,46.58328,0 -110.8503,46.57448,0 -110.85222,46.572,0 -110.85613,46.56696,0 -110.85804,46.56426,0 -110.86178,46.55969,0 -110.86409,46.5573,0 -110.86919,46.55253,0 -110.87138,46.55081,0 -110.87577,46.54892,0 -110.87954,46.54823,0 -110.88996,46.54814,0 -110.89366,46.54815,0 -110.8985,46.54817,0 -110.89366,46.54815,0 -110.88996,46.54814,0 -110.88095,46.54813,0 -110.87693,46.54863,0 -110.87387,46.54959,0 -110.86919,46.55253,0 -110.86409,46.5573,0 -110.86178,46.55969,0 -110.8591,46.56318,0 -110.8566,46.56527,0 -110.8537,46.56654,0 -110.84985,46.56719,0 -110.84658,46.56732,0 -110.8376,46.56831,0 -110.83354,46.56846,0 -110.82979,46.56815,0 -110.82111,46.56686,0 -110.8135,46.56574,0 -110.80948,46.56618,0 -110.80695,46.56774,0 -110.8041,46.57306,0 -110.80247,46.57593,0 -110.79872,46.57967,0 -110.79581,46.5822,0 -110.7929,46.58481,0 -110.79054,46.58696,0 -110.78879,46.58888,0 -110.78634,46.59216,0 -110.78452,46.59403,0 -110.78229,46.59574,0 -110.7753,46.60038,0 -110.77219,46.60244,0 -110.76891,46.60462,0 -110.76357,46.60816,0 -110.75833,46.61163,0 -110.75442,46.61423,0 -110.75196,46.61581,0 -110.7489,46.61701,0 -110.74339,46.61803,0 -110.73971,46.61887,0 -110.73658,46.61994,0 -110.73305,46.62077,0 -110.72889,46.62104,0 -110.72417,46.62129,0 -110.71762,46.62163,0 -110.71387,46.62183,0 -110.70646,46.62223,0 -110.70313,46.62222,0 -110.6976,46.62117,0 -110.69221,46.62004,0 -110.68864,46.61968,0 -110.68495,46.61968,0 -110.68159,46.6191,0 -110.67869,46.61767,0 -110.6761,46.61614,0 -110.67336,46.61482,0 -110.66927,46.61437,0 -110.65727,46.61433,0 -110.65268,46.61429,0 -110.64694,46.61413,0 -110.64309,46.61393,0 -110.63944,46.61335,0 -110.63559,46.61249,0 -110.6309,46.61095,0 -110.62576,46.60901,0 -110.6223,46.60771,0 -110.6185,46.60669,0 -110.60475,46.60343,0 -110.59885,46.60203,0 -110.59564,46.60052,0 -110.59404,46.59778,0 -110.59249,46.59528,0 -110.58781,46.59138,0 -110.58508,46.58923,0 -110.57989,46.58512,0 -110.57713,46.58339,0 -110.57423,46.58218,0 -110.57086,46.58133,0 -110.56745,46.58073,0 -110.56307,46.57928,0 -110.55985,46.57845,0 -110.55727,46.57683,0 -110.55598,46.57451,0 -110.55348,46.57297,0 -110.55012,46.57249,0 -110.54656,46.57249,0 -110.54344,46.57163,0 -110.54009,46.57068,0 -110.53612,46.56953,0 -110.5321,46.56837,0 -110.52717,46.56696,0 -110.52276,46.56568,0 -110.51749,46.56418,0 -110.51381,46.56289,0 -110.511,46.56149,0 -110.50853,46.55982,0 -110.50571,46.55757,0 -110.50187,46.55581,0 -110.49841,46.55503,0 -110.49426,46.55441,0 -110.48859,46.55417,0 -110.48518,46.55417,0 -110.48199,46.55363,0 -110.47971,46.55164,0 -110.47586,46.5499,0 -110.46846,46.54802,0 -110.46497,46.54714,0 -110.46091,46.5461,0 -110.45726,46.54516,0 -110.45357,46.54425,0 -110.4501,46.54298,0 -110.44721,46.54148,0 -110.44218,46.53986,0 -110.43907,46.53879,0 -110.43358,46.53567,0 -110.42954,46.53334,0 -110.42406,46.5302,0 -110.41974,46.52773,0 -110.4163,46.52576,0 -110.41135,46.52294,0 -110.40818,46.52112,0 -110.40013,46.51651,0 -110.3966,46.51448,0 -110.39334,46.51263,0 -110.38964,46.5105,0 -110.3869,46.50903,0 -110.38396,46.50795,0 -110.38054,46.50675,0 -110.3762,46.50538,0 -110.3708,46.50373,0 -110.36657,46.50244,0 -110.36205,46.50105,0 -110.35783,46.49996,0 -110.35233,46.49858,0 -110.34437,46.49659,0 -110.34118,46.49575,0 -110.33763,46.49459,0 -110.32956,46.49124,0 -110.32666,46.49001,0 -110.32379,46.4888,0 -110.31868,46.48813,0 -110.31209,46.48758,0 -110.30648,46.48711,0 -110.30097,46.48663,0 -110.29258,46.48592,0 -110.28906,46.48562,0 -110.28403,46.48519,0 -110.28011,46.48481,0 -110.27676,46.4842,0 -110.26416,46.48178,0 -110.25788,46.48056,0 -110.24812,46.47868,0 -110.24202,46.4775,0 -110.23814,46.47674,0 -110.23467,46.47542,0 -110.23011,46.47227,0 -110.22614,46.46948,0 -110.22344,46.46755,0 -110.22038,46.46619,0 -110.21167,46.4643,0 -110.19939,46.46164,0 -110.19599,46.46088,0 -110.19078,46.45879,0 -110.18721,46.45722,0 -110.1833,46.45552,0 -110.17867,46.45385,0 -110.16647,46.45067,0 -110.15056,46.44666,0 -110.14622,46.44556,0 -110.14271,46.44467,0 -110.13892,46.44371,0 -110.13572,46.44317,0 -110.13197,46.44293,0 -110.12653,46.44255,0 -110.12191,46.44224,0 -110.1182,46.44199,0 -110.11397,46.4417,0 -110.10698,46.44123,0 -110.10243,46.44092,0 -110.09914,46.44063,0 -110.09548,46.43924,0 -110.09191,46.43768,0 -110.08892,46.43645,0 -110.08578,46.4355,0 -110.08244,46.43484,0 -110.07678,46.43382,0 -110.07345,46.43327,0 -110.06974,46.43356,0 -110.06425,46.43424,0 -110.05795,46.43501,0 -110.05426,46.43555,0 -110.05099,46.43642,0 -110.04707,46.43801,0 -110.04418,46.43934,0 -110.04014,46.44121,0 -110.03661,46.44283,0 -110.03229,46.44482,0 -110.0293,46.44602,0 -110.0261,46.4469,0 -110.02252,46.44747,0 -110.01887,46.44799,0 -110.01501,46.44854,0 -110.0093,46.44935,0 -110.0053,46.44989,0 -110.0015,46.45012,0 -109.99206,46.44996,0 -109.98844,46.44988,0 -109.98446,46.44949,0 -109.97656,46.44832,0 -109.9708,46.44746,0 -109.96341,46.44636,0 -109.95985,46.44612,0 -109.94613,46.44611,0 -109.94088,46.44611,0 -109.93055,46.44611,0 -109.92401,46.44611,0 -109.9189,46.44611,0 -109.91464,46.4461,0 -109.90426,46.4461,0 -109.89848,46.44609,0 -109.88694,46.44608,0 -109.88277,46.44605,0 -109.87878,46.44559,0 -109.87553,46.44484,0 -109.87191,46.44351,0 -109.86701,46.44127,0 -109.86419,46.43999,0 -109.86104,46.43865,0 -109.85735,46.43781,0 -109.85325,46.43734,0 -109.84886,46.43685,0 -109.84546,46.43653,0 -109.84199,46.43646,0 -109.83862,46.43641,0 -109.83516,46.43649,0 -109.83237,46.43776,0 -109.82908,46.43859,0 -109.82574,46.4386,0 -109.82146,46.43859,0 -109.81777,46.43817,0 -109.81428,46.43688,0 -109.8116,46.43559,0 -109.80836,46.43401,0 -109.80481,46.43235,0 -109.80134,46.43117,0 -109.78883,46.42707,0 -109.78518,46.42588,0 -109.78188,46.42501,0 -109.77473,46.4238,0 -109.77102,46.42339,0 -109.76129,46.42295,0 -109.75744,46.42276,0 -109.75192,46.42228,0 -109.74257,46.42142,0 -109.7315,46.42039,0 -109.72705,46.4194,0 -109.71019,46.41456,0 -109.70511,46.41309,0 -109.70161,46.41177,0 -109.69659,46.40944,0 -109.69331,46.40792,0 -109.69048,46.40674,0 -109.67912,46.40283,0 -109.67458,46.40129,0 -109.6663,46.39848,0 -109.66209,46.39704,0 -109.65801,46.39567,0 -109.65297,46.39395,0 -109.6394,46.38935,0 -109.63449,46.38767,0 -109.62811,46.38551,0 -109.62439,46.38423,0 -109.61982,46.38268,0 -109.61321,46.38042,0 -109.60281,46.37689,0 -109.5966,46.3743,0 -109.58232,46.36818,0 -109.57297,46.36416,0 -109.56996,46.36288,0 -109.56386,46.36028,0 -109.55179,46.35511,0 -109.54797,46.35347,0 -109.53894,46.34958,0 -109.53369,46.34741,0 -109.53079,46.34623,0 -109.52799,46.34504,0 -109.52416,46.3434,0 -109.51015,46.3373,0 -109.50674,46.33583,0 -109.50248,46.334,0 -109.49885,46.33244,0 -109.49568,46.33138,0 -109.49226,46.33066,0 -109.48492,46.32995,0 -109.47999,46.32951,0 -109.47606,46.32916,0 -109.4719,46.32878,0 -109.45779,46.32562,0 -109.45283,46.32443,0 -109.44827,46.32333,0 -109.44444,46.32225,0 -109.44067,46.32109,0 -109.43751,46.32014,0 -109.43426,46.31947,0 -109.43041,46.31914,0 -109.42501,46.31921,0 -109.4205,46.31901,0 -109.41503,46.31833,0 -109.40972,46.31768,0 -109.40643,46.31726,0 -109.40304,46.31684,0 -109.39856,46.31629,0 -109.39382,46.31569,0 -109.38907,46.3153,0 -109.38384,46.31488,0 -109.37575,46.31348,0 -109.36139,46.31082,0 -109.35778,46.30977,0 -109.35204,46.30758,0 -109.34826,46.30616,0 -109.34515,46.30523,0 -109.34086,46.304,0 -109.33196,46.30146,0 -109.32806,46.3005,0 -109.32141,46.29961,0 -109.3103,46.29816,0 -109.30507,46.29827,0 -109.29912,46.2986,0 -109.2941,46.29889,0 -109.29067,46.29887,0 -109.28595,46.29865,0 -109.27518,46.29813,0 -109.26993,46.29789,0 -109.26464,46.29772,0 -109.26085,46.29756,0 -109.25642,46.29735,0 -109.25266,46.29717,0 -109.24776,46.29695,0 -109.24256,46.29673,0 -109.23629,46.29737,0 -109.21718,46.30011,0 -109.2134,46.30083,0 -109.21037,46.30181,0 -109.20397,46.30424,0 -109.19751,46.30668,0 -109.19342,46.30832,0 -109.19049,46.31024,0 -109.18675,46.31401,0 -109.18438,46.31638,0 -109.18201,46.31801,0 -109.17879,46.31878,0 -109.17459,46.31907,0 -109.16993,46.31934,0 -109.16559,46.31952,0 -109.16166,46.3192,0 -109.15383,46.31799,0 -109.14765,46.31707,0 -109.13899,46.31574,0 -109.13483,46.31508,0 -109.13142,46.31399,0 -109.12729,46.31116,0 -109.12445,46.30913,0 -109.12166,46.30754,0 -109.1146,46.30351,0 -109.11205,46.30206,0 -109.109,46.30098,0 -109.10232,46.30051,0 -109.08423,46.30014,0 -109.07734,46.3,0 -109.07154,46.29989,0 -109.06779,46.30003,0 -109.06454,46.30089,0 -109.05957,46.3003,0 -109.05617,46.29971,0 -109.04897,46.29942,0 -109.04327,46.29935,0 -109.03808,46.29963,0 -109.0307,46.30021,0 -109.02661,46.30054,0 -109.02211,46.30195,0 -109.01449,46.30517,0 -109.01131,46.30618,0 -109.00049,46.30636,0 -108.98864,46.30642,0 -108.98211,46.30645,0 -108.97359,46.30649,0 -108.96788,46.3065,0 -108.9467,46.30658,0 -108.93802,46.30663,0 -108.93801,46.30416,0 -108.93799,46.30143,0 -108.93799,46.29879,0 -108.93797,46.29648,0 -108.93795,46.2941,0 -108.93794,46.29125,0 -108.93793,46.28863,0 -108.93861,46.28428,0 -108.93946,46.28035,0 -108.94011,46.27722,0 -108.94046,46.27476,0 -108.94025,46.2722,0 -108.93954,46.26989,0 -108.93788,46.26578,0 -108.93721,46.26268,0 -108.93657,46.24951,0 -108.93622,46.24209,0 -108.933,46.2336,0 -108.93154,46.23026,0 -108.92671,46.2192,0 -108.92566,46.21662,0 -108.92472,46.2142,0 -108.92287,46.20998,0 -108.92074,46.20505,0 -108.91888,46.20078,0 -108.9142,46.18998,0 -108.90626,46.17164,0 -108.90284,46.1674,0 -108.90125,46.16512,0 -108.89956,46.16094,0 -108.89775,46.15611,0 -108.89636,46.15223,0 -108.89384,46.14769,0 -108.89014,46.13819,0 -108.889,46.13283,0 -108.8861,46.12627,0 -108.88242,46.1154,0 -108.88165,46.11317,0 -108.8793,46.10934,0 -108.87715,46.10618,0 -108.87611,46.1039,0 -108.87591,46.10103,0 -108.87571,46.09857,0 -108.87546,46.09631,0 -108.87407,46.09347,0 -108.8719,46.08907,0 -108.86918,46.08371,0 -108.86651,46.07831,0 -108.8642,46.07366,0 -108.8583,46.06695,0 -108.85334,46.0619,0 -108.85144,46.0599,0 -108.84943,46.05782,0 -108.84712,46.05554,0 -108.83804,46.04837,0 -108.82206,46.03573,0 -108.81951,46.03372,0 -108.80616,46.02317,0 -108.79702,46.01593,0 -108.78128,46.00338,0 -108.77803,46.00082,0 -108.7739,45.99755,0 -108.7568,45.98401,0 -108.75078,45.97923,0 -108.73879,45.96969,0 -108.73408,45.96599,0 -108.71483,45.9507,0 -108.71035,45.94714,0 -108.706,45.94367,0 -108.70298,45.94124,0 -108.70065,45.93945,0 -108.69724,45.93743,0 -108.69147,45.93517,0 -108.68649,45.93328,0 -108.68305,45.932,0 -108.6735,45.92844,0 -108.6707,45.92671,0 -108.66902,45.92396,0 -108.66852,45.92094,0 -108.66796,45.91744,0 -108.6674,45.914,0 -108.66694,45.91077,0 -108.6669,45.90833,0 -108.6674,45.90408,0 -108.66803,45.89945,0 -108.66869,45.8943,0 -108.66905,45.89172,0 -108.66964,45.88722,0 -108.67028,45.8829,0 -108.67061,45.88053,0 -108.67054,45.87823,0 -108.6693,45.87573,0 -108.66604,45.87274,0 -108.66073,45.86814,0 -108.65789,45.86577,0 -108.65507,45.86321,0 -108.65233,45.85947,0 -108.65034,45.85644,0 -108.64503,45.84835,0 -108.64177,45.84343,0 -108.64032,45.84085,0 -108.63934,45.83802,0 -108.63847,45.83554,0 -108.63718,45.83189,0 -108.63646,45.82968,0 -108.63582,45.82397,0 -108.63511,45.82121,0 -108.63355,45.81892,0 -108.62758,45.81429,0 -108.62414,45.81181,0 -108.62167,45.81028,0 -108.61832,45.8088,0 -108.61473,45.80779,0 -108.61029,45.80716,0 -108.60512,45.80681,0 -108.6011,45.8065,0 -108.59785,45.80617,0 -108.59353,45.80573,0 -108.58892,45.80525,0 -108.58522,45.80483,0 -108.58023,45.8043,0 -108.57642,45.80422,0 -108.56979,45.80421,0 -108.56628,45.8042,0 -108.56266,45.804,0 -108.55714,45.8031,0 -108.55243,45.80246,0 -108.54671,45.80221,0 -108.54211,45.80206,0 -108.53841,45.80195,0 -108.53519,45.80219,0 -108.531,45.80187,0 -108.52669,45.80136,0 -108.52278,45.80092,0 -108.51662,45.80018,0 -108.51203,45.7996,0 -108.50814,45.79959,0 -108.50486,45.80008,0 -108.49912,45.80092,0 -108.49534,45.80155,0 -108.49152,45.80231,0 -108.4868,45.80293,0 -108.48333,45.8034,0 -108.48007,45.80319,0 -108.4805,45.80071,0 -108.48154,45.79855,0 -108.48148,45.79606,0 -108.4777,45.79519,0 -108.47307,45.79633,0 -108.46863,45.7963,0 -108.46509,45.79601,0 -108.46179,45.79687,0 -108.45832,45.79691,0 -108.45422,45.79704,0 -108.45113,45.79859,0 -108.43778,45.80393,0 -108.43441,45.80515,0 -108.43084,45.80627,0 -108.42777,45.8075,0 -108.4192,45.81193,0 -108.41642,45.81341,0 -108.41379,45.81503,0 -108.40935,45.81787,0 -108.40503,45.82057,0 -108.40153,45.8228,0 -108.39835,45.82485,0 -108.39542,45.82617,0 -108.39169,45.82612,0 -108.38823,45.82484,0 -108.38444,45.82404,0 -108.381,45.82385,0 -108.37736,45.82405,0 -108.37368,45.82408,0 -108.37025,45.82391,0 -108.36473,45.82338,0 -108.3601,45.82262,0 -108.35181,45.82046,0 -108.34805,45.81977,0 -108.34416,45.81919,0 -108.3409,45.8179,0 -108.33351,45.81201,0 -108.32983,45.80961,0 -108.32311,45.80661,0 -108.32015,45.80552,0 -108.31649,45.80459,0 -108.30958,45.80395,0 -108.30611,45.80332,0 -108.30161,45.80166,0 -108.29662,45.80027,0 -108.29254,45.79922,0 -108.28907,45.79834,0 -108.28528,45.79738,0 -108.28114,45.79634,0 -108.27728,45.79512,0 -108.27424,45.79394,0 -108.27109,45.7928,0 -108.25079,45.78984,0 -108.24687,45.78898,0 -108.23844,45.7867,0 -108.23469,45.78588,0 -108.23005,45.78555,0 -108.22581,45.78528,0 -108.2215,45.78429,0 -108.21623,45.78283,0 -108.2117,45.78156,0 -108.20808,45.78058,0 -108.20491,45.77983,0 -108.19985,45.77887,0 -108.19338,45.77767,0 -108.18945,45.77693,0 -108.18487,45.77645,0 -108.17633,45.77665,0 -108.17181,45.77692,0 -108.16422,45.77883,0 -108.15972,45.77944,0 -108.1457,45.77847,0 -108.14226,45.77835,0 -108.13552,45.77867,0 -108.13053,45.77891,0 -108.12566,45.77909,0 -108.11431,45.77958,0 -108.10927,45.78001,0 -108.1062,45.78077,0 -108.102,45.78201,0 -108.09819,45.78258,0 -108.09452,45.78255,0 -108.09027,45.78226,0 -108.08477,45.78185,0 -108.07958,45.78152,0 -108.07539,45.78163,0 -108.07196,45.78191,0 -108.06834,45.78224,0 -108.06318,45.78263,0 -108.05976,45.78265,0 -108.05003,45.78259,0 -108.02391,45.78247,0 -108.0196,45.78244,0 -108.00611,45.78149,0 -108.00029,45.78104,0 -107.99289,45.78091,0 -107.98463,45.78094,0 -107.97859,45.78096,0 -107.97362,45.78086,0 -107.96368,45.78054,0 -107.95893,45.78042,0 -107.95543,45.78008,0 -107.9521,45.7794,0 -107.94878,45.77823,0 -107.94428,45.77599,0 -107.9318,45.7694,0 -107.92758,45.76768,0 -107.92438,45.76702,0 -107.92091,45.76676,0 -107.91665,45.767,0 -107.9128,45.76731,0 -107.908,45.76742,0 -107.90391,45.76709,0 -107.87565,45.7607,0 -107.87229,45.75993,0 -107.86777,45.75845,0 -107.86471,45.75683,0 -107.85913,45.75349,0 -107.85532,45.75143,0 -107.85237,45.75008,0 -107.84917,45.74889,0 -107.84526,45.74772,0 -107.84167,45.74689,0 -107.83786,45.74626,0 -107.83281,45.74579,0 -107.82817,45.74561,0 -107.79042,45.74416,0 -107.77914,45.74372,0 -107.77407,45.7436,0 -107.75064,45.74363,0 -107.73918,45.74361,0 -107.72237,45.74361,0 -107.7171,45.7437,0 -107.71339,45.74392,0 -107.70841,45.74436,0 -107.69351,45.74566,0 -107.6894,45.74591,0 -107.68383,45.74603,0 -107.66213,45.74607,0 -107.63704,45.74607,0 -107.63123,45.74609,0 -107.61887,45.74616,0 -107.60665,45.74641,0 -107.59948,45.74657,0 -107.59477,45.74659,0 -107.5915,45.74613,0 -107.58707,45.74462,0 -107.57695,45.73882,0 -107.57444,45.73732,0 -107.56353,45.73101,0 -107.55443,45.72574,0 -107.54152,45.71823,0 -107.53812,45.71576,0 -107.53083,45.70797,0 -107.52906,45.70602,0 -107.52708,45.7039,0 -107.51968,45.69593,0 -107.50818,45.6835,0 -107.50526,45.68069,0 -107.50346,45.67862,0 -107.50079,45.6755,0 -107.49896,45.6736,0 -107.49572,45.67012,0 -107.47877,45.65178,0 -107.47624,45.64903,0 -107.47457,45.64694,0 -107.46987,45.63562,0 -107.46889,45.63306,0 -107.46747,45.62939,0 -107.46626,45.62622,0 -107.4656,45.62367,0 -107.46509,45.61849,0 -107.46473,45.61365,0 -107.46435,45.61073,0 -107.46365,45.60589,0 -107.46324,45.60317,0 -107.46268,45.59931,0 -107.46193,45.59677,0 -107.46009,45.59261,0 -107.45916,45.58976,0 -107.45838,45.58731,0 -107.45722,45.58496,0 -107.45473,45.58241,0 -107.45329,45.57951,0 -107.45245,45.57693,0 -107.4525,45.57452,0 -107.45309,45.57163,0 -107.45228,45.56848,0 -107.45134,45.56558,0 -107.45022,45.5629,0 -107.4486,45.56011,0 -107.44707,45.55798,0 -107.44432,45.55485,0 -107.44106,45.55125,0 -107.43928,45.54933,0 -107.43655,45.54632,0 -107.43323,45.54269,0 -107.43008,45.53925,0 -107.42741,45.53635,0 -107.42333,45.53207,0 -107.42107,45.53004,0 -107.41818,45.52677,0 -107.41669,45.52468,0 -107.41382,45.52134,0 -107.40987,45.5171,0 -107.40771,45.5147,0 -107.40414,45.51082,0 -107.40174,45.50816,0 -107.39964,45.50583,0 -107.39752,45.50321,0 -107.39571,45.49947,0 -107.39455,45.49694,0 -107.39343,45.4945,0 -107.3921,45.49195,0 -107.38904,45.48977,0 -107.3824,45.48716,0 -107.37892,45.48554,0 -107.37692,45.48341,0 -107.37645,45.47992,0 -107.37681,45.47655,0 -107.37694,45.47235,0 -107.37689,45.46822,0 -107.37727,45.46581,0 -107.37827,45.46304,0 -107.37879,45.46007,0 -107.37866,45.45776,0 -107.37766,45.45368,0 -107.37745,45.45025,0 -107.3778,45.44582,0 -107.37825,45.43943,0 -107.37857,45.43457,0 -107.37882,45.43128,0 -107.3791,45.42731,0 -107.3793,45.42429,0 -107.37915,45.42193,0 -107.37821,45.41929,0 -107.37535,45.41411,0 -107.37421,45.41179,0 -107.37316,45.4092,0 -107.37242,45.4067,0 -107.37152,45.40368,0 -107.37112,45.40096,0 -107.37141,45.39771,0 -107.37178,45.39471,0 -107.37201,45.39235,0 -107.37149,45.38953,0 -107.37057,45.38655,0 -107.36981,45.38408,0 -107.3691,45.38178,0 -107.3682,45.37885,0 -107.36685,45.37633,0 -107.36471,45.37409,0 -107.36284,45.37217,0 -107.36141,45.36992,0 -107.3602,45.36617,0 -107.3593,45.36349,0 -107.35814,45.36087,0 -107.3564,45.35833,0 -107.35416,45.35526,0 -107.35308,45.35305,0 -107.35273,45.35055,0 -107.35315,45.34811,0 -107.35411,45.34346,0 -107.35378,45.341,0 -107.35032,45.33696,0 -107.34849,45.33456,0 -107.34597,45.32997,0 -107.34478,45.32772,0 -107.34378,45.32483,0 -107.34348,45.32235,0 -107.34411,45.31745,0 -107.34444,45.31496,0 -107.3451,45.31058,0 -107.34531,45.30763,0 -107.34368,45.29237,0 -107.34418,45.29003,0 -107.34584,45.28752,0 -107.34707,45.28532,0 -107.34692,45.28235,0 -107.34576,45.2801,0 -107.34483,45.27729,0 -107.34488,45.27459,0 -107.34632,45.27042,0 -107.35091,45.25954,0 -107.35275,45.25511,0 -107.35386,45.25239,0 -107.35484,45.24917,0 -107.35681,45.24105,0 -107.35761,45.23882,0 -107.35979,45.23572,0 -107.36388,45.23212,0 -107.3656,45.22969,0 -107.36607,45.22736,0 -107.36552,45.22501,0 -107.36416,45.22244,0 -107.36176,45.21795,0 -107.36044,45.21452,0 -107.36002,45.21178,0 -107.3589,45.20412,0 -107.35855,45.2017,0 -107.35888,45.19921,0 -107.36136,45.19573,0 -107.36334,45.19284,0 -107.36422,45.19029,0 -107.36466,45.18656,0 -107.36566,45.18247,0 -107.36661,45.18012,0 -107.36791,45.17752,0 -107.36833,45.17415,0 -107.36602,45.16971,0 -107.36523,45.16675,0 -107.36675,45.15946,0 -107.36764,45.15716,0 -107.37045,45.15331,0 -107.37167,45.15074,0 -107.37242,45.14809,0 -107.37417,45.1451,0 -107.3751,45.14244,0 -107.37466,45.14019,0 -107.37304,45.13814,0 -107.36862,45.1349,0 -107.36443,45.1318,0 -107.35945,45.1283,0 -107.35639,45.12677,0 -107.34573,45.12256,0 -107.34322,45.12113,0 -107.34097,45.11843,0 -107.34041,45.11563,0 -107.3412,45.11297,0 -107.34421,45.10738,0 -107.34783,45.1005,0 -107.34965,45.09675,0 -107.35013,45.0937,0 -107.34987,45.09101,0 -107.34828,45.08644,0 -107.34742,45.0832,0 -107.34678,45.07964,0 -107.34553,45.07643,0 -107.34407,45.07399,0 -107.34214,45.07125,0 -107.34043,45.06885,0 -107.33895,45.06668,0 -107.33765,45.06413,0 -107.3371,45.06178,0 -107.33748,45.05803,0 -107.33746,45.05563,0 -107.33666,45.05077,0 -107.3361,45.04736,0 -107.33544,45.04438,0 -107.33376,45.04215,0 -107.33128,45.04044,0 -107.32235,45.03657,0 -107.32014,45.03471,0 -107.31909,45.03255,0 -107.31775,45.0292,0 -107.316,45.02704,0 -107.3139,45.02516,0 -107.31134,45.022,0 -107.30746,45.01681,0 -107.30491,45.01358,0 -107.30134,45.00875,0 -107.29928,45.00558,0 -107.2986,45.00282,0 -107.29857,45.00016,0 -107.29855,44.99781,0 -107.29852,44.99482,0 -107.2985,44.99157,0 -107.29764,44.98878,0 -107.2955,44.98538,0 -107.29331,44.98356,0 -107.29064,44.98196,0 -107.28729,44.98032,0 -107.28462,44.97906,0 -107.28149,44.97751,0 -107.27753,44.97588,0 -107.27318,44.974,0 -107.26872,44.97114,0 -107.26575,44.96786,0 -107.26266,44.96461,0 -107.26037,44.96244,0 -107.25694,44.96052,0 -107.25284,44.9594,0 -107.24712,44.95852,0 -107.24365,44.9576,0 -107.24034,44.95615,0 -107.23638,44.95445,0 -107.23261,44.9531,0 -107.22889,44.95168,0 -107.22319,44.94821,0 -107.21944,44.94575,0 -107.21569,44.94382,0 -107.21264,44.94282,0 -107.20945,44.94184,0 -107.20613,44.94062,0 -107.20164,44.93846,0 -107.19647,44.93582,0 -107.19367,44.93451,0 -107.18988,44.93268,0 -107.18485,44.93069,0 -107.182,44.92965,0 -107.17885,44.92776,0 -107.17712,44.92573,0 -107.17517,44.92271,0 -107.17267,44.92036,0 -107.16828,44.91794,0 -107.16465,44.91689,0 -107.16116,44.91638,0 -107.15563,44.91575,0 -107.15193,44.91557,0 -107.14875,44.91569,0 -107.14404,44.91623,0 -107.14036,44.91671,0 -107.13531,44.91735,0 -107.13116,44.91765,0 -107.12594,44.91777,0 -107.12158,44.91783,0 -107.1175,44.91789,0 -107.11164,44.9181,0 -107.10595,44.9182,0 -107.10214,44.91806,0 -107.09607,44.91631,0 -107.09195,44.91506,0 -107.08853,44.91443,0 -107.08374,44.91412,0 -107.07886,44.91397,0 -107.0706,44.91319,0 -107.06608,44.91272,0 -107.06209,44.91198,0 -107.05591,44.91048,0 -107.05177,44.90993,0 -107.04845,44.90954,0 -107.04473,44.90916,0 -107.04019,44.90862,0 -107.03704,44.90801,0 -107.03298,44.90672,0 -107.03021,44.90548,0 -107.02708,44.90392,0 -107.02293,44.90184,0 -107.02001,44.90033,0 -107.01645,44.89828,0 -107.01349,44.89509,0 -107.00947,44.88999,0 -107.00668,44.88634,0 -107.00466,44.88375,0 -107.00076,44.8788,0 -106.99835,44.87575,0 -106.99642,44.87328,0 -106.99424,44.87014,0 -106.99278,44.86743,0 -106.99174,44.86489,0 -106.99099,44.86211,0 -106.99049,44.85979,0 -106.99,44.85747,0 -106.98947,44.85511,0 -106.98879,44.85233,0 -106.98796,44.84993,0 -106.98623,44.8472,0 -106.9841,44.84501,0 -106.97907,44.84177,0 -106.96762,44.83568,0 -106.96414,44.83382,0 -106.95594,44.82953,0 -106.94727,44.82494,0 -106.94389,44.82306,0 -106.94188,44.82118,0 -106.94046,44.81901,0 -106.93771,44.81003,0 -106.93706,44.80753,0 -106.93694,44.80499,0 -106.9369,44.80272,0 -106.93689,44.79984,0 -106.93686,44.79662,0 -106.93676,44.79229,0 -106.93673,44.78534,0 -106.93686,44.77703,0 -106.93688,44.77387,0 -106.93689,44.7713,0 -106.93691,44.7683,0 -106.93695,44.76531,0 -106.93692,44.7626,0 -106.9361,44.75906,0 -106.93449,44.75615,0 -106.93125,44.75247,0 -106.92898,44.74989,0 -106.92702,44.74767,0 -106.92214,44.74222,0 -106.91996,44.73888,0 -106.91899,44.73592,0 -106.91886,44.73293,0 -106.91902,44.72954,0 -106.91867,44.72649,0 -106.91786,44.72313,0 -106.9168,44.72042,0 -106.91191,44.71154,0 -106.91104,44.70876,0 -106.91091,44.70476,0 -106.90975,44.70202,0 -106.9075,44.7002,0 -106.90439,44.6984,0 -106.90199,44.69634,0 -106.90086,44.69363,0 -106.90135,44.6891,0 -106.90092,44.68573,0 -106.89937,44.68354,0 -106.88935,44.67618,0 -106.88638,44.67295,0 -106.88441,44.67056,0 -106.88206,44.6678,0 -106.88022,44.6656,0 -106.87763,44.66249,0 -106.87581,44.66037,0 -106.87417,44.6576,0 -106.87288,44.65442,0 -106.87137,44.65172,0 -106.86652,44.64663,0 -106.86462,44.64444,0 -106.86265,44.64147,0 -106.86089,44.63878,0 -106.85739,44.63347,0 -106.85529,44.63025,0 -106.85304,44.62638,0 -106.85122,44.62337,0 -106.84899,44.61948,0 -106.84771,44.61711,0 -106.84699,44.61436,0 -106.84692,44.61167,0 -106.84759,44.60865,0 -106.84808,44.60641,0 -106.84778,44.60397,0 -106.84598,44.60121,0 -106.84389,44.5993,0 -106.83851,44.5945,0 -106.83515,44.59082,0 -106.83226,44.5869,0 -106.83036,44.58428,0 -106.82804,44.5818,0 -106.82124,44.57732,0 -106.81848,44.57485,0 -106.81688,44.57255,0 -106.81561,44.57012,0 -106.81492,44.56011,0 -106.81439,44.55755,0 -106.81337,44.55528,0 -106.81127,44.55172,0 -106.81004,44.54944,0 -106.80929,44.54708,0 -106.80878,44.54396,0 -106.80841,44.54165,0 -106.80788,44.53914,0 -106.80467,44.532,0 -106.80362,44.52971,0 -106.8029,44.52749,0 -106.80216,44.52522,0 -106.80139,44.52283,0 -106.80095,44.5204,0 -106.8011,44.51773,0 -106.80172,44.51541,0 -106.80245,44.51293,0 -106.80314,44.51056,0 -106.8037,44.50817,0 -106.80372,44.5059,0 -106.80336,44.50076,0 -106.80288,44.49402,0 -106.80271,44.49171,0 -106.80253,44.4891,0 -106.80228,44.48617,0 -106.80215,44.48386,0 -106.80153,44.48139,0 -106.79983,44.47906,0 -106.79796,44.47715,0 -106.79536,44.47437,0 -106.79217,44.47102,0 -106.78823,44.46688,0 -106.78461,44.46308,0 -106.78202,44.46081,0 -106.77808,44.45765,0 -106.77234,44.45305,0 -106.76918,44.45052,0 -106.76418,44.4465,0 -106.76056,44.44361,0 -106.75754,44.44119,0 -106.75516,44.43932,0 -106.75134,44.43625,0 -106.74692,44.4327,0 -106.74468,44.43064,0 -106.74304,44.42849,0 -106.74111,44.42495,0 -106.73816,44.41949,0 -106.73668,44.41747,0 -106.73412,44.41425,0 -106.73084,44.41028,0 -106.72815,44.40697,0 -106.72454,44.40252,0 -106.72194,44.39934,0 -106.71798,44.39455,0 -106.71461,44.39035,0 -106.71289,44.38826,0 -106.7103,44.38576,0 -106.70672,44.38341,0 -106.70198,44.38074,0 -106.69907,44.37907,0 -106.69554,44.37646,0 -106.69499,44.37421,0 -106.69547,44.37154,0 -106.6966,44.36537,0 -106.6971,44.36271,0 -106.69755,44.36024,0 -106.69819,44.35789,0 -106.69888,44.3556,0 -106.69898,44.3531,0 -106.69906,44.35067,0 -106.69912,44.34823,0 -106.701,44.34639,0 -106.70457,44.34658,0 -106.70827,44.34664,0 -106.71191,44.34666,0 -106.71549,44.34669,0 -106.71334,44.34837,0 -106.7093,44.34832,0 -106.70574,44.34831,0 -106.70221,44.34827,0 -106.69909,44.34884,0 -106.69902,44.35185,0 -106.69896,44.35415,0 -106.695,44.35422,0 -106.69183,44.35422,0 -106.68864,44.35421,0 -106.68513,44.35422,0 -106.68146,44.35422,0 -106.67748,44.35421,0 -106.67357,44.35419,0 -106.66986,44.35413,0 -106.6667,44.35442,0 -106.66282,44.35593,0 -106.65963,44.35747,0 -106.65634,44.35761,0 -106.65326,44.35633,0 -106.65073,44.35444,0 -106.64864,44.3527,0 -106.64466,44.34941,0 -106.63764,44.34356,0 -106.6352,44.34155,0 -106.63271,44.33951,0 -106.62955,44.33687,0 -106.62611,44.33404,0 -106.62396,44.33221,0 -106.62219,44.33033,0 -106.62054,44.32784,0 -106.6157,44.31962,0 -106.61418,44.31704,0 -106.60771,44.30604,0 -106.60565,44.30348,0 -106.60345,44.30118,0 -106.60112,44.29881,0 -106.59832,44.29589,0 -106.59575,44.29324,0 -106.59287,44.29028,0 -106.59066,44.2884,0 -106.58813,44.28694,0 -106.58332,44.28519,0 -106.57964,44.28397,0 -106.57299,44.2818,0 -106.56979,44.28075,0 -106.56603,44.27956,0 -106.56266,44.27842,0 -106.55977,44.27746,0 -106.55448,44.27572,0 -106.55116,44.27485,0 -106.54419,44.27406,0 -106.53899,44.2736,0 -106.53409,44.27313,0 -106.52699,44.27242,0 -106.52352,44.27207,0 -106.51993,44.27152,0 -106.51652,44.27078,0 -106.51322,44.26986,0 -106.51026,44.26882,0 -106.50709,44.26748,0 -106.5026,44.26541,0 -106.49701,44.26288,0 -106.49384,44.26142,0 -106.49084,44.26031,0 -106.48779,44.25957,0 -106.48449,44.25914,0 -106.48086,44.25907,0 -106.47551,44.2591,0 -106.47132,44.25912,0 -106.46557,44.25916,0 -106.46132,44.25917,0 -106.45784,44.25895,0 -106.45467,44.25827,0 -106.4517,44.25717,0 -106.44784,44.25505,0 -106.44533,44.25362,0 -106.44237,44.25232,0 -106.43928,44.2516,0 -106.43553,44.25094,0 -106.43016,44.25001,0 -106.4185,44.24794,0 -106.4153,44.24712,0 -106.41234,44.24571,0 -106.41007,44.24396,0 -106.40707,44.24094,0 -106.40442,44.23879,0 -106.40169,44.23745,0 -106.39193,44.235,0 -106.38724,44.23383,0 -106.38389,44.23286,0 -106.38084,44.23153,0 -106.37648,44.22872,0 -106.37258,44.22599,0 -106.36979,44.22404,0 -106.36669,44.22187,0 -106.36326,44.21947,0 -106.36049,44.21782,0 -106.35775,44.21664,0 -106.35462,44.21572,0 -106.35081,44.21516,0 -106.34734,44.21498,0 -106.34329,44.21522,0 -106.33921,44.21549,0 -106.33464,44.21579,0 -106.3253,44.21641,0 -106.31486,44.21711,0 -106.31085,44.21737,0 -106.30716,44.21735,0 -106.30392,44.21695,0 -106.30051,44.2161,0 -106.29762,44.215,0 -106.29494,44.21358,0 -106.29237,44.21167,0 -106.29002,44.20934,0 -106.28622,44.20542,0 -106.28375,44.20288,0 -106.2816,44.2007,0 -106.2794,44.1989,0 -106.2766,44.19725,0 -106.27381,44.19607,0 -106.27046,44.19512,0 -106.26678,44.19461,0 -106.26295,44.19448,0 -106.25969,44.19479,0 -106.25483,44.19589,0 -106.25144,44.19676,0 -106.24769,44.19772,0 -106.24433,44.1986,0 -106.24077,44.19975,0 -106.23001,44.20376,0 -106.22313,44.20631,0 -106.21957,44.20765,0 -106.21303,44.2101,0 -106.21043,44.21146,0 -106.20813,44.21339,0 -106.20646,44.21531,0 -106.20427,44.21696,0 -106.20082,44.21803,0 -106.19053,44.21855,0 -106.18639,44.2184,0 -106.18231,44.2178,0 -106.17895,44.21694,0 -106.16628,44.21274,0 -106.16252,44.21211,0 -106.15929,44.21223,0 -106.15617,44.21299,0 -106.15191,44.21495,0 -106.14693,44.21734,0 -106.14321,44.2186,0 -106.13987,44.21904,0 -106.13565,44.21873,0 -106.13162,44.21769,0 -106.12834,44.21677,0 -106.12419,44.21629,0 -106.12097,44.21649,0 -106.10927,44.21817,0 -106.10514,44.21874,0 -106.09465,44.22012,0 -106.0908,44.22043,0 -106.08712,44.22022,0 -106.0654,44.21565,0 -106.0619,44.21514,0 -106.05872,44.21504,0 -106.05537,44.2153,0 -106.03064,44.21915,0 -106.02669,44.21929,0 -106.0225,44.21856,0 -106.01943,44.21744,0 -106.01655,44.21637,0 -106.01005,44.21393,0 -106.00055,44.21042,0 -105.99313,44.20763,0 -105.9814,44.20325,0 -105.97515,44.20147,0 -105.96407,44.19837,0 -105.95675,44.19638,0 -105.95285,44.19527,0 -105.94816,44.19329,0 -105.94019,44.18702,0 -105.93217,44.18014,0 -105.92894,44.17828,0 -105.92531,44.1772,0 -105.92209,44.17685,0 -105.91892,44.17703,0 -105.91348,44.17823,0 -105.90987,44.17877,0 -105.90659,44.17889,0 -105.90334,44.17863,0 -105.90017,44.17827,0 -105.89542,44.17817,0 -105.89029,44.17898,0 -105.87855,44.18373,0 -105.86824,44.18828,0 -105.86566,44.18983,0 -105.86362,44.19177,0 -105.86148,44.19473,0 -105.85957,44.19699,0 -105.85706,44.19942,0 -105.8537,44.20231,0 -105.85067,44.20465,0 -105.84749,44.20668,0 -105.84226,44.20946,0 -105.83791,44.21173,0 -105.83496,44.21297,0 -105.83159,44.21391,0 -105.82195,44.21509,0 -105.81694,44.21618,0 -105.80875,44.21914,0 -105.80491,44.21985,0 -105.8016,44.21963,0 -105.79789,44.21868,0 -105.79471,44.21824,0 -105.7908,44.21865,0 -105.78734,44.21983,0 -105.78169,44.22196,0 -105.77832,44.22294,0 -105.76841,44.22471,0 -105.75985,44.22671,0 -105.75628,44.22791,0 -105.74652,44.23261,0 -105.74053,44.235,0 -105.7369,44.2367,0 -105.73424,44.23844,0 -105.73102,44.24169,0 -105.72892,44.24348,0 -105.72599,44.24501,0 -105.72268,44.24596,0 -105.71933,44.24627,0 -105.71004,44.24551,0 -105.70601,44.24513,0 -105.68307,44.24297,0 -105.67733,44.24238,0 -105.674,44.24229,0 -105.67052,44.24262,0 -105.66072,44.24476,0 -105.65675,44.24564,0 -105.64677,44.24784,0 -105.64283,44.24887,0 -105.6381,44.2508,0 -105.62881,44.25485,0 -105.62635,44.25629,0 -105.62375,44.25835,0 -105.61453,44.26811,0 -105.61164,44.27117,0 -105.60943,44.27308,0 -105.60318,44.27848,0 -105.60094,44.28048,0 -105.59935,44.28248,0 -105.59658,44.28682,0 -105.59473,44.2898,0 -105.59282,44.29182,0 -105.5897,44.29378,0 -105.58624,44.29498,0 -105.58258,44.29548,0 -105.57494,44.29529,0 -105.55129,44.29462,0 -105.54658,44.29449,0 -105.54278,44.29427,0 -105.53936,44.29398,0 -105.5346,44.29355,0 -105.53116,44.29286,0 -105.52782,44.29176,0 -105.52459,44.29016,0 -105.52135,44.28821,0 -105.51679,44.28554,0 -105.51022,44.28162,0 -105.50709,44.28017,0 -105.50363,44.27951,0 -105.49892,44.27947,0 -105.49453,44.27947,0 -105.49037,44.2795,0 -105.4851,44.27951,0 -105.48135,44.27952,0 -105.47751,44.28018,0 -105.47433,44.28169,0 -105.47157,44.28451,0 -105.46773,44.2892,0 -105.46551,44.29202,0 -105.4634,44.29381,0 -105.46063,44.29493,0 -105.4572,44.29526,0 -105.44591,44.2949,0 -105.44172,44.29486,0 -105.43514,44.29493,0 -105.42689,44.29509,0 -105.41249,44.29533,0 -105.40423,44.29539,0 -105.39307,44.2955,0 -105.38928,44.29535,0 -105.38569,44.29506,0 -105.37933,44.29426,0 -105.3733,44.29356,0 -105.36837,44.29248,0 -105.36102,44.29052,0 -105.35712,44.28976,0 -105.35344,44.28954,0 -105.34999,44.28974,0 -105.34365,44.29048,0 -105.33048,44.29194,0 -105.32721,44.29248,0 -105.32325,44.29365,0 -105.314,44.29637,0 -105.30997,44.29713,0 -105.30619,44.29732,0 -105.27311,44.29691,0 -105.26878,44.29686,0 -105.26297,44.29677,0 -105.25969,44.29668,0 -105.25641,44.29624,0 -105.24521,44.2937,0 -105.24074,44.29293,0 -105.21737,44.29291,0 -105.21361,44.29291,0 -105.1977,44.29301,0 -105.19332,44.29307,0 -105.1893,44.29308,0 -105.16746,44.29321,0 -105.15615,44.29326,0 -105.153,44.2932,0 -105.14961,44.29277,0 -105.146,44.29185,0 -105.13736,44.28866,0 -105.13307,44.28704,0 -105.12879,44.28591,0 -105.12503,44.28559,0 -105.10534,44.28521,0 -105.09935,44.28512,0 -105.08147,44.28559,0 -105.06718,44.28593,0 -105.06248,44.28569,0 -105.05938,44.28502,0 -105.05071,44.28251,0 -105.04752,44.28172,0 -105.04378,44.28125,0 -105.01608,44.27944,0 -105.01229,44.27937,0 -104.99765,44.28073,0 -104.99373,44.28062,0 -104.99067,44.28006,0 -104.98343,44.27741,0 -104.97734,44.27548,0 -104.97322,44.27421,0 -104.96799,44.27258,0 -104.96278,44.27096,0 -104.95762,44.26974,0 -104.95008,44.26847,0 -104.94651,44.26738,0 -104.94519,44.26512,0 -104.9443,44.26277,0 -104.94191,44.26112,0 -104.93985,44.2592,0 -104.93373,44.25327,0 -104.93084,44.25057,0 -104.92831,44.24852,0 -104.92595,44.24703,0 -104.92325,44.24565,0 -104.92036,44.24452,0 -104.91722,44.2436,0 -104.91386,44.24279,0 -104.91019,44.24193,0 -104.89679,44.23875,0 -104.89322,44.23777,0 -104.88994,44.23663,0 -104.88674,44.2353,0 -104.88409,44.23396,0 -104.88161,44.23248,0 -104.87629,44.22869,0 -104.87283,44.22615,0 -104.86616,44.22123,0 -104.86139,44.21773,0 -104.8588,44.21605,0 -104.85588,44.21442,0 -104.83493,44.20468,0 -104.82041,44.19791,0 -104.81756,44.19657,0 -104.80881,44.19251,0 -104.80402,44.19032,0 -104.79728,44.18713,0 -104.78939,44.18346,0 -104.77968,44.17891,0 -104.77553,44.17699,0 -104.76857,44.17397,0 -104.76543,44.1726,0 -104.74551,44.16396,0 -104.73839,44.16088,0 -104.73333,44.15868,0 -104.71425,44.15011,0 -104.70601,44.14639,0 -104.69828,44.1429,0 -104.69309,44.13992,0 -104.68127,44.13204,0 -104.67831,44.13007,0 -104.67185,44.12578,0 -104.66771,44.12302,0 -104.66335,44.12012,0 -104.65208,44.11262,0 -104.64865,44.11034,0 -104.64614,44.1088,0 -104.64256,44.10676,0 -104.63975,44.10529,0 -104.6367,44.10372,0 -104.63381,44.10222,0 -104.63116,44.10089,0 -104.62801,44.09952,0 -104.62526,44.09833,0 -104.62233,44.09674,0 -104.61949,44.09496,0 -104.61702,44.0934,0 -104.61432,44.0917,0 -104.61069,44.0894,0 -104.60806,44.08783,0 -104.60424,44.08579,0 -104.60029,44.08369,0 -104.59648,44.08167,0 -104.59372,44.08018,0 -104.59119,44.07828,0 -104.58942,44.07624,0 -104.5873,44.0726,0 -104.57888,44.05805,0 -104.57746,44.05588,0 -104.57557,44.05352,0 -104.57347,44.05133,0 -104.5558,44.03697,0 -104.55188,44.03423,0 -104.54814,44.03205,0 -104.54476,44.03012,0 -104.54184,44.02842,0 -104.52627,44.01947,0 -104.5218,44.01689,0 -104.50933,44.00969,0 -104.50665,44.00835,0 -104.5037,44.00717,0 -104.49788,44.00486,0 -104.49324,44.00302,0 -104.48968,44.00161,0 -104.48647,44.00034,0 -104.4808,43.99811,0 -104.4774,43.99672,0 -104.47095,43.99365,0 -104.4625,43.98963,0 -104.45943,43.98816,0 -104.45672,43.98692,0 -104.45055,43.98447,0 -104.44762,43.98331,0 -104.43534,43.9785,0 -104.42731,43.97536,0 -104.42334,43.97379,0 -104.4204,43.97262,0 -104.41724,43.97134,0 -104.41468,43.96992,0 -104.41228,43.96813,0 -104.41029,43.9663,0 -104.40766,43.96385,0 -104.40574,43.96205,0 -104.40364,43.96011,0 -104.39993,43.95654,0 -104.39777,43.9545,0 -104.39176,43.94963,0 -104.38881,43.94748,0 -104.3756,43.93753,0 -104.37242,43.93512,0 -104.36848,43.93216,0 -104.36499,43.92953,0 -104.36158,43.92706,0 -104.35932,43.92509,0 -104.35793,43.92266,0 -104.35608,43.91932,0 -104.35409,43.91595,0 -104.35238,43.91313,0 -104.3508,43.91086,0 -104.34844,43.90882,0 -104.3403,43.90378,0 -104.33703,43.90175,0 -104.33217,43.89876,0 -104.32966,43.89722,0 -104.3249,43.89429,0 -104.32199,43.89258,0 -104.31948,43.89109,0 -104.31621,43.88915,0 -104.31198,43.88654,0 -104.30267,43.88081,0 -104.30028,43.87933,0 -104.29761,43.87769,0 -104.29421,43.87559,0 -104.29118,43.87372,0 -104.28844,43.87204,0 -104.28563,43.87045,0 -104.28302,43.86903,0 -104.28006,43.86742,0 -104.27593,43.86518,0 -104.27198,43.86303,0 -104.26804,43.86088,0 -104.26533,43.8594,0 -104.25877,43.85533,0 -104.25586,43.85354,0 -104.25253,43.852,0 -104.24901,43.85096,0 -104.24595,43.85044,0 -104.24199,43.85023,0 -104.23861,43.85051,0 -104.2348,43.85094,0 -104.23144,43.85109,0 -104.2281,43.85113,0 -104.22512,43.84958,0 -104.22275,43.84789,0 -104.21955,43.84699,0 -104.21601,43.84714,0 -104.21249,43.84748,0 -104.20906,43.84779,0 -104.20593,43.8485,0 -104.20294,43.84967,0 -104.19935,43.84969,0 -104.19637,43.84893,0 -104.19325,43.8487,0 -104.1901,43.8488,0 -104.18618,43.84882,0 -104.18184,43.84886,0 -104.17832,43.84834,0 -104.17503,43.84692,0 -104.1706,43.84336,0 -104.1685,43.84161,0 -104.16545,43.8391,0 -104.1617,43.83599,0 -104.1558,43.83111,0 -104.15187,43.82785,0 -104.1478,43.8245,0 -104.14541,43.82288,0 -104.14221,43.82148,0 -104.13674,43.81984,0 -104.1309,43.81809,0 -104.12469,43.81663,0 -104.11812,43.81527,0 -104.11453,43.81453,0 -104.11148,43.8139,0 -104.10682,43.81294,0 -104.10316,43.81214,0 -104.09913,43.81079,0 -104.09649,43.80943,0 -104.09391,43.80759,0 -104.09101,43.80461,0 -104.0889,43.80239,0 -104.08605,43.7993,0 -104.08386,43.79692,0 -104.08191,43.79446,0 -104.08037,43.79237,0 -104.07474,43.78491,0 -104.07285,43.78242,0 -104.06968,43.77811,0 -104.06743,43.77516,0 -104.06532,43.7724,0 -104.06367,43.77021,0 -104.06212,43.76815,0 -104.06057,43.76605,0 -104.05897,43.76409,0 -104.05518,43.76162,0 -104.04985,43.75874,0 -104.04744,43.75679,0 -104.04463,43.75345,0 -104.03963,43.74756,0 -104.03798,43.74558,0 -104.03626,43.74358,0 -104.03383,43.74182,0 -104.02035,43.73582,0 -104.01539,43.73363,0 -104.00639,43.72962,0 -104.00321,43.72837,0 -103.99448,43.72548,0 -103.98453,43.72101,0 -103.98108,43.72041,0 -103.97469,43.72039,0 -103.97149,43.72039,0 -103.96778,43.72083,0 -103.95267,43.72488,0 -103.94931,43.72545,0 -103.94492,43.72432,0 -103.93389,43.72433,0 -103.93066,43.7244,0 -103.9218,43.72405,0 -103.90632,43.7234,0 -103.90289,43.72378,0 -103.89962,43.72574,0 -103.89695,43.72733,0 -103.88737,43.72767,0 -103.88403,43.72736,0 -103.88017,43.72601,0 -103.87644,43.7253,0 -103.87237,43.72397,0 -103.86914,43.72365,0 -103.86606,43.72482,0 -103.86045,43.72834,0 -103.85732,43.72909,0 -103.85413,43.72837,0 -103.85095,43.72778,0 -103.84779,43.72736,0 -103.84579,43.72913,0 -103.84686,43.73135,0 -103.84598,43.73359,0 -103.84666,43.73583,0 -103.84346,43.7362,0 -103.84045,43.73713,0 -103.83523,43.73743,0 -103.83156,43.73669,0 -103.82799,43.73674,0 -103.82481,43.73639,0 -103.82174,43.73678,0 -103.81872,43.73751,0 -103.8153,43.73731,0 -103.81208,43.73739,0 -103.80752,43.73853,0 -103.80031,43.73859,0 -103.79575,43.7385,0 -103.79024,43.73854,0 -103.78589,43.7386,0 -103.77721,43.73894,0 -103.77151,43.73893,0 -103.76154,43.73894,0 -103.75831,43.73898,0 -103.75468,43.73907,0 -103.7494,43.74016,0 -103.74565,43.74083,0 -103.74026,43.74145,0 -103.73392,43.74201,0 -103.72964,43.74239,0 -103.72653,43.74201,0 -103.72427,43.73991,0 -103.72161,43.73806,0 -103.71607,43.73688,0 -103.71222,43.73616,0 -103.70828,43.73602,0 -103.70506,43.73552,0 -103.7015,43.73352,0 -103.69834,43.73219,0 -103.68808,43.7315,0 -103.68472,43.73151,0 -103.68113,43.73193,0 -103.67757,43.73232,0 -103.67427,43.73307,0 -103.67124,43.73475,0 -103.66831,43.73601,0 -103.6658,43.73788,0 -103.66301,43.73893,0 -103.65986,43.73906,0 -103.65647,43.74074,0 -103.65359,43.74236,0 -103.64764,43.74436,0 -103.64466,43.74574,0 -103.64229,43.74724,0 -103.63888,43.74939,0 -103.63616,43.75063,0 -103.63391,43.75249,0 -103.63221,43.75441,0 -103.63011,43.75634,0 -103.6278,43.75806,0 -103.62495,43.75898,0 -103.62221,43.76028,0 -103.62025,43.76211,0 -103.61648,43.76274,0 -103.61316,43.76284,0 -103.60985,43.76366,0 -103.60649,43.76451,0 -103.60333,43.76537,0 -103.60029,43.76622,0 -103.60144,43.76847,0 -103.60264,43.77084,0 -103.60382,43.77297,0 -103.6064,43.77468,0 -103.60954,43.77516,0 -103.61257,43.77636,0 -103.61479,43.77818,0 -103.61732,43.78007,0 -103.62026,43.78211,0 -103.6226,43.78537,0 -103.62388,43.78752,0 -103.62735,43.79317,0 -103.62904,43.79587,0 -103.63071,43.79788,0 -103.63295,43.79967,0 -103.63769,43.80211,0 -103.63981,43.80382,0 -103.6407,43.8064,0 -103.64051,43.81077,0 -103.64024,43.81733,0 -103.64013,43.81973,0 -103.63999,43.82322,0 -103.64024,43.82563,0 -103.6411,43.82974,0 -103.63986,43.83298,0 -103.63902,43.83523,0 -103.63902,43.83772,0 -103.63804,43.84034,0 -103.63737,43.84262,0 -103.63601,43.84531,0 -103.6352,43.8482,0 -103.63543,43.85077,0 -103.63447,43.85294,0 -103.6323,43.85503,0 -103.63101,43.85776,0 -103.62829,43.86055,0 -103.62524,43.86293,0 -103.62376,43.86523,0 -103.62265,43.86738,0 -103.62029,43.86933,0 -103.61813,43.87102,0 -103.61568,43.87326,0 -103.61472,43.87551,0 -103.61319,43.87791,0 -103.60999,43.88127,0 -103.60746,43.88315,0 -103.60431,43.88489,0 -103.60082,43.88533,0 -103.59739,43.88417,0 -103.59421,43.88453,0 -103.59177,43.88697,0 -103.59,43.88926,0 -103.58859,43.89135,0 -103.58593,43.89299,0 -103.5833,43.89489,0 -103.58074,43.89664,0 -103.57654,43.89655,0 -103.5717,43.89478,0 -103.56863,43.89375,0 -103.56606,43.89193,0 -103.56329,43.89303,0 -103.55827,43.89588,0 -103.55492,43.897,0 -103.5513,43.89788,0 -103.54802,43.89773,0 -103.54486,43.89729,0 -103.54096,43.8989,0 -103.53699,43.90018,0 -103.53419,43.90123,0 -103.53067,43.90022,0 -103.52735,43.90004,0 -103.52482,43.89838,0 -103.52142,43.89768,0 -103.51842,43.89605,0 -103.51536,43.8952,0 -103.5116,43.89638,0 -103.5084,43.8977,0 -103.50394,43.8996,0 -103.50066,43.89992,0 -103.49736,43.8995,0 -103.49423,43.89881,0 -103.49102,43.89785,0 -103.48685,43.89854,0 -103.48392,43.89763,0 -103.48069,43.89584,0 -103.48019,43.89306,0 -103.47896,43.89085,0 -103.47901,43.88855,0 -103.4762,43.88723,0 -103.47308,43.88692,0 -103.46984,43.88709,0 -103.46743,43.88518,0 -103.46483,43.88392,0 -103.46286,43.88185,0 -103.46197,43.87964,0 -103.46041,43.87753,0 -103.46107,43.87527,0 -103.45797,43.87479,0 -103.45491,43.87434,0 -103.45182,43.87476,0 -103.45225,43.87705,0 -103.45049,43.87895,0 -103.44737,43.87887,0 -103.44641,43.88167,0 -103.44717,43.88389,0 -103.44585,43.88593,0 -103.44297,43.88693,0 -103.43937,43.8861,0 -103.43619,43.88623,0 -103.43329,43.88722,0 -103.42992,43.88751,0 -103.42663,43.88759,0 -103.42604,43.88986,0 -103.42599,43.89263,0 -103.42544,43.89525,0 -103.4271,43.89736,0 -103.42902,43.89934,0 -103.43028,43.90163,0 -103.43037,43.90404,0 -103.43229,43.90597,0 -103.43574,43.9068,0 -103.43708,43.90912,0 -103.43795,43.91145,0 -103.43887,43.91382,0 -103.44102,43.91638,0 -103.44181,43.9187,0 -103.44248,43.92177,0 -103.43947,43.92358,0 -103.43666,43.92476,0 -103.43247,43.92721,0 -103.4294,43.92914,0 -103.42649,43.93107,0 -103.4223,43.93268,0 -103.41932,43.93401,0 -103.4177,43.93645,0 -103.41538,43.93848,0 -103.41196,43.93944,0 -103.40868,43.93971,0 -103.40534,43.9394,0 -103.4022,43.94004,0 -103.39905,43.94207,0 -103.39616,43.94315,0 -103.3929,43.94337,0 -103.38935,43.94253,0 -103.38588,43.94038,0 -103.38309,43.93936,0 -103.37986,43.93963,0 -103.37507,43.94349,0 -103.37128,43.94662,0 -103.36896,43.94837,0 -103.36636,43.95035,0 -103.36324,43.95271,0 -103.3578,43.95682,0 -103.35564,43.95863,0 -103.35363,43.96116,0 -103.35156,43.96476,0 -103.34926,43.96656,0 -103.34592,43.96762,0 -103.34246,43.96864,0 -103.33843,43.96934,0 -103.33468,43.96954,0 -103.33019,43.97008,0 -103.32644,43.97074,0 -103.31908,43.97202,0 -103.31531,43.97272,0 -103.31195,43.97316,0 -103.30825,43.97319,0 -103.30513,43.97367,0 -103.3018,43.97469,0 -103.29846,43.97506,0 -103.29134,43.97402,0 -103.28415,43.97247,0 -103.28063,43.97252,0 -103.2779,43.97403,0 -103.27693,43.9766,0 -103.27682,43.97911,0 -103.2756,43.98293,0 -103.27445,43.98522,0 -103.27296,43.98748,0 -103.27091,43.98937,0 -103.26898,43.99118,0 -103.26607,43.99388,0 -103.26379,43.99546,0 -103.25677,43.99929,0 -103.25421,44.00106,0 -103.25268,44.0031,0 -103.25151,44.00893,0 -103.25057,44.01426,0 -103.25009,44.01677,0 -103.24771,44.01826,0 -103.24446,44.01903,0 -103.24227,44.02133,0 -103.24003,44.02318,0 -103.23642,44.02512,0 -103.23237,44.0273,0 -103.22676,44.03032,0 -103.22366,44.03116,0 -103.21419,44.03115,0 -103.20938,44.03112,0 -103.20595,44.03208,0 -103.20333,44.03465,0 -103.20118,44.03652,0 -103.1985,44.03776,0 -103.19541,44.03834,0 -103.19217,44.03837,0 -103.18798,44.03838,0 -103.18254,44.03837,0 -103.17921,44.03852,0 -103.17622,44.0393,0 -103.1736,44.0407,0 -103.17159,44.04248,0 -103.16953,44.04446,0 -103.16793,44.04653,0 -103.1671,44.04879,0 -103.16618,44.05215,0 -103.16539,44.05516,0 -103.165,44.05751,0 -103.16503,44.05982,0 -103.16421,44.06206,0 -103.16234,44.06446,0 -103.16007,44.0673,0 -103.15822,44.06931,0 -103.15508,44.07079,0 -103.15258,44.07241,0 -103.15138,44.0745,0 -103.15124,44.08114,0 -103.15126,44.08554,0 -103.15124,44.09474,0 -103.15124,44.09709,0 -103.15097,44.09938,0 -103.14835,44.10066,0 -103.14499,44.10154,0 -103.14175,44.10229,0 -103.13888,44.10324,0 -103.13599,44.1046,0 -103.13257,44.10649,0 -103.12883,44.10859,0 -103.12423,44.11116,0 -103.12171,44.11253,0 -103.11886,44.11412,0 -103.11579,44.11582,0 -103.11292,44.1169,0 -103.10979,44.11731,0 -103.10658,44.11733,0 -103.10059,44.11733,0 -103.09634,44.11734,0 -103.08922,44.11735,0 -103.08574,44.11739,0 -103.08124,44.11754,0 -103.07716,44.11768,0 -103.07382,44.11777,0 -103.07026,44.11777,0 -103.0654,44.11778,0 -103.06223,44.11778,0 -103.05824,44.11778,0 -103.04988,44.11779,0 -103.04233,44.1178,0 -103.03078,44.1178,0 -103.02043,44.1178,0 -103.01099,44.11778,0 -103.00172,44.11796,0 -102.99188,44.11814,0 -102.98661,44.11816,0 -102.97013,44.11814,0 -102.95469,44.11811,0 -102.94167,44.11809,0 -102.93821,44.11799,0 -102.93508,44.11744,0 -102.92329,44.1139,0 -102.91571,44.11163,0 -102.91101,44.10988,0 -102.9054,44.10751,0 -102.90213,44.10614,0 -102.89907,44.10509,0 -102.89572,44.10437,0 -102.89244,44.10405,0 -102.88318,44.10401,0 -102.86547,44.10394,0 -102.85999,44.10392,0 -102.85576,44.10379,0 -102.84018,44.10344,0 -102.83577,44.1034,0 -102.82341,44.10342,0 -102.81921,44.10341,0 -102.79331,44.10341,0 -102.76537,44.10343,0 -102.73813,44.10342,0 -102.71729,44.10341,0 -102.7135,44.1034,0 -102.70323,44.10339,0 -102.68043,44.10338,0 -102.66888,44.10337,0 -102.65316,44.10334,0 -102.64842,44.10355,0 -102.64311,44.10429,0 -102.63474,44.10588,0 -102.63105,44.10645,0 -102.62774,44.10657,0 -102.62432,44.10629,0 -102.61398,44.10435,0 -102.61057,44.1038,0 -102.60742,44.10347,0 -102.59452,44.10327,0 -102.5888,44.10328,0 -102.58233,44.10326,0 -102.57903,44.10324,0 -102.55621,44.10321,0 -102.54845,44.10319,0 -102.53247,44.10314,0 -102.52575,44.10314,0 -102.52156,44.10282,0 -102.51394,44.10089,0 -102.50681,44.09888,0 -102.50357,44.09753,0 -102.50071,44.0954,0 -102.49856,44.09322,0 -102.4966,44.09143,0 -102.49409,44.08965,0 -102.48532,44.0838,0 -102.48197,44.08158,0 -102.46787,44.07223,0 -102.46434,44.06993,0 -102.46186,44.06838,0 -102.4591,44.06729,0 -102.45585,44.06658,0 -102.45028,44.06559,0 -102.44703,44.065,0 -102.44173,44.06406,0 -102.43855,44.0636,0 -102.43519,44.06378,0 -102.43211,44.06467,0 -102.42913,44.06616,0 -102.42628,44.06741,0 -102.42319,44.06833,0 -102.41913,44.06885,0 -102.4157,44.06866,0 -102.41109,44.06823,0 -102.40419,44.06765,0 -102.39784,44.06746,0 -102.38868,44.06724,0 -102.38484,44.06717,0 -102.38069,44.06707,0 -102.37748,44.06682,0 -102.37428,44.06586,0 -102.37181,44.06441,0 -102.36985,44.0624,0 -102.36859,44.06013,0 -102.36766,44.05797,0 -102.36558,44.05501,0 -102.3624,44.05082,0 -102.3604,44.04874,0 -102.34841,44.03879,0 -102.34401,44.03513,0 -102.34128,44.03302,0 -102.33829,44.03096,0 -102.33286,44.02742,0 -102.32958,44.02554,0 -102.3259,44.02413,0 -102.31421,44.02148,0 -102.3104,44.0209,0 -102.3059,44.02085,0 -102.30078,44.02112,0 -102.29722,44.0207,0 -102.29399,44.01931,0 -102.28775,44.01489,0 -102.2827,44.01134,0 -102.27292,44.00439,0 -102.26398,43.99805,0 -102.25891,43.99445,0 -102.25601,43.9924,0 -102.25272,43.99017,0 -102.24972,43.98864,0 -102.24638,43.98719,0 -102.24317,43.98635,0 -102.23939,43.98627,0 -102.2358,43.98651,0 -102.22852,43.98696,0 -102.221,43.98709,0 -102.2143,43.9871,0 -102.21059,43.98651,0 -102.20755,43.9851,0 -102.20426,43.98253,0 -102.19524,43.97592,0 -102.1897,43.97191,0 -102.18609,43.96888,0 -102.17998,43.96312,0 -102.16574,43.94971,0 -102.15909,43.94335,0 -102.15605,43.94046,0 -102.15223,43.93681,0 -102.1486,43.93336,0 -102.14657,43.93142,0 -102.14343,43.92925,0 -102.14011,43.92794,0 -102.11746,43.92258,0 -102.10508,43.91964,0 -102.0808,43.91387,0 -102.0751,43.91253,0 -102.0717,43.91173,0 -102.06613,43.91041,0 -102.05964,43.90888,0 -102.05207,43.90705,0 -102.04899,43.90613,0 -102.04403,43.90418,0 -102.0398,43.90246,0 -102.03533,43.9006,0 -102.01927,43.89395,0 -102.00902,43.88968,0 -102.00545,43.88808,0 -102.00163,43.8863,0 -101.99794,43.88459,0 -101.98334,43.87773,0 -101.97126,43.87208,0 -101.96569,43.8697,0 -101.95998,43.86749,0 -101.95377,43.86513,0 -101.94631,43.8623,0 -101.94093,43.8601,0 -101.938,43.85881,0 -101.93425,43.85707,0 -101.93144,43.85567,0 -101.9249,43.85242,0 -101.91756,43.84881,0 -101.91477,43.84747,0 -101.90792,43.84433,0 -101.90458,43.84273,0 -101.89374,43.8374,0 -101.89047,43.83604,0 -101.88715,43.83553,0 -101.87709,43.83587,0 -101.87393,43.83595,0 -101.87049,43.83597,0 -101.86152,43.83601,0 -101.84859,43.83604,0 -101.8402,43.83605,0 -101.83703,43.83606,0 -101.82645,43.83608,0 -101.80545,43.83612,0 -101.80069,43.83613,0 -101.7889,43.83605,0 -101.78012,43.83599,0 -101.76975,43.8359,0 -101.75159,43.83585,0 -101.74139,43.83587,0 -101.72805,43.83589,0 -101.70649,43.83592,0 -101.6839,43.83594,0 -101.66776,43.83595,0 -101.66161,43.83595,0 -101.65321,43.83597,0 -101.6232,43.83599,0 -101.61482,43.83598,0 -101.60216,43.83597,0 -101.58483,43.83602,0 -101.57138,43.83601,0 -101.55917,43.83599,0 -101.55247,43.83598,0 -101.54409,43.83598,0 -101.5405,43.83616,0 -101.53722,43.83671,0 -101.53359,43.83777,0 -101.52974,43.83901,0 -101.52559,43.84033,0 -101.51759,43.84291,0 -101.51403,43.84404,0 -101.5086,43.8458,0 -101.5011,43.84821,0 -101.49784,43.84924,0 -101.49458,43.85002,0 -101.49089,43.85054,0 -101.48281,43.85076,0 -101.47581,43.85087,0 -101.46317,43.85105,0 -101.45967,43.85109,0 -101.44909,43.85124,0 -101.43493,43.85145,0 -101.42777,43.85154,0 -101.42296,43.85162,0 -101.40103,43.85194,0 -101.39474,43.85187,0 -101.39161,43.85175,0 -101.38116,43.85122,0 -101.37558,43.85093,0 -101.36574,43.85043,0 -101.36084,43.85007,0 -101.35573,43.84941,0 -101.34923,43.84824,0 -101.34333,43.84715,0 -101.32988,43.84467,0 -101.32654,43.84407,0 -101.32339,43.84349,0 -101.31897,43.84297,0 -101.31469,43.84278,0 -101.29597,43.84274,0 -101.28862,43.84271,0 -101.27876,43.84268,0 -101.27162,43.84266,0 -101.26469,43.84265,0 -101.25643,43.84262,0 -101.24366,43.84258,0 -101.23712,43.84256,0 -101.23056,43.84254,0 -101.227,43.84281,0 -101.22371,43.84344,0 -101.22069,43.84441,0 -101.20795,43.85054,0 -101.19951,43.85468,0 -101.19441,43.85717,0 -101.18893,43.85983,0 -101.18379,43.86239,0 -101.18035,43.86403,0 -101.17728,43.86533,0 -101.17132,43.86745,0 -101.16478,43.86976,0 -101.16163,43.87088,0 -101.15887,43.87205,0 -101.15608,43.87336,0 -101.15277,43.87504,0 -101.15007,43.87643,0 -101.1458,43.87859,0 -101.14114,43.88096,0 -101.13748,43.88285,0 -101.13077,43.88628,0 -101.11891,43.89234,0 -101.11546,43.89409,0 -101.1117,43.89575,0 -101.10845,43.89679,0 -101.10447,43.89767,0 -101.10025,43.89856,0 -101.09507,43.89951,0 -101.08921,43.90028,0 -101.08304,43.90077,0 -101.07667,43.90095,0 -101.06427,43.90092,0 -101.04473,43.90095,0 -101.02632,43.90094,0 -101.01014,43.90095,0 -101.00516,43.90095,0 -101.00015,43.90095,0 -100.99381,43.90096,0 -100.98697,43.90094,0 -100.98075,43.90093,0 -100.97671,43.90094,0 -100.96991,43.90093,0 -100.95629,43.90093,0 -100.95286,43.90092,0 -100.94945,43.90092,0 -100.94502,43.90091,0 -100.94161,43.90092,0 -100.93759,43.90091,0 -100.9298,43.9009,0 -100.92629,43.9009,0 -100.92273,43.90078,0 -100.9191,43.90024,0 -100.91576,43.89928,0 -100.91264,43.89805,0 -100.90787,43.89617,0 -100.90392,43.8946,0 -100.89981,43.89297,0 -100.89687,43.89181,0 -100.89411,43.89071,0 -100.89027,43.88919,0 -100.88662,43.88794,0 -100.88297,43.88708,0 -100.87973,43.88662,0 -100.87644,43.88645,0 -100.87312,43.88644,0 -100.8691,43.88644,0 -100.84552,43.88649,0 -100.8371,43.88647,0 -100.80849,43.88654,0 -100.79771,43.88652,0 -100.76518,43.88658,0 -100.76047,43.88655,0 -100.75731,43.88646,0 -100.75328,43.88624,0 -100.75017,43.88598,0 -100.74484,43.88553,0 -100.74145,43.88524,0 -100.73745,43.88489,0 -100.73377,43.88457,0 -100.72805,43.88407,0 -100.72145,43.8835,0 -100.71652,43.88311,0 -100.71333,43.883,0 -100.70117,43.88296,0 -100.69402,43.88294,0 -100.69088,43.8831,0 -100.68759,43.88362,0 -100.68438,43.88451,0 -100.68136,43.88579,0 -100.67816,43.88752,0 -100.67521,43.88914,0 -100.67206,43.89087,0 -100.66867,43.89271,0 -100.66603,43.89416,0 -100.6624,43.89614,0 -100.65868,43.89817,0 -100.65617,43.89955,0 -100.65293,43.90131,0 -100.64768,43.90418,0 -100.64488,43.9057,0 -100.64171,43.90703,0 -100.63846,43.90791,0 -100.63528,43.90838,0 -100.63208,43.90851,0 -100.62235,43.90851,0 -100.60819,43.90852,0 -100.58892,43.90854,0 -100.56715,43.90855,0 -100.56268,43.90857,0 -100.55325,43.90857,0 -100.54738,43.90857,0 -100.54278,43.90858,0 -100.49732,43.90858,0 -100.49249,43.90859,0 -100.48718,43.90859,0 -100.47997,43.90859,0 -100.47597,43.90859,0 -100.46758,43.90858,0 -100.46309,43.90858,0 -100.45454,43.90858,0 -100.43764,43.90857,0 -100.43364,43.90858,0 -100.4304,43.90864,0 -100.42554,43.90878,0 -100.42194,43.90892,0 -100.41612,43.90913,0 -100.41158,43.9093,0 -100.40747,43.90945,0 -100.4021,43.90964,0 -100.39886,43.90976,0 -100.38942,43.9101,0 -100.38618,43.91022,0 -100.38111,43.9104,0 -100.3768,43.91056,0 -100.37191,43.91073,0 -100.36789,43.91088,0 -100.36284,43.91105,0 -100.35856,43.9112,0 -100.35315,43.91139,0 -100.34238,43.91176,0 -100.3384,43.9119,0 -100.3284,43.91218,0 -100.32009,43.91222,0 -100.30566,43.91219,0 -100.29339,43.91226,0 -100.28668,43.91223,0 -100.27969,43.91226,0 -100.24155,43.91224,0 -100.20717,43.91223,0 -100.19166,43.9122,0 -100.1867,43.91172,0 -100.18291,43.91073,0 -100.17889,43.90908,0 -100.17086,43.9056,0 -100.16651,43.90373,0 -100.16064,43.90121,0 -100.15743,43.89987,0 -100.15332,43.89864,0 -100.14966,43.89809,0 -100.14026,43.89801,0 -100.13315,43.89804,0 -100.10629,43.89824,0 -100.07137,43.89849,0 -100.06629,43.89852,0 -100.06156,43.89855,0 -100.05613,43.8985,0 -100.05207,43.89835,0 -100.04625,43.89806,0 -100.04198,43.89785,0 -100.03848,43.89767,0 -100.03469,43.89748,0 -100.03096,43.89731,0 -100.02614,43.89718,0 -100.02298,43.89715,0 -100.00604,43.89717,0 -99.98575,43.89719,0 -99.97344,43.8972,0 -99.96591,43.8972,0 -99.9539,43.89722,0 -99.94429,43.89722,0 -99.93986,43.89721,0 -99.93552,43.89722,0 -99.93238,43.89722,0 -99.92589,43.89722,0 -99.91912,43.89722,0 -99.91486,43.89722,0 -99.90561,43.89722,0 -99.88566,43.89722,0 -99.88088,43.89722,0 -99.87749,43.8972,0 -99.87424,43.89703,0 -99.87087,43.89654,0 -99.86781,43.89582,0 -99.86213,43.89413,0 -99.85457,43.89186,0 -99.85167,43.89099,0 -99.82116,43.88182,0 -99.8108,43.87871,0 -99.80734,43.87774,0 -99.80431,43.87715,0 -99.8011,43.87679,0 -99.79423,43.87669,0 -99.78585,43.87669,0 -99.76729,43.8767,0 -99.76094,43.87668,0 -99.75318,43.87671,0 -99.7499,43.87671,0 -99.74538,43.87658,0 -99.74166,43.8761,0 -99.73648,43.87485,0 -99.73261,43.8738,0 -99.7284,43.87266,0 -99.72363,43.87138,0 -99.71911,43.87016,0 -99.71575,43.86932,0 -99.71251,43.8688,0 -99.70925,43.86854,0 -99.70519,43.86852,0 -99.68595,43.8685,0 -99.63024,43.86847,0 -99.62618,43.86846,0 -99.62287,43.86845,0 -99.61959,43.86821,0 -99.6164,43.8676,0 -99.61314,43.86658,0 -99.60622,43.86423,0 -99.60205,43.86278,0 -99.56968,43.85161,0 -99.56472,43.8499,0 -99.56138,43.84869,0 -99.55819,43.84783,0 -99.55505,43.84735,0 -99.5515,43.84721,0 -99.54829,43.84721,0 -99.54508,43.84721,0 -99.54045,43.8472,0 -99.53689,43.8472,0 -99.53118,43.8472,0 -99.52036,43.8472,0 -99.5154,43.84696,0 -99.51094,43.8465,0 -99.49135,43.84401,0 -99.48799,43.84333,0 -99.48507,43.84237,0 -99.48232,43.84108,0 -99.45908,43.82843,0 -99.45551,43.82666,0 -99.45159,43.82504,0 -99.43954,43.82055,0 -99.43529,43.81881,0 -99.43132,43.81691,0 -99.42757,43.81484,0 -99.42505,43.81342,0 -99.42157,43.81143,0 -99.41863,43.80977,0 -99.41508,43.8078,0 -99.41241,43.80642,0 -99.40905,43.80477,0 -99.40613,43.80338,0 -99.40324,43.80217,0 -99.4001,43.80143,0 -99.39629,43.80045,0 -99.39465,43.80248,0 -99.39542,43.80025,0 -99.39177,43.8003,0 -99.38853,43.80015,0 -99.38541,43.80034,0 -99.38238,43.80099,0 -99.3705,43.80572,0 -99.36757,43.8065,0 -99.36421,43.80661,0 -99.36109,43.80601,0 -99.35817,43.80466,0 -99.35502,43.80261,0 -99.35232,43.80083,0 -99.34652,43.79705,0 -99.34369,43.79518,0 -99.34134,43.79358,0 -99.33934,43.79181,0 -99.33768,43.78974,0 -99.33634,43.78764,0 -99.33272,43.78202,0 -99.33108,43.7799,0 -99.32915,43.77811,0 -99.32664,43.77637,0 -99.32393,43.775,0 -99.31938,43.77331,0 -99.31601,43.7721,0 -99.31132,43.77042,0 -99.30801,43.76923,0 -99.30329,43.76754,0 -99.29973,43.76626,0 -99.28145,43.7597,0 -99.27024,43.75561,0 -99.26599,43.75408,0 -99.26302,43.75315,0 -99.25964,43.7525,0 -99.25616,43.75225,0 -99.25255,43.75221,0 -99.24592,43.75213,0 -99.23382,43.752,0 -99.21345,43.75172,0 -99.20771,43.75165,0 -99.20321,43.75171,0 -99.19823,43.75197,0 -99.18929,43.75276,0 -99.1847,43.75316,0 -99.18145,43.75321,0 -99.17829,43.75296,0 -99.16522,43.75182,0 -99.16131,43.75165,0 -99.15783,43.75167,0 -99.15271,43.75171,0 -99.12215,43.75196,0 -99.11544,43.75204,0 -99.10297,43.7521,0 -99.09428,43.75217,0 -99.07775,43.75228,0 -99.07301,43.7523,0 -99.06554,43.75236,0 -99.06187,43.75223,0 -99.04393,43.75065,0 -99.03659,43.74999,0 -99.03249,43.74945,0 -99.02799,43.74864,0 -99.02367,43.74762,0 -99.01534,43.74523,0 -99.0094,43.74345,0 -98.99768,43.74006,0 -98.99324,43.73875,0 -98.98945,43.73804,0 -98.97395,43.73786,0 -98.96429,43.73788,0 -98.95868,43.73789,0 -98.95301,43.7379,0 -98.93887,43.73786,0 -98.93558,43.73785,0 -98.93188,43.73781,0 -98.92817,43.73774,0 -98.92428,43.73767,0 -98.91362,43.73748,0 -98.90678,43.73735,0 -98.89799,43.73719,0 -98.89443,43.73718,0 -98.89128,43.73727,0 -98.88814,43.7374,0 -98.88499,43.73755,0 -98.88148,43.73771,0 -98.87796,43.73786,0 -98.87481,43.73798,0 -98.86981,43.738,0 -98.86573,43.73793,0 -98.86258,43.73786,0 -98.85769,43.73776,0 -98.85356,43.73774,0 -98.84989,43.73777,0 -98.83808,43.7379,0 -98.83194,43.73793,0 -98.82722,43.73791,0 -98.81471,43.73788,0 -98.80416,43.73782,0 -98.80021,43.73781,0 -98.79604,43.73778,0 -98.79132,43.73775,0 -98.78756,43.73774,0 -98.78331,43.7377,0 -98.77879,43.73736,0 -98.77469,43.73665,0 -98.77066,43.73585,0 -98.76711,43.73488,0 -98.76406,43.7336,0 -98.76104,43.73179,0 -98.75289,43.72653,0 -98.74768,43.72317,0 -98.74503,43.7217,0 -98.74197,43.72049,0 -98.73881,43.71968,0 -98.73566,43.71923,0 -98.73247,43.71896,0 -98.72928,43.71869,0 -98.72427,43.71825,0 -98.7207,43.71795,0 -98.71521,43.71747,0 -98.71117,43.71712,0 -98.7048,43.71657,0 -98.70132,43.71627,0 -98.69786,43.71587,0 -98.69433,43.71524,0 -98.69099,43.71441,0 -98.68766,43.71334,0 -98.68424,43.71213,0 -98.68138,43.71112,0 -98.67849,43.71016,0 -98.67534,43.70937,0 -98.67208,43.70885,0 -98.66861,43.7086,0 -98.66225,43.70858,0 -98.65717,43.70856,0 -98.63138,43.70858,0 -98.62187,43.70855,0 -98.61171,43.70853,0 -98.55039,43.70837,0 -98.54543,43.70836,0 -98.53865,43.70834,0 -98.52221,43.70827,0 -98.51751,43.70825,0 -98.51386,43.70824,0 -98.50868,43.70827,0 -98.50222,43.70826,0 -98.49886,43.70809,0 -98.49544,43.70752,0 -98.4916,43.70638,0 -98.48682,43.70481,0 -98.48242,43.70337,0 -98.47791,43.70188,0 -98.47426,43.70068,0 -98.47004,43.6993,0 -98.46484,43.69759,0 -98.46169,43.69655,0 -98.45863,43.69561,0 -98.45554,43.695,0 -98.45215,43.69473,0 -98.44788,43.69472,0 -98.44099,43.69473,0 -98.43358,43.69472,0 -98.43032,43.69472,0 -98.42352,43.69473,0 -98.41736,43.69474,0 -98.41217,43.69475,0 -98.40695,43.69475,0 -98.4031,43.69478,0 -98.39969,43.69482,0 -98.39629,43.69487,0 -98.39244,43.69491,0 -98.38676,43.69499,0 -98.37996,43.69507,0 -98.37656,43.69512,0 -98.36862,43.69523,0 -98.36144,43.69532,0 -98.35682,43.69538,0 -98.35251,43.69543,0 -98.34934,43.69548,0 -98.34315,43.69559,0 -98.33958,43.69561,0 -98.33505,43.69567,0 -98.33096,43.69572,0 -98.32688,43.69577,0 -98.32276,43.69581,0 -98.31794,43.69586,0 -98.31333,43.69588,0 -98.30116,43.69586,0 -98.28942,43.69584,0 -98.28537,43.69576,0 -98.2787,43.69542,0 -98.27541,43.69531,0 -98.27223,43.69527,0 -98.26014,43.69526,0 -98.24698,43.69523,0 -98.24019,43.69521,0 -98.2358,43.69521,0 -98.22155,43.69517,0 -98.20707,43.69531,0 -98.20291,43.69531,0 -98.18821,43.69517,0 -98.18426,43.69515,0 -98.17443,43.6952,0 -98.17089,43.6952,0 -98.16629,43.69522,0 -98.16036,43.69523,0 -98.15575,43.69525,0 -98.15235,43.69525,0 -98.14834,43.69526,0 -98.14517,43.69521,0 -98.13925,43.69491,0 -98.13595,43.69474,0 -98.12954,43.6944,0 -98.12588,43.69427,0 -98.11841,43.6942,0 -98.11354,43.69416,0 -98.1085,43.69415,0 -98.09183,43.69408,0 -98.08847,43.69406,0 -98.08491,43.694,0 -98.07991,43.69389,0 -98.07169,43.69369,0 -98.06765,43.69347,0 -98.06409,43.69313,0 -98.06011,43.69258,0 -98.05678,43.69211,0 -98.05355,43.69175,0 -98.04999,43.69151,0 -98.04687,43.69141,0 -98.03972,43.69145,0 -98.03446,43.6915,0 -98.02709,43.69156,0 -98.02161,43.69161,0 -98.01779,43.69165,0 -98.01248,43.69176,0 -98.00822,43.69187,0 -98.00307,43.692,0 -97.98431,43.69248,0 -97.9783,43.69263,0 -97.97512,43.69276,0 -97.97156,43.693,0 -97.96749,43.69335,0 -97.95643,43.69428,0 -97.95236,43.69458,0 -97.94756,43.69476,0 -97.93936,43.69482,0 -97.93531,43.69484,0 -97.92727,43.69483,0 -97.91678,43.69481,0 -97.90366,43.69481,0 -97.88958,43.69483,0 -97.8852,43.6948,0 -97.88172,43.69445,0 -97.87819,43.69377,0 -97.8736,43.69226,0 -97.86995,43.69055,0 -97.86443,43.68741,0 -97.86139,43.68567,0 -97.85523,43.68215,0 -97.85208,43.68047,0 -97.84628,43.67783,0 -97.84225,43.67617,0 -97.82693,43.67002,0 -97.822,43.66808,0 -97.81738,43.66665,0 -97.8136,43.66596,0 -97.81027,43.66567,0 -97.80505,43.66543,0 -97.79187,43.66478,0 -97.78122,43.6643,0 -97.77738,43.6642,0 -97.77314,43.66424,0 -97.76147,43.66462,0 -97.73702,43.66538,0 -97.73051,43.66559,0 -97.72497,43.66567,0 -97.71077,43.66564,0 -97.68916,43.66557,0 -97.67251,43.66551,0 -97.6597,43.66547,0 -97.6379,43.66541,0 -97.62535,43.66532,0 -97.60659,43.66525,0 -97.59439,43.66521,0 -97.58216,43.66515,0 -97.56108,43.66485,0 -97.54842,43.66464,0 -97.52835,43.66428,0 -97.51405,43.66417,0 -97.50279,43.66411,0 -97.49808,43.66414,0 -97.48857,43.66449,0 -97.47824,43.66493,0 -97.46832,43.66535,0 -97.46231,43.66561,0 -97.45014,43.66614,0 -97.44126,43.66648,0 -97.4377,43.66656,0 -97.42618,43.66649,0 -97.41814,43.66643,0 -97.4085,43.66633,0 -97.40051,43.66622,0 -97.3955,43.66619,0 -97.38101,43.66604,0 -97.37475,43.66603,0 -97.36571,43.6661,0 -97.34821,43.66621,0 -97.32824,43.66632,0 -97.31305,43.66641,0 -97.30266,43.6665,0 -97.29499,43.6665,0 -97.2707,43.66629,0 -97.22897,43.66586,0 -97.194,43.66618,0 -97.18385,43.66625,0 -97.17112,43.66637,0 -97.14948,43.66648,0 -97.13993,43.66651,0 -97.12533,43.66655,0 -97.12188,43.6662,0 -97.11839,43.66507,0 -97.11563,43.66364,0 -97.09762,43.64979,0 -97.0936,43.64661,0 -97.09012,43.64417,0 -97.08555,43.64123,0 -97.08136,43.63879,0 -97.06742,43.63068,0 -97.04477,43.61749,0 -97.04158,43.61564,0 -97.03873,43.61398,0 -97.03588,43.61233,0 -97.03289,43.61084,0 -97.02932,43.60965,0 -97.02585,43.609,0 -97.02217,43.60878,0 -97.01384,43.60878,0 -97.0026,43.6088,0 -96.9855,43.60881,0 -96.95694,43.60885,0 -96.94361,43.60886,0 -96.93988,43.60888,0 -96.92538,43.60892,0 -96.90546,43.60893,0 -96.9018,43.60893,0 -96.895,43.60895,0 -96.88948,43.60894,0 -96.88558,43.60886,0 -96.8796,43.60862,0 -96.87622,43.60849,0 -96.87273,43.60841,0 -96.86937,43.6084,0 -96.85109,43.60844,0 -96.8423,43.60847,0 -96.83105,43.60852,0 -96.82753,43.60852,0 -96.82422,43.60853,0 -96.8085,43.60857,0 -96.80537,43.60858,0 -96.80179,43.6088,0 -96.7986,43.60917,0 -96.79475,43.60985,0 -96.79131,43.61053,0 -96.78782,43.61122,0 -96.78441,43.61184,0 -96.78119,43.61226,0 -96.7774,43.61253,0 -96.77162,43.61262,0 -96.76821,43.61263,0 -96.76366,43.61265,0 -96.76046,43.61266,0 -96.75714,43.6124,0 -96.75281,43.61163,0 -96.74866,43.61085,0 -96.74544,43.61024,0 -96.73357,43.60802,0 -96.72997,43.60734,0 -96.72569,43.60665,0 -96.72207,43.60618,0 -96.71841,43.60582,0 -96.71515,43.60561,0 -96.71175,43.60556,0 -96.70721,43.60555,0 -96.70376,43.60556,0 -96.70033,43.60573,0 -96.69571,43.60613,0 -96.69117,43.60653,0 -96.68529,43.60704,0 -96.68185,43.60734,0 -96.67828,43.60765,0 -96.67476,43.60781,0 -96.67067,43.6078,0 -96.66185,43.60775,0 -96.65843,43.60774,0 -96.65491,43.608,0 -96.65148,43.60854,0 -96.64762,43.60915,0 -96.64252,43.60997,0 -96.6389,43.61028,0 -96.63489,43.61026,0 -96.63168,43.61024,0 -96.62641,43.61021,0 -96.62216,43.61019,0 -96.61854,43.61003,0 -96.61454,43.60966,0 -96.61077,43.60932,0 -96.60746,43.6092,0 -96.60287,43.60919,0 -96.59811,43.60919,0 -96.59457,43.60918,0 -96.58947,43.60918,0 -96.58445,43.60902,0 -96.58072,43.60884,0 -96.57702,43.60867,0 -96.57369,43.60849,0 -96.56751,43.60842,0 -96.56421,43.60842,0 -96.56047,43.60842,0 -96.55135,43.6084,0 -96.54296,43.60817,0 -96.53961,43.60816,0 -96.5357,43.6082,0 -96.53258,43.60823,0 -96.52571,43.60831,0 -96.51292,43.60843,0 -96.50636,43.60849,0 -96.49647,43.60858,0 -96.4876,43.60867,0 -96.47595,43.60876,0 -96.46743,43.60882,0 -96.46435,43.60844,0 -96.46139,43.60724,0 -96.45857,43.60828,0 -96.45503,43.6089,0 -96.44977,43.60893,0 -96.43697,43.60881,0 -96.43023,43.60874,0 -96.42609,43.60873,0 -96.41301,43.60875,0 -96.3975,43.60858,0 -96.38988,43.6085,0 -96.3826,43.60844,0 -96.37736,43.60841,0 -96.36354,43.60838,0 -96.3585,43.60841,0 -96.35322,43.60842,0 -96.3472,43.60843,0 -96.34249,43.60849,0 -96.33463,43.60859,0 -96.33137,43.60894,0 -96.32555,43.61062,0 -96.31696,43.61317,0 -96.31201,43.61464,0 -96.30819,43.61577,0 -96.3049,43.61681,0 -96.29245,43.62105,0 -96.2842,43.62382,0 -96.28087,43.62494,0 -96.27342,43.62745,0 -96.26947,43.62877,0 -96.26608,43.62991,0 -96.2595,43.63213,0 -96.25473,43.63373,0 -96.2493,43.63555,0 -96.24613,43.63633,0 -96.23956,43.637,0 -96.23343,43.63757,0 -96.22649,43.63824,0 -96.22306,43.63856,0 -96.21873,43.63897,0 -96.21499,43.63931,0 -96.21155,43.63932,0 -96.20778,43.63894,0 -96.20432,43.6386,0 -96.19941,43.63809,0 -96.19535,43.6377,0 -96.19172,43.63748,0 -96.17341,43.6375,0 -96.16709,43.63751,0 -96.15981,43.63754,0 -96.15257,43.63756,0 -96.14931,43.63755,0 -96.1389,43.63751,0 -96.13481,43.6375,0 -96.13072,43.63752,0 -96.12567,43.63754,0 -96.12222,43.63756,0 -96.1145,43.63759,0 -96.1054,43.63759,0 -96.09882,43.63759,0 -96.094,43.63758,0 -96.08738,43.63759,0 -96.08149,43.63761,0 -96.07684,43.63761,0 -96.07002,43.6376,0 -96.06194,43.63753,0 -96.05649,43.63748,0 -96.05111,43.63745,0 -96.04432,43.63749,0 -96.02768,43.63753,0 -96.01439,43.63757,0 -96.00235,43.63751,0 -95.99836,43.63747,0 -95.99093,43.63744,0 -95.9869,43.63744,0 -95.97944,43.63743,0 -95.97596,43.63743,0 -95.97064,43.63743,0 -95.96478,43.63741,0 -95.96144,43.63741,0 -95.95822,43.63741,0 -95.95488,43.63779,0 -95.95194,43.63865,0 -95.94779,43.64022,0 -95.94407,43.64161,0 -95.94097,43.64272,0 -95.93757,43.6435,0 -95.93445,43.64385,0 -95.93104,43.64384,0 -95.92767,43.64345,0 -95.92461,43.64272,0 -95.92041,43.64111,0 -95.91495,43.63884,0 -95.91139,43.63791,0 -95.90661,43.63766,0 -95.89452,43.63786,0 -95.88956,43.63779,0 -95.88204,43.63761,0 -95.87844,43.63751,0 -95.87452,43.63743,0 -95.86293,43.63737,0 -95.85448,43.63734,0 -95.85075,43.63734,0 -95.84411,43.6374,0 -95.83588,43.63746,0 -95.83076,43.63743,0 -95.82759,43.63739,0 -95.82094,43.6373,0 -95.81712,43.63725,0 -95.81256,43.63723,0 -95.80848,43.63729,0 -95.8034,43.63737,0 -95.799,43.63744,0 -95.79417,43.6375,0 -95.78827,43.63753,0 -95.78083,43.63756,0 -95.77701,43.63758,0 -95.77167,43.63759,0 -95.76607,43.63761,0 -95.76065,43.63763,0 -95.75688,43.63764,0 -95.75223,43.63767,0 -95.74765,43.63776,0 -95.73631,43.638,0 -95.73317,43.63803,0 -95.72916,43.638,0 -95.72232,43.63794,0 -95.71914,43.63793,0 -95.71529,43.63789,0 -95.71001,43.63788,0 -95.70426,43.63788,0 -95.69536,43.63788,0 -95.69191,43.63786,0 -95.68819,43.63782,0 -95.68134,43.63776,0 -95.67515,43.63771,0 -95.66853,43.63766,0 -95.66424,43.63764,0 -95.65879,43.6376,0 -95.65448,43.63758,0 -95.65051,43.63759,0 -95.64006,43.63762,0 -95.63461,43.63767,0 -95.6291,43.63769,0 -95.62585,43.63767,0 -95.62122,43.63766,0 -95.61742,43.63767,0 -95.6115,43.6377,0 -95.59921,43.63776,0 -95.59597,43.63765,0 -95.59364,43.63602,0 -95.59366,43.63314,0 -95.5911,43.63112,0 -95.5935,43.6327,0 -95.59348,43.63552,0 -95.59159,43.6375,0 -95.58623,43.63773,0 -95.57645,43.63754,0 -95.57331,43.63753,0 -95.56715,43.63754,0 -95.56401,43.63756,0 -95.5606,43.63753,0 -95.55688,43.63752,0 -95.55307,43.63751,0 -95.54907,43.63751,0 -95.54409,43.63751,0 -95.5322,43.63746,0 -95.51828,43.6376,0 -95.51373,43.63763,0 -95.50833,43.6376,0 -95.50492,43.63756,0 -95.49934,43.6375,0 -95.49271,43.63743,0 -95.47334,43.63756,0 -95.46519,43.63774,0 -95.45981,43.63786,0 -95.45584,43.63788,0 -95.45176,43.63789,0 -95.43517,43.63787,0 -95.42222,43.63793,0 -95.41582,43.63794,0 -95.41263,43.6379,0 -95.40057,43.63734,0 -95.39532,43.63723,0 -95.37646,43.63726,0 -95.36114,43.63732,0 -95.35763,43.63735,0 -95.33845,43.63744,0 -95.33403,43.63734,0 -95.31968,43.63638,0 -95.31482,43.63613,0 -95.31003,43.6364,0 -95.29926,43.63733,0 -95.29496,43.63766,0 -95.28902,43.63772,0 -95.28396,43.63773,0 -95.27586,43.63775,0 -95.25085,43.63793,0 -95.24488,43.63795,0 -95.23512,43.63803,0 -95.22984,43.63805,0 -95.22206,43.63807,0 -95.21633,43.6381,0 -95.20392,43.63801,0 -95.20031,43.63809,0 -95.18578,43.63871,0 -95.18029,43.63877,0 -95.16916,43.63867,0 -95.16572,43.63863,0 -95.16239,43.63842,0 -95.15846,43.63807,0 -95.15362,43.63774,0 -95.14417,43.63768,0 -95.1348,43.63762,0 -95.1253,43.63756,0 -95.11792,43.63824,0 -95.11457,43.63833,0 -95.10469,43.63741,0 -95.09951,43.6371,0 -95.09466,43.63712,0 -95.09043,43.63717,0 -95.08377,43.63722,0 -95.07994,43.63733,0 -95.07451,43.63743,0 -95.052,43.63761,0 -95.03589,43.63822,0 -95.02834,43.63829,0 -95.02326,43.63834,0 -95.01629,43.63835,0 -95.00737,43.63837,0 -95.00305,43.63865,0 -94.99962,43.6392,0 -94.99575,43.64005,0 -94.99121,43.64104,0 -94.98726,43.64173,0 -94.97246,43.64203,0 -94.96862,43.64207,0 -94.96437,43.64246,0 -94.96062,43.64377,0 -94.95754,43.64585,0 -94.95294,43.64934,0 -94.95036,43.65096,0 -94.94675,43.65206,0 -94.93437,43.65227,0 -94.91566,43.65236,0 -94.8946,43.65241,0 -94.88381,43.65247,0 -94.88046,43.65248,0 -94.8745,43.65254,0 -94.87045,43.65254,0 -94.86429,43.65258,0 -94.85929,43.65279,0 -94.85481,43.65291,0 -94.84722,43.6527,0 -94.83937,43.65279,0 -94.8345,43.65285,0 -94.81582,43.65292,0 -94.81041,43.65292,0 -94.79516,43.65283,0 -94.77664,43.65374,0 -94.77325,43.6542,0 -94.75402,43.66087,0 -94.75069,43.6618,0 -94.74027,43.66364,0 -94.73542,43.66447,0 -94.7263,43.66603,0 -94.72266,43.66665,0 -94.71927,43.66676,0 -94.70466,43.66662,0 -94.69449,43.66651,0 -94.68713,43.66658,0 -94.68105,43.66662,0 -94.66683,43.66663,0 -94.66028,43.66668,0 -94.65705,43.66671,0 -94.65338,43.66672,0 -94.64998,43.66696,0 -94.64683,43.66781,0 -94.64408,43.66924,0 -94.6385,43.6742,0 -94.63629,43.67627,0 -94.63397,43.67832,0 -94.63152,43.67974,0 -94.62799,43.68078,0 -94.61938,43.68102,0 -94.61521,43.68101,0 -94.60986,43.68096,0 -94.60674,43.68094,0 -94.59193,43.68078,0 -94.57392,43.6807,0 -94.55283,43.68065,0 -94.54704,43.68057,0 -94.54159,43.68048,0 -94.53842,43.68046,0 -94.53249,43.68038,0 -94.52653,43.68036,0 -94.51431,43.68037,0 -94.5049,43.68035,0 -94.50014,43.68025,0 -94.49318,43.67953,0 -94.49007,43.67919,0 -94.48592,43.67899,0 -94.4801,43.67902,0 -94.4716,43.67906,0 -94.46713,43.67909,0 -94.46162,43.6791,0 -94.45606,43.67915,0 -94.45091,43.6792,0 -94.44718,43.6792,0 -94.44195,43.67917,0 -94.43772,43.67855,0 -94.43301,43.67654,0 -94.4287,43.6743,0 -94.42519,43.67321,0 -94.41854,43.67192,0 -94.41338,43.67092,0 -94.40893,43.67047,0 -94.38894,43.67058,0 -94.38258,43.67047,0 -94.3752,43.67026,0 -94.37205,43.67019,0 -94.35268,43.67018,0 -94.3489,43.6702,0 -94.34569,43.67005,0 -94.34199,43.6691,0 -94.33807,43.66735,0 -94.33491,43.66644,0 -94.32762,43.6662,0 -94.31662,43.66627,0 -94.31086,43.66632,0 -94.30518,43.66634,0 -94.29372,43.66628,0 -94.28866,43.66625,0 -94.27792,43.66616,0 -94.26251,43.66604,0 -94.2555,43.666,0 -94.25043,43.66595,0 -94.23903,43.66621,0 -94.23559,43.66625,0 -94.23094,43.66625,0 -94.22283,43.6662,0 -94.21932,43.66618,0 -94.21189,43.66614,0 -94.19915,43.66612,0 -94.18753,43.6661,0 -94.18276,43.66612,0 -94.17952,43.6661,0 -94.1651,43.66611,0 -94.16077,43.66608,0 -94.15738,43.66609,0 -94.15059,43.66609,0 -94.13256,43.66564,0 -94.12907,43.66498,0 -94.12625,43.66367,0 -94.12364,43.66213,0 -94.12044,43.66092,0 -94.11261,43.6598,0 -94.10923,43.6597,0 -94.10516,43.65977,0 -94.09937,43.65984,0 -94.09516,43.65989,0 -94.09159,43.65991,0 -94.08771,43.65988,0 -94.08446,43.65931,0 -94.08103,43.65812,0 -94.07825,43.6571,0 -94.06761,43.65316,0 -94.06422,43.65227,0 -94.06099,43.65181,0 -94.0566,43.65168,0 -94.05191,43.65164,0 -94.04795,43.65161,0 -94.02773,43.65144,0 -94.01479,43.65146,0 -94.00968,43.65147,0 -94.00617,43.65149,0 -94.00107,43.65149,0 -93.99548,43.65149,0 -93.99095,43.65153,0 -93.98099,43.65155,0 -93.9592,43.65159,0 -93.95475,43.65157,0 -93.94912,43.65162,0 -93.94291,43.65194,0 -93.93928,43.65217,0 -93.93602,43.65228,0 -93.93187,43.65226,0 -93.92485,43.65227,0 -93.92038,43.65224,0 -93.91657,43.65224,0 -93.9077,43.65224,0 -93.90258,43.65224,0 -93.8982,43.65223,0 -93.88829,43.65219,0 -93.88406,43.65221,0 -93.87751,43.65219,0 -93.86751,43.65215,0 -93.86316,43.65213,0 -93.85784,43.65209,0 -93.83125,43.65198,0 -93.8256,43.65163,0 -93.82049,43.65123,0 -93.8162,43.65089,0 -93.8125,43.65059,0 -93.80702,43.65016,0 -93.80351,43.6499,0 -93.79512,43.64926,0 -93.79149,43.64902,0 -93.78778,43.64898,0 -93.77687,43.64894,0 -93.7727,43.64907,0 -93.76801,43.64956,0 -93.7561,43.6512,0 -93.75283,43.65165,0 -93.74865,43.65232,0 -93.74461,43.65327,0 -93.73843,43.655,0 -93.73284,43.65658,0 -93.72898,43.65765,0 -93.72601,43.6585,0 -93.72268,43.65916,0 -93.719,43.65933,0 -93.69626,43.65935,0 -93.68752,43.65936,0 -93.6804,43.65938,0 -93.6765,43.65969,0 -93.67264,43.66052,0 -93.66911,43.66177,0 -93.66407,43.66361,0 -93.6612,43.6646,0 -93.65722,43.66542,0 -93.65368,43.66565,0 -93.6493,43.66564,0 -93.64455,43.6656,0 -93.64096,43.66553,0 -93.63695,43.66547,0 -93.62927,43.66533,0 -93.62309,43.66523,0 -93.61466,43.6651,0 -93.60496,43.6657,0 -93.59976,43.66606,0 -93.58841,43.66612,0 -93.58311,43.66609,0 -93.57838,43.66607,0 -93.57511,43.66589,0 -93.57056,43.66532,0 -93.56641,43.6652,0 -93.56251,43.66519,0 -93.54948,43.66512,0 -93.5463,43.66517,0 -93.54128,43.66575,0 -93.52976,43.66578,0 -93.52428,43.66582,0 -93.51995,43.66591,0 -93.51603,43.66654,0 -93.51297,43.66799,0 -93.51064,43.66988,0 -93.50848,43.67175,0 -93.5062,43.6733,0 -93.50307,43.67482,0 -93.50002,43.67582,0 -93.49681,43.6764,0 -93.49133,43.67697,0 -93.48752,43.67735,0 -93.48249,43.67854,0 -93.4793,43.67943,0 -93.47499,43.67983,0 -93.46968,43.67983,0 -93.46388,43.67983,0 -93.45286,43.67982,0 -93.43866,43.67979,0 -93.43553,43.67982,0 -93.43155,43.68039,0 -93.42808,43.6817,0 -93.42543,43.68332,0 -93.42303,43.68489,0 -93.41999,43.68679,0 -93.41654,43.68901,0 -93.4135,43.69044,0 -93.41013,43.69129,0 -93.40557,43.69151,0 -93.38991,43.69144,0 -93.38072,43.69073,0 -93.37709,43.69043,0 -93.3721,43.69,0 -93.3682,43.68952,0 -93.36442,43.68875,0 -93.35938,43.68777,0 -93.35613,43.68712,0 -93.34801,43.68547,0 -93.34438,43.68485,0 -93.34063,43.68464,0 -93.33315,43.68463,0 -93.32809,43.68463,0 -93.32453,43.68439,0 -93.32153,43.68377,0 -93.31558,43.68241,0 -93.31002,43.68119,0 -93.30296,43.67962,0 -93.29946,43.67855,0 -93.2948,43.67624,0 -93.29143,43.67452,0 -93.28795,43.67274,0 -93.2796,43.66848,0 -93.27654,43.66693,0 -93.27335,43.66575,0 -93.27016,43.6652,0 -93.2615,43.6652,0 -93.25449,43.66527,0 -93.25093,43.6653,0 -93.24735,43.66527,0 -93.24318,43.66523,0 -93.23734,43.6652,0 -93.23409,43.66523,0 -93.22094,43.66537,0 -93.21132,43.66547,0 -93.20812,43.66527,0 -93.20464,43.66441,0 -93.20133,43.66289,0 -93.19876,43.66159,0 -93.19606,43.66031,0 -93.19299,43.65966,0 -93.18874,43.65964,0 -93.18534,43.65965,0 -93.18186,43.65966,0 -93.17428,43.65973,0 -93.17031,43.65973,0 -93.15898,43.65964,0 -93.14794,43.65955,0 -93.13576,43.65958,0 -93.13113,43.65957,0 -93.125,43.65956,0 -93.10936,43.65948,0 -93.09666,43.65895,0 -93.09258,43.65877,0 -93.08884,43.65866,0 -93.08536,43.65881,0 -93.07992,43.65917,0 -93.07275,43.65966,0 -93.06797,43.65982,0 -93.0625,43.65968,0 -93.05932,43.65961,0 -93.05501,43.65961,0 -93.04941,43.65961,0 -93.04629,43.65962,0 -93.03714,43.65963,0 -93.03358,43.65963,0 -93.03045,43.65985,0 -93.02751,43.66072,0 -93.0249,43.66228,0 -93.02248,43.66437,0 -93.01899,43.66738,0 -93.01673,43.66925,0 -93.01294,43.67191,0 -93.00891,43.67469,0 -93.00528,43.67718,0 -93.00281,43.67883,0 -93.00004,43.68003,0 -92.99688,43.68056,0 -92.9914,43.68063,0 -92.98767,43.68065,0 -92.98407,43.68068,0 -92.9808,43.68057,0 -92.97739,43.68041,0 -92.97334,43.68055,0 -92.96756,43.68059,0 -92.96428,43.6802,0 -92.96099,43.67858,0 -92.95848,43.677,0 -92.95588,43.67547,0 -92.95294,43.67459,0 -92.94919,43.67435,0 -92.94578,43.67419,0 -92.94191,43.67401,0 -92.93872,43.67387,0 -92.93505,43.67383,0 -92.93192,43.67384,0 -92.9287,43.67373,0 -92.92493,43.67307,0 -92.91983,43.67212,0 -92.91536,43.6715,0 -92.91152,43.67136,0 -92.8805,43.67136,0 -92.8747,43.67136,0 -92.86651,43.67134,0 -92.86319,43.67144,0 -92.85998,43.67171,0 -92.85139,43.67292,0 -92.84709,43.67341,0 -92.84282,43.67358,0 -92.80678,43.67361,0 -92.79891,43.67356,0 -92.78875,43.67347,0 -92.77605,43.67339,0 -92.77273,43.67351,0 -92.76785,43.67387,0 -92.76463,43.67418,0 -92.75934,43.67449,0 -92.75427,43.67453,0 -92.75034,43.6751,0 -92.74688,43.67638,0 -92.74275,43.6793,0 -92.72484,43.69416,0 -92.72079,43.69707,0 -92.71636,43.69996,0 -92.7039,43.70808,0 -92.69698,43.71257,0 -92.69426,43.71435,0 -92.69139,43.71623,0 -92.68846,43.71816,0 -92.68617,43.71999,0 -92.68418,43.72197,0 -92.68228,43.72452,0 -92.6772,43.73271,0 -92.67569,43.73476,0 -92.67381,43.73675,0 -92.67173,43.73847,0 -92.66437,43.74381,0 -92.66129,43.746,0 -92.65876,43.74783,0 -92.6563,43.74961,0 -92.65075,43.75362,0 -92.64779,43.75585,0 -92.64537,43.75782,0 -92.64181,43.76093,0 -92.63529,43.76663,0 -92.6288,43.77234,0 -92.62047,43.77961,0 -92.61838,43.78141,0 -92.61621,43.78317,0 -92.61173,43.78661,0 -92.6066,43.7906,0 -92.60249,43.79382,0 -92.59861,43.79685,0 -92.59554,43.79924,0 -92.59228,43.80176,0 -92.58882,43.80446,0 -92.58601,43.80688,0 -92.58138,43.81131,0 -92.57825,43.81437,0 -92.57632,43.81625,0 -92.57371,43.81859,0 -92.57087,43.82069,0 -92.56709,43.82343,0 -92.56069,43.8282,0 -92.55491,43.83246,0 -92.55267,43.83412,0 -92.54999,43.83612,0 -92.54784,43.83794,0 -92.54519,43.84059,0 -92.54289,43.8429,0 -92.53889,43.84688,0 -92.53635,43.84942,0 -92.5336,43.85216,0 -92.53097,43.85478,0 -92.52555,43.86012,0 -92.52213,43.86334,0 -92.5196,43.86567,0 -92.51726,43.86787,0 -92.51412,43.87078,0 -92.51104,43.87364,0 -92.50883,43.87571,0 -92.50649,43.87789,0 -92.50415,43.87959,0 -92.50074,43.88106,0 -92.49392,43.8832,0 -92.48904,43.88472,0 -92.48212,43.88687,0 -92.47771,43.88826,0 -92.47464,43.88932,0 -92.4717,43.89095,0 -92.4678,43.89398,0 -92.46471,43.89638,0 -92.46239,43.89817,0 -92.45983,43.90014,0 -92.45518,43.90374,0 -92.45272,43.90551,0 -92.44974,43.90684,0 -92.44519,43.90828,0 -92.44051,43.90975,0 -92.43581,43.91122,0 -92.43248,43.9123,0 -92.42986,43.91355,0 -92.42621,43.91549,0 -92.42307,43.91715,0 -92.42016,43.91859,0 -92.41685,43.91956,0 -92.41309,43.91999,0 -92.40988,43.9203,0 -92.40689,43.92111,0 -92.40379,43.92296,0 -92.40081,43.92542,0 -92.39848,43.92711,0 -92.39541,43.92839,0 -92.39184,43.92901,0 -92.38728,43.92919,0 -92.38233,43.92939,0 -92.37903,43.92983,0 -92.37589,43.93139,0 -92.3742,43.93334,0 -92.37235,43.93701,0 -92.37067,43.94046,0 -92.36907,43.94368,0 -92.36747,43.94607,0 -92.36516,43.94805,0 -92.3622,43.94959,0 -92.35893,43.95059,0 -92.35529,43.95161,0 -92.3517,43.95261,0 -92.34489,43.95454,0 -92.34043,43.95544,0 -92.33697,43.95562,0 -92.32048,43.95558,0 -92.29703,43.95543,0 -92.25295,43.95528,0 -92.24462,43.95526,0 -92.23272,43.95523,0 -92.22775,43.95522,0 -92.19804,43.95516,0 -92.18647,43.95524,0 -92.18075,43.95519,0 -92.15943,43.9548,0 -92.14496,43.95479,0 -92.13953,43.95479,0 -92.13345,43.95479,0 -92.09563,43.95474,0 -92.0911,43.95443,0 -92.08676,43.95344,0 -92.08276,43.95238,0 -92.07835,43.95198,0 -92.07035,43.95214,0 -92.06588,43.95222,0 -92.06026,43.95231,0 -92.05623,43.95231,0 -92.05176,43.95174,0 -92.04822,43.95074,0 -92.04504,43.94933,0 -92.0424,43.94771,0 -92.0399,43.94596,0 -92.03722,43.94448,0 -92.03424,43.94321,0 -92.03138,43.94227,0 -92.02192,43.94002,0 -92.01767,43.93855,0 -92.01359,43.93665,0 -92.00969,43.93535,0 -92.0003,43.93464,0 -91.99394,43.93423,0 -91.99066,43.93429,0 -91.9798,43.93718,0 -91.97639,43.93781,0 -91.97297,43.93766,0 -91.96575,43.93533,0 -91.95912,43.93295,0 -91.95558,43.93179,0 -91.95253,43.93114,0 -91.94816,43.9308,0 -91.94483,43.93095,0 -91.93827,43.93189,0 -91.93247,43.93274,0 -91.92789,43.9331,0 -91.89287,43.93304,0 -91.88676,43.93304,0 -91.8832,43.93281,0 -91.87431,43.93128,0 -91.87046,43.93063,0 -91.86696,43.93078,0 -91.86221,43.93232,0 -91.85867,43.93299,0 -91.85257,43.93363,0 -91.84794,43.93401,0 -91.83956,43.93398,0 -91.8158,43.93389,0 -91.81248,43.93403,0 -91.80518,43.93505,0 -91.77412,43.93943,0 -91.76949,43.9398,0 -91.76175,43.93981,0 -91.75736,43.94026,0 -91.75415,43.94072,0 -91.74626,43.94066,0 -91.7394,43.94051,0 -91.73485,43.94076,0 -91.71378,43.94613,0 -91.7086,43.94781,0 -91.69283,43.95504,0 -91.6897,43.95604,0 -91.68581,43.95649,0 -91.68027,43.9565,0 -91.67301,43.95651,0 -91.66213,43.95657,0 -91.65825,43.95599,0 -91.65505,43.95454,0 -91.65029,43.95159,0 -91.63348,43.94124,0 -91.63013,43.93884,0 -91.61842,43.92911,0 -91.6144,43.92579,0 -91.61218,43.92361,0 -91.60982,43.92079,0 -91.60781,43.91872,0 -91.60462,43.91658,0 -91.60167,43.91536,0 -91.59741,43.91437,0 -91.59403,43.91417,0 -91.58903,43.91452,0 -91.5833,43.91466,0 -91.57864,43.91438,0 -91.57373,43.91365,0 -91.56881,43.91248,0 -91.56398,43.91099,0 -91.56019,43.91022,0 -91.55026,43.91123,0 -91.5466,43.91143,0 -91.5241,43.91149,0 -91.52023,43.91174,0 -91.5164,43.91302,0 -91.51121,43.91587,0 -91.50793,43.91746,0 -91.50373,43.91888,0 -91.49827,43.92016,0 -91.49466,43.9213,0 -91.49007,43.92324,0 -91.48557,43.9249,0 -91.48135,43.92564,0 -91.47699,43.92571,0 -91.45336,43.92271,0 -91.44958,43.92223,0 -91.44532,43.92226,0 -91.44173,43.92359,0 -91.4358,43.92804,0 -91.43313,43.92961,0 -91.42831,43.93073,0 -91.42359,43.93188,0 -91.41981,43.93236,0 -91.41632,43.93144,0 -91.414,43.92968,0 -91.41143,43.92771,0 -91.40271,43.92358,0 -91.3996,43.92231,0 -91.39629,43.92146,0 -91.39163,43.92088,0 -91.38391,43.92016,0 -91.37948,43.91941,0 -91.37514,43.91819,0 -91.36838,43.91605,0 -91.36509,43.91501,0 -91.3626,43.9136,0 -91.36031,43.91102,0 -91.35678,43.90859,0 -91.35307,43.90663,0 -91.34976,43.90488,0 -91.34746,43.90316,0 -91.34631,43.90084,0 -91.34531,43.89724,0 -91.34426,43.89388,0 -91.3429,43.89125,0 -91.3393,43.88771,0 -91.3372,43.88583,0 -91.33107,43.88184,0 -91.32846,43.88009,0 -91.326,43.87842,0 -91.32296,43.87566,0 -91.3198,43.87278,0 -91.31466,43.86856,0 -91.31234,43.86626,0 -91.3113,43.8638,0 -91.31046,43.8616,0 -91.30861,43.8595,0 -91.30589,43.85823,0 -91.3024,43.85786,0 -91.29698,43.85826,0 -91.29246,43.85863,0 -91.28855,43.85878,0 -91.2847,43.85896,0 -91.27868,43.85946,0 -91.27478,43.85978,0 -91.27108,43.86011,0 -91.2667,43.86045,0 -91.2602,43.86101,0 -91.25599,43.86137,0 -91.25258,43.86175,0 -91.24629,43.86272,0 -91.24203,43.86337,0 -91.2379,43.8641,0 -91.23413,43.86501,0 -91.23052,43.86617,0 -91.2258,43.86776,0 -91.22279,43.86878,0 -91.21834,43.87046,0 -91.21364,43.8723,0 -91.21009,43.87369,0 -91.20636,43.87512,0 -91.20301,43.8763,0 -91.1999,43.87685,0 -91.19632,43.87687,0 -91.19296,43.87675,0 -91.18772,43.87664,0 -91.18373,43.87654,0 -91.17789,43.87637,0 -91.17435,43.87627,0 -91.17081,43.876,0 -91.16719,43.87535,0 -91.16358,43.87435,0 -91.16064,43.87338,0 -91.156,43.87186,0 -91.1525,43.87083,0 -91.14907,43.87042,0 -91.14464,43.87054,0 -91.14102,43.87068,0 -91.13733,43.8708,0 -91.13387,43.87115,0 -91.13064,43.8722,0 -91.12815,43.8737,0 -91.12486,43.87598,0 -91.12168,43.87818,0 -91.11844,43.88041,0 -91.11593,43.8821,0 -91.11325,43.88365,0 -91.11015,43.88516,0 -91.10658,43.88658,0 -91.10249,43.88804,0 -91.09651,43.89017,0 -91.09336,43.89121,0 -91.09031,43.89178,0 -91.08567,43.89191,0 -91.08191,43.89188,0 -91.07728,43.89184,0 -91.07035,43.89179,0 -91.06673,43.89162,0 -91.06321,43.89136,0 -91.05787,43.89125,0 -91.05455,43.89125,0 -91.04954,43.89124,0 -91.04189,43.89167,0 -91.03717,43.892,0 -91.03377,43.89199,0 -91.03029,43.89156,0 -91.02362,43.89072,0 -91.02036,43.89004,0 -91.0155,43.8882,0 -91.01246,43.88717,0 -91.00919,43.88647,0 -91.00522,43.88614,0 -91.00153,43.88603,0 -90.99375,43.8858,0 -90.99051,43.88586,0 -90.97976,43.88732,0 -90.97573,43.88782,0 -90.97253,43.88809,0 -90.96688,43.88833,0 -90.96334,43.88858,0 -90.95855,43.88923,0 -90.95502,43.88977,0 -90.95058,43.89044,0 -90.94707,43.89097,0 -90.94317,43.89156,0 -90.93894,43.89221,0 -90.93554,43.89299,0 -90.93266,43.89393,0 -90.9294,43.89526,0 -90.92602,43.89662,0 -90.9232,43.89763,0 -90.92001,43.89869,0 -90.91634,43.89976,0 -90.90977,43.90161,0 -90.90524,43.90288,0 -90.90228,43.90365,0 -90.89635,43.90473,0 -90.8912,43.90564,0 -90.88489,43.90675,0 -90.88174,43.90738,0 -90.87731,43.9087,0 -90.87321,43.90996,0 -90.86843,43.91143,0 -90.86548,43.91232,0 -90.86175,43.91328,0 -90.85725,43.91421,0 -90.85224,43.91499,0 -90.84268,43.9165,0 -90.83902,43.91709,0 -90.83482,43.91789,0 -90.8308,43.91865,0 -90.82766,43.91924,0 -90.82265,43.92015,0 -90.81861,43.9208,0 -90.81401,43.92154,0 -90.81088,43.92204,0 -90.80638,43.92277,0 -90.80306,43.92355,0 -90.79862,43.92523,0 -90.79452,43.92688,0 -90.78933,43.92894,0 -90.78401,43.93107,0 -90.78117,43.9322,0 -90.77809,43.93344,0 -90.77388,43.93536,0 -90.77099,43.93699,0 -90.76834,43.93877,0 -90.76597,43.94046,0 -90.76312,43.94204,0 -90.75957,43.94303,0 -90.75387,43.94329,0 -90.74669,43.94339,0 -90.74275,43.94343,0 -90.73723,43.94351,0 -90.73227,43.94349,0 -90.72803,43.94339,0 -90.72384,43.94329,0 -90.71736,43.94313,0 -90.71361,43.94305,0 -90.70898,43.94305,0 -90.70492,43.94306,0 -90.69865,43.94306,0 -90.69031,43.94307,0 -90.68631,43.94308,0 -90.68308,43.94304,0 -90.67945,43.94273,0 -90.67511,43.94215,0 -90.67066,43.94158,0 -90.66641,43.94103,0 -90.66171,43.94043,0 -90.65839,43.94003,0 -90.65432,43.93982,0 -90.6506,43.93975,0 -90.63701,43.93956,0 -90.632,43.93948,0 -90.62405,43.93936,0 -90.61181,43.93914,0 -90.60302,43.93908,0 -90.59693,43.93904,0 -90.59231,43.93935,0 -90.58814,43.94019,0 -90.58248,43.94198,0 -90.57746,43.9439,0 -90.57423,43.94477,0 -90.56935,43.94534,0 -90.56608,43.9457,0 -90.56288,43.94604,0 -90.55434,43.94699,0 -90.55058,43.94751,0 -90.54678,43.94856,0 -90.54378,43.94985,0 -90.54045,43.95127,0 -90.53693,43.95182,0 -90.53379,43.95187,0 -90.53044,43.95232,0 -90.52724,43.95282,0 -90.5236,43.95307,0 -90.51988,43.95309,0 -90.51625,43.95313,0 -90.51242,43.95373,0 -90.50926,43.9549,0 -90.5015,43.95878,0 -90.49791,43.96056,0 -90.49066,43.96392,0 -90.48211,43.96802,0 -90.47687,43.97052,0 -90.47316,43.97228,0 -90.4697,43.97396,0 -90.46622,43.9756,0 -90.46035,43.97842,0 -90.45671,43.98015,0 -90.45376,43.98127,0 -90.44949,43.98242,0 -90.44631,43.98292,0 -90.44288,43.98316,0 -90.43874,43.98312,0 -90.43515,43.98278,0 -90.43135,43.98187,0 -90.42719,43.98039,0 -90.42142,43.9783,0 -90.41507,43.97592,0 -90.40046,43.97059,0 -90.39661,43.96919,0 -90.38855,43.96623,0 -90.38208,43.96385,0 -90.37476,43.96147,0 -90.3668,43.95911,0 -90.36344,43.95812,0 -90.34832,43.95363,0 -90.34267,43.95187,0 -90.33625,43.94973,0 -90.33239,43.94843,0 -90.31861,43.94386,0 -90.31319,43.94208,0 -90.30926,43.94089,0 -90.3046,43.93942,0 -90.29994,43.93795,0 -90.29699,43.93694,0 -90.293,43.93524,0 -90.2817,43.9292,0 -90.27766,43.92706,0 -90.27492,43.92595,0 -90.27095,43.92475,0 -90.26762,43.92379,0 -90.26287,43.92188,0 -90.26006,43.92028,0 -90.25476,43.91684,0 -90.25171,43.91504,0 -90.2479,43.91347,0 -90.21705,43.90676,0 -90.21337,43.90596,0 -90.20921,43.90493,0 -90.20271,43.90306,0 -90.19788,43.90165,0 -90.19149,43.89978,0 -90.1854,43.898,0 -90.18236,43.89711,0 -90.17848,43.89598,0 -90.17313,43.89442,0 -90.16929,43.89328,0 -90.16583,43.89205,0 -90.1631,43.89088,0 -90.15902,43.88882,0 -90.1563,43.88743,0 -90.15308,43.88578,0 -90.14933,43.88387,0 -90.14542,43.88186,0 -90.14191,43.88007,0 -90.13828,43.87821,0 -90.13503,43.87654,0 -90.13204,43.87498,0 -90.12956,43.87349,0 -90.12709,43.87174,0 -90.12495,43.86998,0 -90.11434,43.85975,0 -90.1124,43.85788,0 -90.11034,43.85588,0 -90.10739,43.85302,0 -90.10553,43.85122,0 -90.10284,43.84862,0 -90.10071,43.8465,0 -90.09851,43.84409,0 -90.09663,43.84182,0 -90.09464,43.83918,0 -90.09317,43.83705,0 -90.0899,43.83226,0 -90.08721,43.82833,0 -90.08571,43.82612,0 -90.0841,43.82381,0 -90.08254,43.82185,0 -90.08041,43.81961,0 -90.07764,43.81697,0 -90.07494,43.81439,0 -90.07197,43.81156,0 -90.06924,43.80895,0 -90.06725,43.80705,0 -90.06373,43.80371,0 -90.06165,43.8017,0 -90.05686,43.79666,0 -90.05357,43.79301,0 -90.05062,43.78984,0 -90.04872,43.78787,0 -90.04663,43.78615,0 -90.04377,43.78436,0 -90.04053,43.78286,0 -90.03759,43.78186,0 -90.03254,43.78034,0 -90.01862,43.77615,0 -90.01407,43.77471,0 -90.01109,43.77368,0 -90.004,43.77116,0 -89.99964,43.76978,0 -89.99375,43.768,0 -89.98945,43.76665,0 -89.97496,43.76188,0 -89.97126,43.76057,0 -89.96752,43.75893,0 -89.96122,43.75546,0 -89.95563,43.7523,0 -89.94458,43.74604,0 -89.93989,43.74357,0 -89.93339,43.74036,0 -89.92981,43.73847,0 -89.9136,43.72915,0 -89.90839,43.72607,0 -89.90537,43.72431,0 -89.90278,43.72279,0 -89.8998,43.72095,0 -89.89683,43.71924,0 -89.89318,43.71699,0 -89.89032,43.71529,0 -89.88789,43.71383,0 -89.87842,43.7081,0 -89.86014,43.69702,0 -89.85281,43.69258,0 -89.84912,43.69021,0 -89.84562,43.68769,0 -89.84127,43.68438,0 -89.83909,43.68272,0 -89.83476,43.67923,0 -89.82886,43.6741,0 -89.82529,43.67119,0 -89.82148,43.66845,0 -89.81764,43.66585,0 -89.81522,43.66418,0 -89.81336,43.66225,0 -89.81228,43.66003,0 -89.81208,43.65768,0 -89.81257,43.65444,0 -89.81324,43.64988,0 -89.81357,43.64753,0 -89.81339,43.64517,0 -89.81239,43.64248,0 -89.81123,43.63997,0 -89.81024,43.63781,0 -89.8092,43.63557,0 -89.80786,43.63264,0 -89.80681,43.63036,0 -89.80549,43.6275,0 -89.80456,43.62477,0 -89.80424,43.6225,0 -89.80441,43.62023,0 -89.80505,43.61793,0 -89.80676,43.61378,0 -89.80778,43.61134,0 -89.8088,43.60888,0 -89.81007,43.60581,0 -89.81125,43.60298,0 -89.81322,43.59822,0 -89.81407,43.59596,0 -89.8141,43.59351,0 -89.81299,43.59103,0 -89.81105,43.58895,0 -89.80896,43.58687,0 -89.80715,43.58503,0 -89.80539,43.58288,0 -89.80412,43.57978,0 -89.80329,43.57741,0 -89.80198,43.57532,0 -89.79975,43.57337,0 -89.79702,43.572,0 -89.79399,43.57124,0 -89.79047,43.57086,0 -89.78666,43.5705,0 -89.78289,43.57015,0 -89.77961,43.56984,0 -89.77608,43.56947,0 -89.7728,43.56917,0 -89.76949,43.56883,0 -89.76626,43.56847,0 -89.76052,43.56783,0 -89.75725,43.56746,0 -89.75346,43.56704,0 -89.75016,43.56661,0 -89.74701,43.56602,0 -89.74348,43.56518,0 -89.74042,43.56444,0 -89.7348,43.56308,0 -89.73176,43.56235,0 -89.72782,43.5614,0 -89.71958,43.5594,0 -89.71622,43.55859,0 -89.71302,43.55782,0 -89.70908,43.55686,0 -89.70567,43.55603,0 -89.69391,43.55319,0 -89.6909,43.55246,0 -89.68561,43.55118,0 -89.68251,43.55043,0 -89.67942,43.54967,0 -89.67639,43.549,0 -89.67241,43.5486,0 -89.66791,43.54857,0 -89.66335,43.54855,0 -89.66021,43.54854,0 -89.65684,43.5485,0 -89.65366,43.54837,0 -89.65015,43.54812,0 -89.64493,43.54759,0 -89.64142,43.54724,0 -89.63659,43.54676,0 -89.63235,43.54615,0 -89.62903,43.54547,0 -89.62464,43.54437,0 -89.62143,43.54357,0 -89.61702,43.54248,0 -89.61022,43.54078,0 -89.60035,43.53832,0 -89.5963,43.53731,0 -89.58569,43.53466,0 -89.58019,43.53324,0 -89.57669,43.53235,0 -89.57209,43.53117,0 -89.5689,43.53034,0 -89.56478,43.52928,0 -89.54786,43.52492,0 -89.53899,43.52264,0 -89.53599,43.52186,0 -89.53261,43.52068,0 -89.53002,43.51937,0 -89.5276,43.5177,0 -89.52541,43.51561,0 -89.52323,43.51264,0 -89.52123,43.50978,0 -89.51943,43.50719,0 -89.51756,43.50516,0 -89.51498,43.50366,0 -89.51194,43.50237,0 -89.50537,43.49959,0 -89.50082,43.49766,0 -89.49827,43.49617,0 -89.4965,43.49425,0 -89.49498,43.49109,0 -89.49382,43.4885,0 -89.49292,43.48627,0 -89.49246,43.4839,0 -89.49249,43.48155,0 -89.493,43.4791,0 -89.49395,43.4753,0 -89.49489,43.47149,0 -89.4966,43.46456,0 -89.49725,43.46191,0 -89.49816,43.4582,0 -89.49841,43.45575,0 -89.49792,43.45331,0 -89.49671,43.4511,0 -89.495,43.44901,0 -89.49331,43.44695,0 -89.49057,43.44359,0 -89.48897,43.44152,0 -89.48735,43.43905,0 -89.48494,43.43502,0 -89.48334,43.43234,0 -89.48155,43.42938,0 -89.47998,43.427,0 -89.47844,43.42492,0 -89.47558,43.42131,0 -89.47342,43.41864,0 -89.47162,43.41637,0 -89.46991,43.41423,0 -89.46853,43.41194,0 -89.46769,43.40966,0 -89.46734,43.40732,0 -89.4673,43.4049,0 -89.46723,43.40171,0 -89.46715,43.39775,0 -89.46708,43.39362,0 -89.46701,43.38993,0 -89.46654,43.38734,0 -89.46519,43.38453,0 -89.46404,43.38223,0 -89.46188,43.37792,0 -89.46081,43.37561,0 -89.46032,43.37172,0 -89.46015,43.36715,0 -89.46004,43.36416,0 -89.45977,43.35692,0 -89.45963,43.35308,0 -89.4595,43.35073,0 -89.45891,43.34814,0 -89.45788,43.34548,0 -89.45651,43.34196,0 -89.45536,43.33894,0 -89.45402,43.33552,0 -89.45316,43.33333,0 -89.45132,43.32857,0 -89.45045,43.32639,0 -89.44928,43.32423,0 -89.44738,43.3219,0 -89.44529,43.31992,0 -89.43958,43.31456,0 -89.43764,43.31273,0 -89.4331,43.30846,0 -89.4311,43.30658,0 -89.42697,43.3027,0 -89.42226,43.29827,0 -89.41972,43.29588,0 -89.41133,43.28796,0 -89.40269,43.2798,0 -89.3999,43.27684,0 -89.3977,43.27429,0 -89.38967,43.2654,0 -89.38747,43.26293,0 -89.38371,43.2588,0 -89.382,43.25682,0 -89.3799,43.25396,0 -89.37818,43.25102,0 -89.37636,43.24775,0 -89.37494,43.24533,0 -89.37322,43.24233,0 -89.37042,43.23679,0 -89.36906,43.2339,0 -89.36677,43.22871,0 -89.36447,43.22313,0 -89.36357,43.22095,0 -89.36248,43.21838,0 -89.35997,43.21231,0 -89.35874,43.20971,0 -89.35711,43.20743,0 -89.35317,43.2032,0 -89.35,43.19984,0 -89.34818,43.19789,0 -89.34576,43.19535,0 -89.34374,43.19328,0 -89.33957,43.19014,0 -89.3336,43.18564,0 -89.32899,43.18225,0 -89.32477,43.17913,0 -89.32168,43.17672,0 -89.31917,43.17431,0 -89.31536,43.16913,0 -89.31187,43.16415,0 -89.31032,43.16171,0 -89.30819,43.15831,0 -89.30579,43.15257,0 -89.3048,43.15029,0 -89.30351,43.14807,0 -89.30153,43.14514,0 -89.29903,43.14142,0 -89.29692,43.13827,0 -89.29454,43.13457,0 -89.29301,43.13141,0 -89.29208,43.12882,0 -89.29073,43.12506,0 -89.28942,43.12139,0 -89.28857,43.11904,0 -89.28745,43.11585,0 -89.28611,43.11149,0 -89.28565,43.10854,0 -89.28564,43.10441,0 -89.28571,43.10178,0 -89.28593,43.0958,0 -89.28595,43.0929,0 -89.28555,43.0902,0 -89.28311,43.08228,0 -89.28148,43.07725,0 -89.27974,43.07164,0 -89.27804,43.06629,0 -89.27735,43.06385,0 -89.27721,43.06066,0 -89.27734,43.05765,0 -89.27754,43.0533,0 -89.27772,43.04941,0 -89.27785,43.04673,0 -89.27792,43.04418,0 -89.2768,43.04166,0 -89.27439,43.03968,0 -89.27125,43.0376,0 -89.2686,43.03587,0 -89.26484,43.03344,0 -89.26205,43.03163,0 -89.25892,43.02945,0 -89.25683,43.02775,0 -89.25432,43.02566,0 -89.2515,43.02345,0 -89.24905,43.02193,0 -89.24641,43.02039,0 -89.24317,43.01853,0 -89.23696,43.01491,0 -89.234,43.01321,0 -89.2309,43.01153,0 -89.2271,43.01011,0 -89.22386,43.00911,0 -89.21848,43.00747,0 -89.21512,43.00643,0 -89.20922,43.00438,0 -89.20593,43.00326,0 -89.20287,43.00217,0 -89.1994,43.00099,0 -89.19619,42.99987,0 -89.19313,42.99893,0 -89.19016,42.99828,0 -89.18684,42.99784,0 -89.1837,42.99768,0 -89.1802,42.99779,0 -89.17676,42.99821,0 -89.17354,42.99885,0 -89.17009,42.99932,0 -89.16651,42.99925,0 -89.16311,42.9986,0 -89.15402,42.99659,0 -89.14862,42.99537,0 -89.14528,42.9946,0 -89.14234,42.99367,0 -89.13932,42.99234,0 -89.13656,42.99071,0 -89.13408,42.98884,0 -89.13079,42.98626,0 -89.12171,42.9792,0 -89.11924,42.97727,0 -89.11264,42.97209,0 -89.10621,42.96708,0 -89.10356,42.96502,0 -89.10129,42.96323,0 -89.09958,42.96109,0 -89.09886,42.95873,0 -89.09847,42.95623,0 -89.09783,42.95329,0 -89.09708,42.95073,0 -89.0961,42.94828,0 -89.09506,42.94613,0 -89.09248,42.94162,0 -89.08889,42.9354,0 -89.08751,42.93275,0 -89.08648,42.93005,0 -89.08588,42.92758,0 -89.08559,42.92522,0 -89.0856,42.92201,0 -89.08575,42.91779,0 -89.08578,42.91448,0 -89.08581,42.91194,0 -89.08534,42.9093,0 -89.08431,42.90673,0 -89.0816,42.90274,0 -89.07846,42.8984,0 -89.07588,42.89484,0 -89.07402,42.89246,0 -89.07204,42.89015,0 -89.07016,42.88807,0 -89.06778,42.88544,0 -89.06561,42.88304,0 -89.06335,42.88054,0 -89.06131,42.87828,0 -89.0589,42.87576,0 -89.05676,42.87382,0 -89.0546,42.87193,0 -89.0508,42.86859,0 -89.0485,42.86654,0 -89.04594,42.86404,0 -89.04192,42.86006,0 -89.03752,42.85571,0 -89.03554,42.85357,0 -89.03387,42.85113,0 -89.03273,42.84876,0 -89.03143,42.84497,0 -89.0303,42.84148,0 -89.02722,42.83214,0 -89.026,42.82841,0 -89.02506,42.82544,0 -89.02424,42.82247,0 -89.02344,42.81918,0 -89.02275,42.81651,0 -89.02162,42.81434,0 -89.01575,42.8097,0 -89.01351,42.80805,0 -89.01106,42.80637,0 -89.00892,42.80462,0 -89.00682,42.80225,0 -89.0054,42.79989,0 -89.00462,42.79729,0 -89.00456,42.7913,0 -89.00463,42.78889,0 -89.0047,42.78662,0 -89.00478,42.78146,0 -89.00487,42.77793,0 -89.00491,42.77539,0 -89.00497,42.77301,0 -89.005,42.7681,0 -89.00511,42.76508,0 -89.00517,42.76206,0 -89.00523,42.75846,0 -89.0053,42.75525,0 -89.00537,42.75221,0 -89.00543,42.74894,0 -89.00551,42.74572,0 -89.00556,42.74233,0 -89.00549,42.74002,0 -89.00488,42.73743,0 -89.00322,42.7343,0 -89.00135,42.73207,0 -88.9991,42.7302,0 -88.99601,42.72807,0 -88.99322,42.72611,0 -88.99094,42.72449,0 -88.98841,42.72268,0 -88.98653,42.72076,0 -88.98515,42.71853,0 -88.98443,42.71612,0 -88.98421,42.70668,0 -88.98415,42.7036,0 -88.98411,42.70047,0 -88.98405,42.69703,0 -88.98401,42.69238,0 -88.98387,42.68517,0 -88.98385,42.68285,0 -88.98378,42.6784,0 -88.98377,42.67512,0 -88.98374,42.67219,0 -88.98365,42.66705,0 -88.98358,42.6626,0 -88.98352,42.65832,0 -88.98333,42.65011,0 -88.98322,42.6454,0 -88.9831,42.63989,0 -88.98291,42.63311,0 -88.98284,42.62974,0 -88.98267,42.62336,0 -88.98245,42.61493,0 -88.98238,42.61121,0 -88.98224,42.60463,0 -88.98212,42.59853,0 -88.98207,42.59595,0 -88.98188,42.58921,0 -88.98175,42.58417,0 -88.9815,42.5731,0 -88.9814,42.57074,0 -88.98091,42.56828,0 -88.98001,42.56609,0 -88.9789,42.56379,0 -88.97626,42.55822,0 -88.97539,42.55594,0 -88.97498,42.55357,0 -88.97498,42.55128,0 -88.97505,42.54664,0 -88.97499,42.544,0 -88.97488,42.54089,0 -88.97494,42.53765,0 -88.97499,42.5342,0 -88.97505,42.53112,0 -88.97509,42.52823,0 -88.97513,42.52573,0 -88.9752,42.52066,0 -88.97549,42.51834,0 -88.97647,42.51599,0 -88.97823,42.51383,0 -88.98137,42.51078,0 -88.98886,42.50357,0 -88.99082,42.50141,0 -88.9921,42.49886,0 -88.99299,42.49597,0 -88.99413,42.49236,0 -88.99485,42.48932,0 -88.99518,42.48642,0 -88.99522,42.48412,0 -88.99522,42.47623,0 -88.99518,42.46289,0 -88.99517,42.45922,0 -88.99517,42.45535,0 -88.99507,42.45251,0 -88.99442,42.44983,0 -88.99315,42.44662,0 -88.99215,42.44391,0 -88.99117,42.44085,0 -88.98996,42.43742,0 -88.98898,42.43473,0 -88.98781,42.43152,0 -88.98661,42.4284,0 -88.98582,42.42535,0 -88.98574,42.42298,0 -88.9857,42.41876,0 -88.98563,42.41122,0 -88.98522,42.40829,0 -88.98368,42.40512,0 -88.98074,42.40004,0 -88.97645,42.39258,0 -88.97496,42.38971,0 -88.97401,42.3874,0 -88.97053,42.37933,0 -88.96688,42.37085,0 -88.96544,42.36725,0 -88.96455,42.36358,0 -88.96422,42.35918,0 -88.96436,42.35139,0 -88.96441,42.34189,0 -88.96453,42.33336,0 -88.96462,42.32398,0 -88.96468,42.3179,0 -88.96475,42.31231,0 -88.96485,42.30382,0 -88.96498,42.28971,0 -88.96495,42.28034,0 -88.96493,42.27514,0 -88.96495,42.27136,0 -88.96495,42.26629,0 -88.96495,42.25917,0 -88.96503,42.2553,0 -88.96466,42.25275,0 -88.96335,42.25054,0 -88.96113,42.24873,0 -88.95832,42.24755,0 -88.95509,42.24699,0 -88.95077,42.24701,0 -88.94479,42.24709,0 -88.9409,42.24712,0 -88.93729,42.24716,0 -88.93392,42.24697,0 -88.93077,42.24641,0 -88.92768,42.24548,0 -88.92489,42.24423,0 -88.92156,42.24213,0 -88.91303,42.2365,0 -88.91033,42.2351,0 -88.90696,42.23393,0 -88.90392,42.23329,0 -88.90046,42.23297,0 -88.89558,42.233,0 -88.87456,42.23318,0 -88.86728,42.23324,0 -88.85616,42.23332,0 -88.84916,42.23338,0 -88.84568,42.23341,0 -88.83934,42.23346,0 -88.83468,42.2335,0 -88.8313,42.23354,0 -88.82708,42.23358,0 -88.82216,42.2336,0 -88.81598,42.23365,0 -88.80859,42.23369,0 -88.8037,42.23369,0 -88.79903,42.23368,0 -88.79594,42.23365,0 -88.78816,42.23363,0 -88.78492,42.23323,0 -88.78123,42.232,0 -88.77339,42.22884,0 -88.76578,42.22582,0 -88.75844,42.22284,0 -88.75307,42.22069,0 -88.74543,42.21827,0 -88.74038,42.21679,0 -88.73631,42.21559,0 -88.72347,42.21181,0 -88.71847,42.21032,0 -88.70717,42.207,0 -88.67556,42.19753,0 -88.67218,42.19639,0 -88.66796,42.19496,0 -88.65971,42.19216,0 -88.64881,42.18837,0 -88.64016,42.18537,0 -88.63518,42.18364,0 -88.61983,42.17824,0 -88.61667,42.17712,0 -88.61127,42.17521,0 -88.60609,42.1734,0 -88.60045,42.17142,0 -88.59677,42.17012,0 -88.59379,42.1691,0 -88.59078,42.16789,0 -88.58772,42.16685,0 -88.58403,42.16562,0 -88.57857,42.16378,0 -88.57482,42.16244,0 -88.57114,42.16122,0 -88.5649,42.15935,0 -88.56188,42.15845,0 -88.55746,42.15715,0 -88.55427,42.1562,0 -88.55117,42.15528,0 -88.54654,42.15391,0 -88.54078,42.1522,0 -88.53546,42.15065,0 -88.51828,42.14554,0 -88.51541,42.14468,0 -88.50975,42.14325,0 -88.50637,42.14241,0 -88.48193,42.13633,0 -88.47201,42.13384,0 -88.4691,42.13312,0 -88.4659,42.13231,0 -88.46007,42.13088,0 -88.45579,42.12981,0 -88.45234,42.12894,0 -88.44346,42.12672,0 -88.44009,42.12563,0 -88.43609,42.12377,0 -88.4333,42.12242,0 -88.42966,42.12062,0 -88.426,42.11884,0 -88.42259,42.11722,0 -88.41994,42.11589,0 -88.41563,42.1138,0 -88.412,42.11205,0 -88.40753,42.10989,0 -88.40423,42.10833,0 -88.40041,42.10691,0 -88.39675,42.10567,0 -88.39217,42.10416,0 -88.38768,42.10267,0 -88.38484,42.10173,0 -88.38034,42.10022,0 -88.37664,42.09869,0 -88.37384,42.09746,0 -88.37028,42.09589,0 -88.36665,42.09428,0 -88.36376,42.09302,0 -88.36005,42.09138,0 -88.35489,42.0891,0 -88.35219,42.08792,0 -88.34593,42.08518,0 -88.33977,42.08246,0 -88.3367,42.08113,0 -88.33131,42.07878,0 -88.31933,42.07354,0 -88.31664,42.07247,0 -88.31298,42.07148,0 -88.30668,42.07022,0 -88.30268,42.06942,0 -88.29912,42.06872,0 -88.2957,42.06805,0 -88.29173,42.06722,0 -88.28793,42.06654,0 -88.28439,42.06635,0 -88.27784,42.06636,0 -88.27329,42.06636,0 -88.26835,42.06634,0 -88.26163,42.06631,0 -88.25362,42.06632,0 -88.2421,42.06639,0 -88.22989,42.0664,0 -88.22144,42.06641,0 -88.21159,42.0665,0 -88.20403,42.06649,0 -88.19339,42.06645,0 -88.18786,42.06647,0 -88.1592,42.06648,0 -88.1549,42.06646,0 -88.1479,42.06649,0 -88.13435,42.06649,0 -88.12913,42.06653,0 -88.11618,42.06648,0 -88.10511,42.06648,0 -88.10163,42.06641,0 -88.09704,42.0659,0 -88.09263,42.06536,0 -88.08796,42.06479,0 -88.0836,42.06426,0 -88.0797,42.06377,0 -88.07211,42.06287,0 -88.06824,42.06227,0 -88.06436,42.0618,0 -88.05052,42.06022,0 -88.04693,42.05976,0 -88.03019,42.0577,0 -88.02533,42.05712,0 -88.02173,42.05652,0 -88.01706,42.05532,0 -88.01418,42.05437,0 -88.01109,42.05313,0 -88.00747,42.0515,0 -88.00432,42.05006,0 -88.00156,42.04879,0 -87.9988,42.04751,0 -87.99616,42.04628,0 -87.9907,42.04373,0 -87.98404,42.04061,0 -87.97696,42.03721,0 -87.97331,42.03506,0 -87.97001,42.0327,0 -87.96017,42.02527,0 -87.95686,42.02278,0 -87.95419,42.02112,0 -87.95057,42.02007,0 -87.94689,42.01923,0 -87.94344,42.01838,0 -87.9409,42.01701,0 -87.94048,42.01469,0 -87.94043,42.01238,0 -87.94038,42.00991,0 -87.93836,42.00802,0 -87.93467,42.00811,0 -87.93068,42.00817,0 -87.92745,42.00824,0 -87.92333,42.00833,0 -87.92021,42.00841,0 -87.91686,42.00858,0 -87.9132,42.00872,0 -87.90998,42.00873,0 -87.90686,42.00886,0 -87.90229,42.00904,0 -87.89886,42.00916,0 -87.89575,42.00916,0 -87.89421,42.00694,0 -87.8942,42.00461,0 -87.89419,42.0023,0 -87.89331,42.00003,0 -87.89041,41.99937,0 -87.88744,41.99884,0 -87.88464,41.99789,0 -87.88464,41.99516,0 -87.88578,41.99235,0 -87.88574,41.98927,0 -87.88573,41.98588,0 -87.88572,41.98334,0 -87.88576,41.98058,0 -87.88573,41.97786,0 -87.88796,41.97618,0 -87.89108,41.97615,0 -87.88904,41.97439,0 -87.88608,41.975,0 -87.88413,41.97673,0 -87.88269,41.97886,0 -87.87942,41.97781,0 -87.87854,41.97505,0 -87.87771,41.9726,0 -87.87697,41.97006,0 -87.87651,41.96764,0 -87.87524,41.9656,0 -87.87204,41.96567,0 -87.86854,41.96574,0 -87.86507,41.96582,0 -87.86196,41.96588,0 -87.86139,41.9631,0 -87.86099,41.95956,0 -87.86056,41.95708,0 -87.85808,41.95502,0 -87.85654,41.95296,0 -87.85616,41.95027,0 -87.85588,41.94779,0 -87.85512,41.94539,0 -87.85404,41.9428,0 -87.85293,41.94069,0 -87.85164,41.93846,0 -87.85002,41.93545,0 -87.8491,41.93327,0 -87.84695,41.93092,0 -87.84412,41.92994,0 -87.84094,41.92945,0 -87.83749,41.92891,0 -87.8337,41.92832,0 -87.83062,41.92784,0 -87.82714,41.92728,0 -87.82387,41.92677,0 -87.81985,41.92617,0 -87.81673,41.92567,0 -87.81373,41.92517,0 -87.81045,41.92466,0 -87.80737,41.92418,0 -87.80617,41.92159,0 -87.80606,41.91811,0 -87.80599,41.91575,0 -87.80591,41.91342,0 -87.80584,41.91113,0 -87.80576,41.90878,0 -87.80564,41.90521,0 -87.80554,41.90251,0 -87.80544,41.89972,0 -87.80536,41.89744,0 -87.80526,41.8947,0 -87.80202,41.89428,0 -87.79859,41.89433,0 -87.79551,41.89439,0 -87.79143,41.89446,0 -87.78827,41.89451,0 -87.78514,41.89455,0 -87.78209,41.8946,0 -87.77887,41.89466,0 -87.77579,41.89471,0 -87.77256,41.89475,0 -87.76904,41.8948,0 -87.76601,41.89484,0 -87.76283,41.89487,0 -87.75978,41.8949,0 -87.75672,41.89492,0 -87.75327,41.89496,0 -87.74981,41.89493,0 -87.74674,41.89496,0 -87.74364,41.89505,0 -87.73966,41.89512,0 -87.73652,41.89518,0 -87.73347,41.89523,0 -87.73038,41.89529,0 -87.72731,41.89535,0 -87.72615,41.89756,0 -87.72624,41.90078,0 -87.72631,41.90305,0 -87.72638,41.90538,0 -87.72646,41.90766,0 -87.72541,41.90985,0 -87.72178,41.9099,0 -87.71802,41.90994,0 -87.71494,41.90998,0 -87.71188,41.91002,0 -87.70845,41.91006,0 -87.70462,41.91011,0 -87.70152,41.91014,0 -87.69801,41.91018,0 -87.69466,41.91022,0 -87.69099,41.91025,0 -87.68774,41.91028,0 -87.68468,41.91037,0 -87.68063,41.91043,0 -87.67748,41.91049,0 -87.67442,41.91054,0 -87.67136,41.91057,0 -87.66821,41.91063,0 -87.66501,41.91067,0 -87.66156,41.91072,0 -87.65759,41.91078,0 -87.65421,41.91083,0 -87.65112,41.91088,0 -87.64778,41.91093,0 -87.64436,41.91096,0 -87.64112,41.91101,0 -87.63763,41.91105,0 -87.63458,41.91109,0 -87.63293,41.91301,0 -87.62984,41.9128,0 -87.62681,41.91253,0 -87.62595,41.91004,0 -87.62486,41.90491,0 -87.62411,41.90257,0 -87.62133,41.90126,0 -87.61878,41.89966,0 -87.61697,41.89696,0 -87.61547,41.89475,0 -87.61421,41.89254,0 -87.61424,41.89013,0 -87.61417,41.88786,0 -87.61408,41.88548,0 -87.6157,41.88339,0 -87.61749,41.8815,0 -87.6206,41.88088,0 -87.6241,41.88084,0 -87.62101,41.88088,0 -87.62071,41.87845,0 -87.62063,41.87596,0 -87.6206,41.87334,0 -87.62056,41.87059,0 -87.62048,41.86826,0 -87.62002,41.86601,0 -87.61706,41.865,0 -87.61401,41.86504,0 -87.61028,41.86616,0 -87.61345,41.86642,0 -87.61642,41.86501,0 -87.61947,41.86496,0 -87.61879,41.86269,0 -87.61773,41.86006,0 -87.61672,41.85787,0 -87.61566,41.85546,0 -87.61473,41.85322,0 -87.61325,41.8499,0 -87.61223,41.84746,0 -87.61127,41.84489,0 -87.60976,41.84116,0 -87.60863,41.83854,0 -87.60812,41.83604,0 -87.60773,41.83364,0 -87.60639,41.8315,0 -87.6048,41.82949,0 -87.60203,41.82718,0 -87.60242,41.82467,0 -87.60557,41.82438,0 -87.60685,41.82213,0 -87.60678,41.81956,0 -87.60672,41.81707,0 -87.60667,41.8148,0 -87.60661,41.81182,0 -87.60657,41.80953,0 -87.60651,41.8072,0 -87.60646,41.80419,0 -87.6064,41.80182,0 -87.60634,41.79952,0 -87.6063,41.79727,0 -87.60625,41.79497,0 -87.60619,41.79269,0 -87.60374,41.79135,0 -87.60127,41.78968,0 -87.60122,41.78737,0 -87.60426,41.78715,0 -87.60603,41.78524,0 -87.60597,41.78232,0 -87.60591,41.77996,0 -87.60586,41.77708,0 -87.6058,41.77469,0 -87.60575,41.77242,0 -87.60568,41.76996,0 -87.60563,41.7676,0 -87.60556,41.76514,0 -87.60549,41.76236,0 -87.60235,41.76134,0 -87.59846,41.75882,0 -87.5949,41.75626,0 -87.59138,41.75372,0 -87.58841,41.75158,0 -87.5861,41.74992,0 -87.58338,41.74796,0 -87.58057,41.74595,0 -87.57811,41.74421,0 -87.57569,41.74249,0 -87.57343,41.74083,0 -87.57101,41.73902,0 -87.56865,41.73726,0 -87.56636,41.73539,0 -87.56414,41.73369,0 -87.56124,41.7321,0 -87.55783,41.72964,0 -87.5538,41.72675,0 -87.55141,41.72503,0 -87.54942,41.7233,0 -87.54741,41.72114,0 -87.54524,41.71928,0 -87.5415,41.71672,0 -87.53874,41.71512,0 -87.53602,41.71381,0 -87.53377,41.71194,0 -87.53085,41.70926,0 -87.52809,41.70671,0 -87.52596,41.70464,0 -87.52422,41.70272,0 -87.52272,41.70065,0 -87.52214,41.6981,0 -87.52216,41.6957,0 -87.52224,41.69194,0 -87.52224,41.68938,0 -87.52238,41.68708,0 -87.52228,41.68468,0 -87.5225,41.68209,0 -87.52273,41.67975,0 -87.52275,41.67732,0 -87.52237,41.67473,0 -87.52167,41.67249,0 -87.52011,41.66802,0 -87.51869,41.66399,0 -87.51776,41.66127,0 -87.5169,41.6589,0 -87.51613,41.65671,0 -87.51519,41.65401,0 -87.51428,41.65185,0 -87.51305,41.64973,0 -87.51153,41.64773,0 -87.50925,41.64529,0 -87.50746,41.64336,0 -87.50637,41.64099,0 -87.50626,41.63829,0 -87.50614,41.63581,0 -87.50506,41.63366,0 -87.5029,41.63189,0 -87.4994,41.62982,0 -87.49677,41.62826,0 -87.49422,41.62674,0 -87.49215,41.62496,0 -87.49088,41.62183,0 -87.49033,41.61954,0 -87.48905,41.61727,0 -87.48656,41.61543,0 -87.48182,41.61317,0 -87.47924,41.61195,0 -87.47643,41.61104,0 -87.47132,41.61084,0 -87.46744,41.61081,0 -87.4622,41.61077,0 -87.45821,41.61075,0 -87.45267,41.61071,0 -87.44921,41.61068,0 -87.44588,41.61065,0 -87.44136,41.61053,0 -87.43551,41.61036,0 -87.43118,41.61023,0 -87.42741,41.61012,0 -87.42342,41.60983,0 -87.41573,41.60905,0 -87.41219,41.60856,0 -87.40836,41.60793,0 -87.40501,41.60739,0 -87.4017,41.60699,0 -87.39846,41.60698,0 -87.39497,41.60737,0 -87.39106,41.60805,0 -87.38598,41.60895,0 -87.38251,41.60948,0 -87.37924,41.60965,0 -87.37308,41.60944,0 -87.36805,41.60927,0 -87.36472,41.60915,0 -87.35806,41.60892,0 -87.35448,41.60878,0 -87.35138,41.60842,0 -87.34832,41.6077,0 -87.3449,41.60661,0 -87.3417,41.60577,0 -87.33862,41.6052,0 -87.33523,41.60474,0 -87.33203,41.60413,0 -87.32902,41.60347,0 -87.3248,41.6031,0 -87.31726,41.60279,0 -87.31412,41.60261,0 -87.31121,41.60187,0 -87.3085,41.60039,0 -87.30658,41.59839,0 -87.30558,41.59601,0 -87.30492,41.59135,0 -87.30411,41.589,0 -87.30236,41.58699,0 -87.2995,41.5855,0 -87.29649,41.58492,0 -87.29272,41.58532,0 -87.28772,41.5868,0 -87.28432,41.58772,0 -87.28069,41.58845,0 -87.27771,41.58885,0 -87.27295,41.58937,0 -87.26965,41.58973,0 -87.26494,41.59024,0 -87.25951,41.59083,0 -87.25426,41.5914,0 -87.24869,41.59201,0 -87.24384,41.59252,0 -87.24084,41.59277,0 -87.2374,41.59286,0 -87.23438,41.59229,0 -87.23326,41.58945,0 -87.23212,41.58688,0 -87.23028,41.58503,0 -87.22851,41.58689,0 -87.22424,41.58979,0 -87.2205,41.59196,0 -87.21581,41.5947,0 -87.21312,41.59609,0 -87.21018,41.59699,0 -87.19795,41.59923,0 -87.19344,41.60006,0 -87.18999,41.6007,0 -87.18612,41.6014,0 -87.18287,41.60189,0 -87.17457,41.60193,0 -87.16754,41.60182,0 -87.16437,41.60177,0 -87.1557,41.60164,0 -87.15107,41.60158,0 -87.14804,41.60174,0 -87.14458,41.60234,0 -87.14173,41.6032,0 -87.13768,41.60477,0 -87.13493,41.60582,0 -87.13147,41.60675,0 -87.12784,41.60713,0 -87.12408,41.60714,0 -87.11946,41.60712,0 -87.11474,41.60711,0 -87.10968,41.60709,0 -87.10527,41.60708,0 -87.10216,41.60715,0 -87.09873,41.6076,0 -87.09547,41.60847,0 -87.09246,41.60973,0 -87.08947,41.61153,0 -87.08561,41.61431,0 -87.08254,41.61652,0 -87.07754,41.62013,0 -87.07481,41.62201,0 -87.07182,41.62327,0 -87.06872,41.62382,0 -87.06165,41.62405,0 -87.05695,41.6242,0 -87.0528,41.62432,0 -87.0459,41.62454,0 -87.04023,41.6247,0 -87.03437,41.62489,0 -87.03113,41.625,0 -87.0274,41.62552,0 -87.02397,41.62649,0 -87.02083,41.62788,0 -87.01004,41.63392,0 -87.00616,41.63609,0 -87.00185,41.63851,0 -86.99364,41.6431,0 -86.98742,41.64658,0 -86.98418,41.64838,0 -86.98097,41.65019,0 -86.97619,41.65286,0 -86.97141,41.65554,0 -86.96861,41.65688,0 -86.96583,41.65779,0 -86.96234,41.65847,0 -86.95889,41.65869,0 -86.94855,41.6586,0 -86.93109,41.65846,0 -86.91642,41.65833,0 -86.90138,41.65821,0 -86.89427,41.65815,0 -86.88811,41.65808,0 -86.88054,41.65802,0 -86.87699,41.65808,0 -86.87405,41.6586,0 -86.87067,41.65988,0 -86.86797,41.66171,0 -86.86465,41.66462,0 -86.8599,41.6688,0 -86.85753,41.67085,0 -86.85523,41.67234,0 -86.85179,41.67362,0 -86.84627,41.67451,0 -86.84001,41.67539,0 -86.83482,41.67612,0 -86.83172,41.67672,0 -86.82902,41.67775,0 -86.81633,41.68528,0 -86.81408,41.68691,0 -86.81236,41.6889,0 -86.81123,41.69126,0 -86.81042,41.69353,0 -86.80882,41.69807,0 -86.80749,41.70176,0 -86.80658,41.70439,0 -86.80591,41.7069,0 -86.80572,41.71276,0 -86.8057,41.71543,0 -86.80569,41.71807,0 -86.80562,41.72094,0 -86.80501,41.72357,0 -86.80366,41.72585,0 -86.80158,41.72785,0 -86.77644,41.74382,0 -86.77134,41.74705,0 -86.75762,41.75573,0 -86.75276,41.7588,0 -86.74611,41.76305,0 -86.74386,41.76468,0 -86.74087,41.76691,0 -86.73564,41.77082,0 -86.73269,41.77303,0 -86.72782,41.77669,0 -86.7239,41.77958,0 -86.72199,41.78138,0 -86.71942,41.78403,0 -86.7179,41.78603,0 -86.7164,41.78803,0 -86.71438,41.7904,0 -86.71083,41.7934,0 -86.70801,41.79673,0 -86.70646,41.79876,0 -86.70475,41.80099,0 -86.70177,41.80484,0 -86.69957,41.80775,0 -86.69674,41.81141,0 -86.69465,41.81392,0 -86.69188,41.81663,0 -86.68879,41.81903,0 -86.6858,41.82094,0 -86.67994,41.82433,0 -86.67732,41.82581,0 -86.6728,41.82839,0 -86.66911,41.83047,0 -86.6599,41.83569,0 -86.65292,41.83971,0 -86.64495,41.8442,0 -86.63811,41.84799,0 -86.6356,41.84938,0 -86.62759,41.85384,0 -86.62098,41.85753,0 -86.61366,41.86156,0 -86.60681,41.86539,0 -86.60337,41.86838,0 -86.60197,41.8709,0 -86.60144,41.87756,0 -86.60136,41.88024,0 -86.60133,41.88293,0 -86.60099,41.88528,0 -86.59995,41.88751,0 -86.59414,41.89424,0 -86.58744,41.90182,0 -86.58371,41.90606,0 -86.57994,41.91035,0 -86.57385,41.9173,0 -86.57197,41.91945,0 -86.57045,41.92222,0 -86.57003,41.9249,0 -86.57073,41.9282,0 -86.57166,41.93072,0 -86.57216,41.93323,0 -86.57148,41.93589,0 -86.5694,41.93914,0 -86.56698,41.94286,0 -86.56093,41.9523,0 -86.55758,41.95751,0 -86.55503,41.96148,0 -86.55325,41.96425,0 -86.55094,41.9678,0 -86.5491,41.97064,0 -86.54684,41.97418,0 -86.54536,41.97636,0 -86.54389,41.97894,0 -86.54269,41.98171,0 -86.54085,41.98682,0 -86.54003,41.98908,0 -86.5387,41.9927,0 -86.53738,41.99634,0 -86.53605,41.99995,0 -86.53413,42.00527,0 -86.53313,42.00807,0 -86.53256,42.01081,0 -86.53244,42.01444,0 -86.53238,42.01805,0 -86.53179,42.02029,0 -86.53006,42.02229,0 -86.52756,42.02372,0 -86.52377,42.02571,0 -86.51962,42.02793,0 -86.51631,42.02967,0 -86.51344,42.0313,0 -86.51061,42.03312,0 -86.50817,42.03471,0 -86.50499,42.03698,0 -86.50221,42.03937,0 -86.49253,42.04802,0 -86.49034,42.04996,0 -86.48803,42.0515,0 -86.48536,42.05261,0 -86.48145,42.05347,0 -86.47558,42.05477,0 -86.47209,42.05552,0 -86.46632,42.05677,0 -86.46323,42.05744,0 -86.45821,42.05852,0 -86.45446,42.05947,0 -86.45176,42.06053,0 -86.4481,42.06237,0 -86.43701,42.06795,0 -86.43649,42.07017,0 -86.43651,42.07255,0 -86.43654,42.07575,0 -86.43657,42.07812,0 -86.43659,42.08049,0 -86.43661,42.08284,0 -86.43661,42.08519,0 -86.43642,42.08756,0 -86.43634,42.08986,0 -86.43582,42.09232,0 -86.43631,42.09003,0 -86.43642,42.08761,0 -86.43316,42.08709,0 -86.42991,42.0871,0 -86.42692,42.0882,0 -86.42414,42.08939,0 -86.42112,42.09037,0 -86.41723,42.0906,0 -86.41361,42.09064,0 -86.41053,42.09067,0 -86.40795,42.0919,0 -86.40428,42.09825,0 -86.40211,42.10171,0 -86.39981,42.10539,0 -86.39676,42.11029,0 -86.39427,42.11427,0 -86.3929,42.11644,0 -86.39125,42.1185,0 -86.38931,42.12029,0 -86.38641,42.12228,0 -86.38358,42.12415,0 -86.37953,42.12683,0 -86.36935,42.13357,0 -86.365,42.13676,0 -86.36236,42.13873,0 -86.3597,42.14062,0 -86.35705,42.14233,0 -86.35416,42.14418,0 -86.35011,42.14704,0 -86.34777,42.14873,0 -86.34489,42.15079,0 -86.34075,42.15378,0 -86.33809,42.1557,0 -86.33514,42.15796,0 -86.33038,42.16177,0 -86.32689,42.1646,0 -86.32237,42.16825,0 -86.31932,42.17072,0 -86.31682,42.17246,0 -86.31366,42.17394,0 -86.31041,42.17496,0 -86.30742,42.17553,0 -86.2996,42.17601,0 -86.29581,42.17623,0 -86.29213,42.17643,0 -86.289,42.17661,0 -86.28157,42.17703,0 -86.27504,42.17737,0 -86.27147,42.17756,0 -86.26403,42.17797,0 -86.25901,42.17824,0 -86.25301,42.17857,0 -86.2479,42.17885,0 -86.24469,42.17907,0 -86.24131,42.1795,0 -86.23476,42.18084,0 -86.23095,42.18167,0 -86.22282,42.18344,0 -86.21976,42.18412,0 -86.21648,42.18483,0 -86.20897,42.18648,0 -86.20336,42.18771,0 -86.19872,42.18859,0 -86.19335,42.18935,0 -86.18781,42.18997,0 -86.18435,42.19035,0 -86.18,42.19083,0 -86.17598,42.19128,0 -86.1699,42.19195,0 -86.16629,42.19232,0 -86.16107,42.19269,0 -86.1568,42.19297,0 -86.15192,42.1933,0 -86.1482,42.19351,0 -86.14385,42.1936,0 -86.13156,42.19354,0 -86.12797,42.19352,0 -86.11947,42.19347,0 -86.11628,42.19359,0 -86.11294,42.19412,0 -86.10963,42.19499,0 -86.10577,42.19607,0 -86.10219,42.19694,0 -86.09815,42.19736,0 -86.09153,42.19727,0 -86.08538,42.19714,0 -86.07579,42.19695,0 -86.07019,42.19684,0 -86.06471,42.19673,0 -86.06132,42.19666,0 -86.05664,42.19657,0 -86.05166,42.19647,0 -86.04696,42.19638,0 -86.04215,42.19628,0 -86.03844,42.1962,0 -86.03472,42.19613,0 -86.03139,42.19584,0 -86.02551,42.19452,0 -86.02013,42.19319,0 -86.01474,42.19186,0 -86.00922,42.19051,0 -86.00577,42.18989,0 -86.00228,42.1897,0 -85.99907,42.18992,0 -85.99557,42.19058,0 -85.99134,42.1918,0 -85.98645,42.19323,0 -85.98187,42.19455,0 -85.97588,42.19632,0 -85.97034,42.19794,0 -85.96651,42.19906,0 -85.96211,42.20034,0 -85.95876,42.20132,0 -85.95423,42.20265,0 -85.95037,42.20377,0 -85.94741,42.20438,0 -85.94428,42.20465,0 -85.93943,42.20465,0 -85.93599,42.20466,0 -85.9271,42.20467,0 -85.92055,42.20485,0 -85.91748,42.20498,0 -85.91007,42.20529,0 -85.90565,42.20545,0 -85.90209,42.20559,0 -85.89896,42.20573,0 -85.89481,42.20589,0 -85.88965,42.2061,0 -85.88614,42.20624,0 -85.88266,42.20665,0 -85.87963,42.20737,0 -85.87651,42.20852,0 -85.87181,42.21051,0 -85.86893,42.21175,0 -85.86494,42.21346,0 -85.86128,42.21503,0 -85.85832,42.21621,0 -85.85498,42.21711,0 -85.84751,42.21791,0 -85.84005,42.2185,0 -85.83392,42.21898,0 -85.83057,42.21925,0 -85.82533,42.21967,0 -85.81803,42.22026,0 -85.81365,42.2206,0 -85.80938,42.22095,0 -85.80444,42.22134,0 -85.79978,42.22171,0 -85.79503,42.22209,0 -85.79062,42.22242,0 -85.78737,42.22268,0 -85.78387,42.22284,0 -85.78051,42.22286,0 -85.77588,42.2229,0 -85.77059,42.22292,0 -85.7673,42.22294,0 -85.76262,42.22295,0 -85.75593,42.22299,0 -85.74997,42.22302,0 -85.74242,42.22305,0 -85.73889,42.22326,0 -85.73508,42.224,0 -85.73176,42.22513,0 -85.7282,42.22658,0 -85.7237,42.22844,0 -85.7111,42.23361,0 -85.70593,42.23572,0 -85.70238,42.23685,0 -85.69929,42.2374,0 -85.69609,42.2376,0 -85.69284,42.23759,0 -85.68684,42.23756,0 -85.67793,42.23752,0 -85.67144,42.23749,0 -85.66631,42.23754,0 -85.66247,42.23759,0 -85.65712,42.23766,0 -85.65308,42.23772,0 -85.64913,42.23783,0 -85.64546,42.23789,0 -85.64119,42.23794,0 -85.63715,42.23792,0 -85.62987,42.23787,0 -85.61979,42.23781,0 -85.60864,42.23773,0 -85.60433,42.23764,0 -85.59893,42.23743,0 -85.5901,42.23678,0 -85.58664,42.23659,0 -85.58252,42.23677,0 -85.57899,42.23737,0 -85.57608,42.23822,0 -85.57274,42.23963,0 -85.56802,42.24183,0 -85.56497,42.2432,0 -85.56178,42.24439,0 -85.55548,42.2466,0 -85.54877,42.24899,0 -85.54568,42.25008,0 -85.54225,42.25146,0 -85.53949,42.25308,0 -85.53704,42.25483,0 -85.53389,42.2571,0 -85.53037,42.25963,0 -85.52764,42.26154,0 -85.52387,42.26394,0 -85.52086,42.26579,0 -85.5182,42.26742,0 -85.51543,42.26868,0 -85.51241,42.26933,0 -85.50879,42.26945,0 -85.50331,42.26951,0 -85.49882,42.26957,0 -85.49546,42.26961,0 -85.49213,42.26973,0 -85.48746,42.27016,0 -85.48354,42.27055,0 -85.48048,42.27069,0 -85.47708,42.27065,0 -85.47399,42.27045,0 -85.46959,42.27011,0 -85.46558,42.2698,0 -85.46084,42.26943,0 -85.45774,42.26926,0 -85.4544,42.26924,0 -85.45056,42.2694,0 -85.44707,42.26971,0 -85.44327,42.27026,0 -85.43955,42.27099,0 -85.43454,42.27228,0 -85.43036,42.2734,0 -85.42638,42.27424,0 -85.42187,42.27498,0 -85.41687,42.27581,0 -85.40074,42.27848,0 -85.39773,42.27898,0 -85.39124,42.28005,0 -85.38746,42.28068,0 -85.38404,42.28113,0 -85.38091,42.28143,0 -85.3751,42.28178,0 -85.37096,42.28204,0 -85.36632,42.2822,0 -85.36081,42.28224,0 -85.3566,42.28228,0 -85.35179,42.28232,0 -85.34801,42.28219,0 -85.34176,42.28112,0 -85.33683,42.28019,0 -85.3256,42.27807,0 -85.31706,42.27649,0 -85.3124,42.2756,0 -85.30297,42.2738,0 -85.29723,42.27272,0 -85.294,42.27211,0 -85.29062,42.27148,0 -85.28749,42.27088,0 -85.28373,42.27018,0 -85.2727,42.2681,0 -85.26742,42.2671,0 -85.26247,42.26616,0 -85.25883,42.26556,0 -85.25564,42.26524,0 -85.2524,42.2651,0 -85.24886,42.26507,0 -85.24249,42.26506,0 -85.23759,42.26505,0 -85.23204,42.26502,0 -85.22837,42.26499,0 -85.22519,42.26483,0 -85.22076,42.26434,0 -85.21693,42.26391,0 -85.20841,42.26292,0 -85.20471,42.26249,0 -85.20146,42.26212,0 -85.19833,42.26181,0 -85.19502,42.26182,0 -85.19103,42.26234,0 -85.18772,42.26324,0 -85.18482,42.26445,0 -85.18226,42.26591,0 -85.17837,42.2682,0 -85.17582,42.2697,0 -85.17303,42.27132,0 -85.16958,42.27338,0 -85.16717,42.27479,0 -85.16447,42.27638,0 -85.15996,42.27903,0 -85.15695,42.28079,0 -85.15455,42.28221,0 -85.15181,42.2836,0 -85.14894,42.28455,0 -85.14593,42.28504,0 -85.14021,42.28544,0 -85.13388,42.28581,0 -85.13041,42.28607,0 -85.12551,42.2864,0 -85.12212,42.28674,0 -85.11859,42.28756,0 -85.11556,42.28868,0 -85.11153,42.29033,0 -85.10816,42.29172,0 -85.10347,42.29368,0 -85.10041,42.29484,0 -85.09633,42.2961,0 -85.09277,42.29714,0 -85.08894,42.29826,0 -85.08594,42.29914,0 -85.08289,42.29972,0 -85.07947,42.29986,0 -85.07643,42.29953,0 -85.07056,42.29853,0 -85.06699,42.298,0 -85.06384,42.29774,0 -85.0605,42.29763,0 -85.05199,42.29756,0 -85.04788,42.29754,0 -85.04303,42.29749,0 -85.03813,42.29747,0 -85.0234,42.29738,0 -85.01747,42.29734,0 -85.00865,42.29728,0 -85.0056,42.29723,0 -85.00152,42.2971,0 -84.99755,42.29704,0 -84.9945,42.29654,0 -84.99602,42.29887,0 -84.99552,42.30247,0 -84.9952,42.30477,0 -84.99427,42.31074,0 -84.99295,42.31861,0 -84.99241,42.32165,0 -84.9918,42.32398,0 -84.99075,42.32667,0 -84.98938,42.32914,0 -84.9879,42.33126,0 -84.98624,42.33352,0 -84.98413,42.33645,0 -84.98273,42.33884,0 -84.9818,42.34116,0 -84.98123,42.34384,0 -84.98106,42.3464,0 -84.98104,42.35124,0 -84.98099,42.35444,0 -84.98093,42.35958,0 -84.98077,42.36209,0 -84.9802,42.36447,0 -84.97901,42.36731,0 -84.97773,42.36942,0 -84.97506,42.37261,0 -84.97334,42.37451,0 -84.97095,42.37719,0 -84.9693,42.37945,0 -84.96808,42.38167,0 -84.96713,42.38445,0 -84.96668,42.38711,0 -84.96678,42.39054,0 -84.96783,42.3958,0 -84.96841,42.39883,0 -84.96873,42.40172,0 -84.96865,42.40407,0 -84.96782,42.40775,0 -84.96692,42.41001,0 -84.96534,42.41273,0 -84.96136,42.41753,0 -84.95976,42.41949,0 -84.95799,42.42211,0 -84.9568,42.42437,0 -84.95554,42.42749,0 -84.95458,42.43066,0 -84.95386,42.43292,0 -84.95114,42.44149,0 -84.95031,42.44397,0 -84.94955,42.44628,0 -84.94809,42.44896,0 -84.94639,42.45102,0 -84.94398,42.45307,0 -84.94144,42.45462,0 -84.93833,42.45596,0 -84.92986,42.45806,0 -84.92669,42.4588,0 -84.92131,42.46004,0 -84.9142,42.46165,0 -84.91081,42.46241,0 -84.90729,42.4633,0 -84.90371,42.46474,0 -84.90082,42.46643,0 -84.89856,42.46795,0 -84.89547,42.46995,0 -84.89149,42.47234,0 -84.88863,42.47384,0 -84.88588,42.47533,0 -84.88307,42.47707,0 -84.87958,42.47992,0 -84.87776,42.48178,0 -84.87584,42.48375,0 -84.87352,42.48591,0 -84.87124,42.48779,0 -84.86911,42.48941,0 -84.86679,42.49134,0 -84.86441,42.49385,0 -84.86251,42.49648,0 -84.86095,42.4987,0 -84.8588,42.50108,0 -84.85588,42.50326,0 -84.85331,42.5046,0 -84.84913,42.50649,0 -84.84594,42.50828,0 -84.84295,42.51033,0 -84.84016,42.51248,0 -84.83799,42.51413,0 -84.83517,42.51613,0 -84.83151,42.51861,0 -84.82897,42.52035,0 -84.82663,42.52199,0 -84.82463,42.5238,0 -84.82279,42.52616,0 -84.82157,42.52858,0 -84.82087,42.53128,0 -84.82075,42.53686,0 -84.82074,42.54166,0 -84.82074,42.5449,0 -84.82075,42.54728,0 -84.82078,42.5513,0 -84.82078,42.55427,0 -84.82073,42.55688,0 -84.82078,42.56372,0 -84.82079,42.56734,0 -84.82076,42.56979,0 -84.82022,42.57228,0 -84.81934,42.57501,0 -84.81829,42.57843,0 -84.81725,42.58087,0 -84.81539,42.58328,0 -84.81301,42.58521,0 -84.81055,42.58656,0 -84.80748,42.58764,0 -84.80397,42.58831,0 -84.7992,42.58908,0 -84.79629,42.58989,0 -84.78804,42.59456,0 -84.78202,42.59817,0 -84.77667,42.60139,0 -84.77129,42.6046,0 -84.7686,42.6059,0 -84.76536,42.6073,0 -84.76162,42.60914,0 -84.75882,42.61052,0 -84.75228,42.61377,0 -84.74938,42.61521,0 -84.74591,42.61697,0 -84.74277,42.61853,0 -84.73934,42.62021,0 -84.73663,42.62156,0 -84.73316,42.62329,0 -84.73064,42.62478,0 -84.72843,42.62656,0 -84.72597,42.62931,0 -84.72397,42.63145,0 -84.72173,42.63316,0 -84.71909,42.63484,0 -84.71232,42.63887,0 -84.70028,42.64617,0 -84.69681,42.64825,0 -84.69315,42.65048,0 -84.69024,42.65225,0 -84.68799,42.65387,0 -84.68606,42.6557,0 -84.6844,42.65781,0 -84.68307,42.66031,0 -84.68236,42.66253,0 -84.68205,42.66513,0 -84.68208,42.66893,0 -84.68204,42.67503,0 -84.68169,42.67739,0 -84.68052,42.68014,0 -84.67883,42.6825,0 -84.67652,42.68456,0 -84.67371,42.68626,0 -84.67087,42.68761,0 -84.66817,42.68908,0 -84.66637,42.69109,0 -84.66573,42.69367,0 -84.6664,42.69594,0 -84.66811,42.69806,0 -84.66929,42.70024,0 -84.66947,42.70284,0 -84.66935,42.70597,0 -84.66923,42.70977,0 -84.66906,42.71379,0 -84.66893,42.71708,0 -84.66883,42.71953,0 -84.66868,42.72334,0 -84.66858,42.7259,0 -84.66839,42.73059,0 -84.66825,42.73445,0 -84.66813,42.73717,0 -84.66804,42.73965,0 -84.66788,42.74334,0 -84.66776,42.74667,0 -84.66754,42.75193,0 -84.66739,42.75665,0 -84.66745,42.75917,0 -84.66764,42.76157,0 -84.66812,42.76539,0 -84.66848,42.7679,0 -84.66888,42.7707,0 -84.66923,42.77396,0 -84.66938,42.77661,0 -84.66883,42.77905,0 -84.66753,42.78133,0 -84.66571,42.78317,0 -84.66049,42.78736,0 -84.65815,42.78905,0 -84.65469,42.79115,0 -84.65049,42.7935,0 -84.64758,42.79513,0 -84.64266,42.79788,0 -84.6382,42.80037,0 -84.63442,42.80249,0 -84.62981,42.8051,0 -84.6271,42.8063,0 -84.62388,42.80708,0 -84.61729,42.80731,0 -84.61271,42.80735,0 -84.59546,42.80753,0 -84.59232,42.80762,0 -84.58911,42.80824,0 -84.58627,42.80933,0 -84.58382,42.81092,0 -84.58156,42.8129,0 -84.57877,42.81463,0 -84.5757,42.8157,0 -84.57265,42.81618,0 -84.56466,42.81664,0 -84.56106,42.81686,0 -84.55664,42.81712,0 -84.55298,42.81733,0 -84.54975,42.8174,0 -84.54619,42.8174,0 -84.53674,42.8174,0 -84.53332,42.81741,0 -84.52832,42.8174,0 -84.52483,42.81707,0 -84.52193,42.816,0 -84.51963,42.81443,0 -84.51797,42.81243,0 -84.51628,42.81024,0 -84.51435,42.80842,0 -84.51202,42.80682,0 -84.50919,42.80538,0 -84.50531,42.80373,0 -84.5019,42.80264,0 -84.49863,42.80225,0 -84.49285,42.80231,0 -84.48676,42.8024,0 -84.48346,42.80251,0 -84.47904,42.80291,0 -84.47536,42.80321,0 -84.47132,42.80318,0 -84.4673,42.80271,0 -84.46387,42.80195,0 -84.45971,42.80071,0 -84.45495,42.79926,0 -84.45183,42.79834,0 -84.44773,42.79709,0 -84.44387,42.79601,0 -84.43639,42.79497,0 -84.43323,42.79449,0 -84.43009,42.79343,0 -84.42729,42.79182,0 -84.42105,42.78749,0 -84.41744,42.78517,0 -84.41488,42.78389,0 -84.41157,42.78264,0 -84.40753,42.78161,0 -84.40402,42.78109,0 -84.40094,42.78093,0 -84.3959,42.78111,0 -84.39256,42.78135,0 -84.38937,42.78186,0 -84.38606,42.78281,0 -84.38289,42.78422,0 -84.37406,42.78974,0 -84.37083,42.79179,0 -84.36631,42.79466,0 -84.36332,42.79608,0 -84.35826,42.79742,0 -84.34296,42.80123,0 -84.33874,42.80228,0 -84.33517,42.80316,0 -84.3277,42.80501,0 -84.32377,42.806,0 -84.31814,42.80738,0 -84.30597,42.81036,0 -84.29935,42.81199,0 -84.29615,42.8127,0 -84.28423,42.81497,0 -84.27992,42.81577,0 -84.27685,42.81658,0 -84.27367,42.81785,0 -84.27024,42.81985,0 -84.26793,42.82186,0 -84.26535,42.82409,0 -84.26297,42.82565,0 -84.26023,42.82695,0 -84.25737,42.8279,0 -84.2486,42.8299,0 -84.24536,42.83074,0 -84.24164,42.83229,0 -84.23914,42.83378,0 -84.23663,42.8354,0 -84.23414,42.83678,0 -84.23135,42.8379,0 -84.2281,42.83875,0 -84.2249,42.8392,0 -84.2186,42.8398,0 -84.21471,42.84016,0 -84.21093,42.84052,0 -84.20768,42.84082,0 -84.20399,42.84118,0 -84.20098,42.84171,0 -84.19809,42.84258,0 -84.19513,42.84387,0 -84.18483,42.84958,0 -84.17283,42.85623,0 -84.16948,42.85804,0 -84.16635,42.85948,0 -84.16331,42.86063,0 -84.16045,42.8616,0 -84.15031,42.865,0 -84.14694,42.86614,0 -84.142,42.86778,0 -84.13779,42.86936,0 -84.13448,42.87095,0 -84.13164,42.87253,0 -84.12368,42.87785,0 -84.11549,42.88333,0 -84.11028,42.88684,0 -84.10647,42.88915,0 -84.10365,42.89057,0 -84.10066,42.89179,0 -84.0967,42.89319,0 -84.09073,42.89537,0 -84.08638,42.89691,0 -84.08333,42.89811,0 -84.07631,42.90062,0 -84.07005,42.90284,0 -84.06342,42.90521,0 -84.05978,42.90655,0 -84.05597,42.90794,0 -84.05063,42.90981,0 -84.04736,42.91112,0 -84.04371,42.91276,0 -84.03572,42.91636,0 -84.03069,42.91861,0 -84.02693,42.92016,0 -84.02208,42.92147,0 -84.01905,42.92226,0 -84.01193,42.92414,0 -84.00702,42.92537,0 -84.003,42.92641,0 -83.99927,42.92737,0 -83.99589,42.92844,0 -83.9933,42.92986,0 -83.99086,42.93201,0 -83.98827,42.9349,0 -83.98532,42.93814,0 -83.98271,42.94105,0 -83.97684,42.94752,0 -83.97388,42.95081,0 -83.97025,42.9548,0 -83.96829,42.95686,0 -83.96603,42.95856,0 -83.96327,42.96009,0 -83.96022,42.96126,0 -83.95692,42.96206,0 -83.95348,42.96248,0 -83.94995,42.96273,0 -83.94343,42.9633,0 -83.9359,42.96395,0 -83.92907,42.96413,0 -83.92453,42.9642,0 -83.92004,42.96428,0 -83.90437,42.96455,0 -83.90055,42.96459,0 -83.89447,42.9646,0 -83.88026,42.96461,0 -83.8721,42.96462,0 -83.8649,42.96461,0 -83.86181,42.9646,0 -83.85136,42.96462,0 -83.84701,42.96464,0 -83.83504,42.96506,0 -83.83156,42.96519,0 -83.82602,42.96538,0 -83.82205,42.96553,0 -83.81771,42.96568,0 -83.81416,42.96581,0 -83.81038,42.96596,0 -83.80724,42.96573,0 -83.80226,42.96467,0 -83.79868,42.96413,0 -83.79494,42.96458,0 -83.7915,42.96523,0 -83.78759,42.96595,0 -83.78308,42.96696,0 -83.77458,42.96912,0 -83.7716,42.96989,0 -83.76865,42.971,0 -83.76558,42.97266,0 -83.76065,42.97553,0 -83.7577,42.9768,0 -83.75215,42.9787,0 -83.74931,42.97967,0 -83.74599,42.98081,0 -83.74183,42.98225,0 -83.73867,42.98333,0 -83.73513,42.98431,0 -83.73082,42.98529,0 -83.72708,42.98613,0 -83.72274,42.9871,0 -83.71955,42.98807,0 -83.71669,42.98933,0 -83.71222,42.99127,0 -83.70966,42.99266,0 -83.70734,42.99514,0 -83.70568,42.9972,0 -83.70365,42.99904,0 -83.7011,43.00061,0 -83.69794,43.00187,0 -83.69424,43.00292,0 -83.69088,43.00444,0 -83.68644,43.00711,0 -83.68389,43.00863,0 -83.68102,43.00991,0 -83.67792,43.01047,0 -83.67364,43.01053,0 -83.6684,43.01057,0 -83.66375,43.0113,0 -83.66028,43.01162,0 -83.65474,43.01198,0 -83.64984,43.0123,0 -83.64674,43.01252,0 -83.64338,43.013,0 -83.64013,43.0135,0 -83.63683,43.01379,0 -83.63122,43.01389,0 -83.62776,43.01395,0 -83.62471,43.0143,0 -83.62104,43.01542,0 -83.6154,43.0175,0 -83.61248,43.01855,0 -83.60938,43.01916,0 -83.60398,43.01931,0 -83.59586,43.01941,0 -83.59206,43.01948,0 -83.58768,43.01953,0 -83.58394,43.01961,0 -83.58067,43.01936,0 -83.57758,43.01857,0 -83.57352,43.01707,0 -83.57046,43.01625,0 -83.5671,43.01596,0 -83.56302,43.0161,0 -83.5563,43.01643,0 -83.55228,43.01665,0 -83.54896,43.01663,0 -83.54588,43.01601,0 -83.5432,43.01485,0 -83.54068,43.01326,0 -83.53805,43.01193,0 -83.53505,43.01121,0 -83.52724,43.01118,0 -83.51777,43.01133,0 -83.51151,43.0114,0 -83.50609,43.01151,0 -83.50271,43.01165,0 -83.49835,43.01198,0 -83.49452,43.0124,0 -83.4907,43.01296,0 -83.4866,43.01365,0 -83.48308,43.01424,0 -83.47936,43.01487,0 -83.47588,43.01545,0 -83.47251,43.01586,0 -83.46842,43.01609,0 -83.46512,43.01606,0 -83.46012,43.01589,0 -83.45638,43.01575,0 -83.45269,43.01564,0 -83.44843,43.01546,0 -83.44533,43.01538,0 -83.43892,43.01516,0 -83.43463,43.01501,0 -83.43055,43.01511,0 -83.42736,43.0158,0 -83.42128,43.01768,0 -83.41485,43.01969,0 -83.40264,43.02347,0 -83.39651,43.02534,0 -83.39277,43.02651,0 -83.38961,43.02744,0 -83.38588,43.02838,0 -83.38212,43.02912,0 -83.37825,43.02969,0 -83.37489,43.03009,0 -83.37001,43.03057,0 -83.36633,43.03092,0 -83.362,43.03115,0 -83.35717,43.03131,0 -83.35406,43.03139,0 -83.34976,43.03106,0 -83.34629,43.03031,0 -83.34173,43.02878,0 -83.33756,43.02734,0 -83.33197,43.02542,0 -83.32851,43.02451,0 -83.32526,43.02425,0 -83.32156,43.02432,0 -83.31659,43.02441,0 -83.31327,43.02448,0 -83.30903,43.02429,0 -83.30542,43.02373,0 -83.30248,43.023,0 -83.29885,43.02173,0 -83.29545,43.02008,0 -83.29303,43.01853,0 -83.28955,43.01615,0 -83.28605,43.01411,0 -83.28314,43.01296,0 -83.27866,43.01192,0 -83.27473,43.01162,0 -83.26915,43.01156,0 -83.26585,43.01146,0 -83.25807,43.01081,0 -83.25302,43.01028,0 -83.24803,43.00982,0 -83.24434,43.0096,0 -83.241,43.00952,0 -83.23662,43.00962,0 -83.23342,43.00972,0 -83.22944,43.00951,0 -83.22638,43.00899,0 -83.22239,43.00817,0 -83.22065,43.0061,0 -83.21946,43.00399,0 -83.21634,43.00458,0 -83.21439,43.00641,0 -83.21138,43.00713,0 -83.20438,43.00796,0 -83.1989,43.00858,0 -83.19142,43.00942,0 -83.18836,43.00977,0 -83.18343,43.00997,0 -83.17974,43.00973,0 -83.17539,43.00937,0 -83.16111,43.00818,0 -83.15789,43.00779,0 -83.15435,43.00673,0 -83.15143,43.00504,0 -83.14851,43.00231,0 -83.14626,43.00018,0 -83.14388,42.9986,0 -83.14043,42.99714,0 -83.13738,42.99643,0 -83.13413,42.99613,0 -83.13047,42.99621,0 -83.12506,42.99644,0 -83.11549,42.99685,0 -83.10559,42.99724,0 -83.10149,42.99743,0 -83.09624,42.99785,0 -83.09316,42.9982,0 -83.08624,42.99895,0 -83.08025,42.99961,0 -83.07054,43.00068,0 -83.06601,43.00118,0 -83.06244,43.00146,0 -83.05913,43.00153,0 -83.05588,43.00143,0 -83.05148,43.00127,0 -83.03932,43.00083,0 -83.0333,43.00063,0 -83.02983,43.00037,0 -83.0268,42.99993,0 -83.02364,42.99919,0 -83.01904,42.99762,0 -83.01587,42.99652,0 -83.01297,42.99567,0 -83.00919,42.99508,0 -83.00582,42.99497,0 -83.00191,42.99517,0 -82.99677,42.99545,0 -82.99237,42.99569,0 -82.98913,42.99586,0 -82.98528,42.99588,0 -82.98026,42.99525,0 -82.96769,42.99338,0 -82.96416,42.99286,0 -82.96085,42.99236,0 -82.9558,42.99145,0 -82.94745,42.98988,0 -82.94244,42.98892,0 -82.93539,42.98759,0 -82.93202,42.98695,0 -82.92892,42.98657,0 -82.91939,42.98656,0 -82.91066,42.98664,0 -82.90302,42.98671,0 -82.87826,42.98712,0 -82.87372,42.98719,0 -82.86596,42.98733,0 -82.86283,42.98724,0 -82.85971,42.98678,0 -82.85676,42.986,0 -82.85077,42.98338,0 -82.8409,42.97871,0 -82.83773,42.97754,0 -82.83436,42.97678,0 -82.83108,42.97645,0 -82.82792,42.97647,0 -82.8238,42.97674,0 -82.81739,42.97712,0 -82.81164,42.97747,0 -82.8059,42.97784,0 -82.80141,42.97809,0 -82.79743,42.97819,0 -82.79405,42.9782,0 -82.79032,42.9782,0 -82.7872,42.97829,0 -82.78296,42.97856,0 -82.77715,42.97897,0 -82.77401,42.9792,0 -82.76311,42.98002,0 -82.75973,42.98002,0 -82.75661,42.97968,0 -82.75354,42.97898,0 -82.75069,42.97797,0 -82.74624,42.97591,0 -82.74256,42.97418,0 -82.73915,42.97287,0 -82.73617,42.97214,0 -82.73264,42.97171,0 -82.72599,42.97176,0 -82.71193,42.97205,0 -82.70575,42.97218,0 -82.70066,42.97228,0 -82.69666,42.97236,0 -82.69335,42.97228,0 -82.68805,42.9718,0 -82.67942,42.97088,0 -82.67522,42.97083,0 -82.67177,42.97123,0 -82.66772,42.97223,0 -82.6618,42.97395,0 -82.65878,42.97452,0 -82.6446,42.97495,0 -82.63985,42.97505,0 -82.6361,42.97509,0 -82.63244,42.97481,0 -82.62701,42.97385,0 -82.62327,42.97313,0 -82.61985,42.97259,0 -82.61636,42.97263,0 -82.61334,42.97324,0 -82.61045,42.97435,0 -82.60791,42.97581,0 -82.60436,42.97804,0 -82.59733,42.98237,0 -82.59415,42.98441,0 -82.58907,42.98691,0 -82.58528,42.98801,0 -82.57984,42.98859,0 -82.57639,42.98841,0 -82.57302,42.98783,0 -82.55487,42.98286,0 -82.54827,42.98103,0 -82.53611,42.97769,0 -82.52833,42.97554,0 -82.5236,42.97424,0 -82.51598,42.97214,0 -82.51294,42.97163,0 -82.50952,42.97175,0 -82.50416,42.97229,0 -82.50068,42.97261,0 -82.4965,42.9727,0 -82.48996,42.97272,0 -82.48656,42.9729,0 -82.48345,42.97345,0 -82.48022,42.9744,0 -82.47748,42.97587,0 -82.47582,42.97798,0 -82.4752,42.98084,0 -82.47482,42.98331,0 -82.47383,42.98559,0 -82.47206,42.98745,0 -82.46949,42.98895,0 -82.46645,42.98979,0 -82.46246,42.99018,0 -82.45817,42.9904,0 -82.45494,42.9907,0 -82.45179,42.99148,0 -82.44849,42.99296,0 -82.44424,42.99502,0 -82.44177,42.99651,0 -82.43855,42.99779,0 -82.435,42.99832,0 -82.43203,42.999,0 -82.42872,42.99933,0 -82.42518,42.99877,0 -82.42122,42.99798,0 -82.41823,42.99732,0 -82.41486,42.99549,0 -82.41249,42.99397,0 -82.41051,42.99203,0 -82.4086,42.99024,0 -82.40597,42.98878,0 -82.40287,42.98803,0 -82.39944,42.98788,0 -82.39521,42.98773,0 -82.38889,42.9875,0 -82.38507,42.98736,0 -82.38078,42.9872,0 -82.37689,42.98705,0 -82.37279,42.9869,0 -82.3697,42.9868,0 -82.36644,42.98668,0 -82.3629,42.98672,0 -82.35865,42.98761,0 -82.35495,42.98848,0 -82.35115,42.9894,0 -82.34789,42.99018,0 -82.3443,42.99045,0 -82.33687,42.9905,0 -82.33081,42.99055,0 -82.32466,42.99043,0 -82.32065,42.9903,0 -82.3157,42.99015,0 -82.31258,42.99005,0 -82.30769,42.98991,0 -82.30177,42.98977,0 -82.29813,42.99036,0 -82.2946,42.99201,0 -82.29142,42.99363,0 -82.28847,42.99436,0 -82.2844,42.99437,0 -82.28111,42.99429,0 -82.27737,42.99417,0 -82.27416,42.99408,0 -82.27013,42.99398,0 -82.26658,42.9939,0 -82.26291,42.99382,0 -82.25937,42.99376,0 -82.25569,42.99368,0 -82.25205,42.99362,0 -82.24867,42.99357,0 -82.24489,42.99348,0 -82.24131,42.99342,0 -82.23395,42.99329,0 -82.23045,42.99321,0 -82.22681,42.99316,0 -82.22339,42.99308,0 -82.21972,42.99301,0 -82.21621,42.99296,0 -82.21266,42.9929,0 -82.20891,42.99281,0 -82.20514,42.99274,0 -82.20172,42.99268,0 -82.19806,42.9926,0 -82.19452,42.99254,0 -82.19072,42.99246,0 -82.18731,42.99239,0 -82.18378,42.99232,0 -82.18,42.99225,0 -82.16971,42.99206,0 -82.16539,42.99197,0 -82.16173,42.99191,0 -82.15792,42.99183,0 -82.15417,42.99177,0 -82.15042,42.99173,0 -82.14664,42.99167,0 -82.14293,42.99163,0 -82.13927,42.99157,0 -82.13546,42.99153,0 -82.13188,42.99148,0 -82.12797,42.99142,0 -82.12478,42.99139,0 -82.12044,42.99133,0 -82.11651,42.99124,0 -82.1131,42.99121,0 -82.10953,42.99115,0 -82.10588,42.99099,0 -82.10186,42.99069,0 -82.09841,42.99052,0 -82.09473,42.9904,0 -82.09123,42.9904,0 -82.08755,42.99045,0 -82.08385,42.99051,0 -82.08025,42.99055,0 -82.07648,42.99059,0 -82.07304,42.99065,0 -82.06934,42.99072,0 -82.06576,42.99075,0 -82.06194,42.99082,0 -82.05824,42.99087,0 -82.05442,42.99095,0 -82.05054,42.99095,0 -82.04689,42.99098,0 -82.043,42.991,0 -82.03932,42.99103,0 -82.0358,42.99104,0 -82.03212,42.99107,0 -82.02817,42.99109,0 -82.02472,42.99109,0 -82.02084,42.9911,0 -82.01722,42.99112,0 -82.01355,42.99114,0 -82.00962,42.99115,0 -82.00594,42.99116,0 -82.00224,42.99119,0 -81.99867,42.99122,0 -81.99482,42.99122,0 -81.9901,42.99122,0 -81.98353,42.99127,0 -81.97982,42.99128,0 -81.97617,42.9913,0 -81.9724,42.99132,0 -81.96871,42.99131,0 -81.96384,42.99071,0 -81.95857,42.98972,0 -81.95484,42.98953,0 -81.9512,42.9898,0 -81.94745,42.9902,0 -81.94354,42.99071,0 -81.93987,42.99113,0 -81.93599,42.99159,0 -81.9301,42.99179,0 -81.92641,42.99179,0 -81.92268,42.99179,0 -81.91894,42.99181,0 -81.91536,42.99182,0 -81.9116,42.99182,0 -81.90782,42.99183,0 -81.90419,42.99185,0 -81.90024,42.99185,0 -81.89671,42.99185,0 -81.88927,42.99187,0 -81.88556,42.99188,0 -81.88191,42.99187,0 -81.87812,42.99189,0 -81.8721,42.99186,0 -81.86761,42.99187,0 -81.86315,42.99191,0 -81.85973,42.99191,0 -81.8556,42.99192,0 -81.85218,42.99194,0 -81.84845,42.99194,0 -81.84473,42.99196,0 -81.84112,42.99194,0 -81.83736,42.99197,0 -81.83367,42.99199,0 -81.82994,42.99197,0 -81.82621,42.99197,0 -81.82245,42.99197,0 -81.81853,42.99197,0 -81.81508,42.99198,0 -81.81138,42.99199,0 -81.80757,42.99199,0 -81.80371,42.992,0 -81.80005,42.992,0 -81.79632,42.99201,0 -81.79266,42.992,0 -81.78894,42.99202,0 -81.78521,42.99202,0 -81.7815,42.99204,0 -81.77799,42.99204,0 -81.7743,42.99205,0 -81.77058,42.99207,0 -81.76666,42.99207,0 -81.76313,42.99207,0 -81.75953,42.9921,0 -81.75582,42.9921,0 -81.75238,42.99211,0 -81.74841,42.99211,0 -81.74472,42.99211,0 -81.74101,42.9921,0 -81.73715,42.99212,0 -81.73369,42.9921,0 -81.7299,42.99214,0 -81.72623,42.99213,0 -81.7224,42.99215,0 -81.7188,42.99216,0 -81.71509,42.99217,0 -81.71143,42.99217,0 -81.70784,42.99219,0 -81.70409,42.9922,0 -81.70038,42.9922,0 -81.6967,42.99222,0 -81.693,42.99222,0 -81.68923,42.99222,0 -81.6855,42.99222,0 -81.68175,42.99222,0 -81.67804,42.99221,0 -81.67423,42.99221,0 -81.67057,42.9922,0 -81.66684,42.9922,0 -81.66327,42.99219,0 -81.65935,42.99218,0 -81.65577,42.99218,0 -81.65212,42.99219,0 -81.64637,42.99218,0 -81.64108,42.9922,0 -81.63378,42.99222,0 -81.63029,42.99223,0 -81.62674,42.99223,0 -81.62307,42.99224,0 -81.6194,42.99224,0 -81.61575,42.99223,0 -81.61206,42.99226,0 -81.60873,42.99227,0 -81.60533,42.99226,0 -81.60148,42.99228,0 -81.59804,42.99226,0 -81.59424,42.99226,0 -81.58976,42.99153,0 -81.58636,42.99006,0 -81.58122,42.98619,0 -81.5779,42.9835,0 -81.57421,42.98061,0 -81.57052,42.9777,0 -81.567,42.97489,0 -81.56348,42.97213,0 -81.55968,42.96911,0 -81.55728,42.96767,0 -81.55388,42.96647,0 -81.5477,42.96565,0 -81.54422,42.96472,0 -81.54151,42.96337,0 -81.53691,42.96004,0 -81.53314,42.95728,0 -81.53001,42.95497,0 -81.52791,42.95318,0 -81.52575,42.9505,0 -81.52411,42.94845,0 -81.52226,42.94652,0 -81.51889,42.94474,0 -81.5152,42.94406,0 -81.50921,42.94403,0 -81.50577,42.94401,0 -81.5021,42.94401,0 -81.4987,42.94394,0 -81.49522,42.94336,0 -81.49245,42.94237,0 -81.49001,42.94083,0 -81.48427,42.93662,0 -81.48064,42.93394,0 -81.47706,42.93181,0 -81.4735,42.92983,0 -81.46986,42.92782,0 -81.46733,42.92632,0 -81.46438,42.92415,0 -81.46247,42.92222,0 -81.4604,42.9196,0 -81.45832,42.91652,0 -81.45545,42.91359,0 -81.45247,42.91083,0 -81.44895,42.90758,0 -81.44564,42.90551,0 -81.44126,42.90362,0 -81.43808,42.90226,0 -81.43362,42.90037,0 -81.42908,42.8984,0 -81.42461,42.89648,0 -81.41964,42.89447,0 -81.41639,42.89366,0 -81.41281,42.89329,0 -81.40926,42.89342,0 -81.40585,42.89404,0 -81.40217,42.89495,0 -81.39875,42.89578,0 -81.39508,42.89666,0 -81.39184,42.89745,0 -81.38818,42.89833,0 -81.3848,42.89887,0 -81.38086,42.8988,0 -81.37715,42.89813,0 -81.37353,42.89681,0 -81.36973,42.89526,0 -81.36641,42.89389,0 -81.36302,42.8925,0 -81.35955,42.89111,0 -81.35586,42.88975,0 -81.35146,42.88837,0 -81.34514,42.88633,0 -81.3412,42.88507,0 -81.33796,42.88444,0 -81.33455,42.88442,0 -81.32842,42.88526,0 -81.32493,42.88573,0 -81.32131,42.88622,0 -81.31748,42.88674,0 -81.31395,42.88727,0 -81.31023,42.88794,0 -81.3067,42.88869,0 -81.30297,42.8896,0 -81.29929,42.89048,0 -81.29585,42.89131,0 -81.29217,42.89221,0 -81.28874,42.893,0 -81.28518,42.89373,0 -81.28155,42.89446,0 -81.27806,42.89589,0 -81.27462,42.89839,0 -81.27131,42.90075,0 -81.26733,42.9028,0 -81.26413,42.90353,0 -81.25853,42.90403,0 -81.2549,42.90434,0 -81.25115,42.90462,0 -81.2476,42.90472,0 -81.24416,42.9045,0 -81.2374,42.90389,0 -81.23393,42.90425,0 -81.23131,42.90567,0 -81.22884,42.90831,0 -81.22666,42.91027,0 -81.22455,42.91213,0 -81.22241,42.914,0 -81.21921,42.91665,0 -81.21663,42.91881,0 -81.2132,42.92173,0 -81.20957,42.92478,0 -81.20671,42.9272,0 -81.20422,42.92901,0 -81.20047,42.93089,0 -81.19435,42.9328,0 -81.18829,42.93448,0 -81.18514,42.93513,0 -81.18133,42.93597,0 -81.17813,42.93664,0 -81.17483,42.93735,0 -81.17183,42.93798,0 -81.16786,42.93868,0 -81.16435,42.93907,0 -81.16092,42.93943,0 -81.15746,42.93977,0 -81.15399,42.94013,0 -81.15058,42.9405,0 -81.14704,42.94087,0 -81.14361,42.94121,0 -81.1402,42.94152,0 -81.13677,42.94186,0 -81.13332,42.94223,0 -81.12989,42.94259,0 -81.12641,42.94294,0 -81.1213,42.94347,0 -81.11755,42.94386,0 -81.11338,42.94441,0 -81.10968,42.94545,0 -81.10537,42.94724,0 -81.10271,42.94843,0 -81.0987,42.95018,0 -81.09578,42.95148,0 -81.09228,42.95292,0 -81.08922,42.95378,0 -81.08573,42.95434,0 -81.08229,42.9549,0 -81.07892,42.95543,0 -81.07552,42.95605,0 -81.07223,42.95659,0 -81.06887,42.95711,0 -81.06392,42.95788,0 -81.06025,42.95846,0 -81.05461,42.9594,0 -81.04875,42.96025,0 -81.04534,42.96079,0 -81.04217,42.96131,0 -81.03853,42.96189,0 -81.03512,42.96244,0 -81.0317,42.96296,0 -81.02834,42.96351,0 -81.02408,42.96423,0 -81.01816,42.96524,0 -81.01435,42.96579,0 -81.00998,42.96645,0 -81.00649,42.96705,0 -81.00204,42.9677,0 -80.99824,42.96831,0 -80.99393,42.96899,0 -80.99013,42.96961,0 -80.98607,42.97025,0 -80.98259,42.97081,0 -80.97818,42.97155,0 -80.97425,42.9722,0 -80.97024,42.97277,0 -80.96664,42.97336,0 -80.96299,42.97392,0 -80.95827,42.97463,0 -80.95444,42.97517,0 -80.95064,42.97578,0 -80.94648,42.9764,0 -80.94264,42.97699,0 -80.93842,42.97757,0 -80.93426,42.97821,0 -80.93037,42.97879,0 -80.92636,42.97941,0 -80.92312,42.98017,0 -80.9202,42.98126,0 -80.91729,42.98288,0 -80.91298,42.98617,0 -80.90973,42.98884,0 -80.90597,42.99189,0 -80.90222,42.99492,0 -80.89866,42.99779,0 -80.89483,43.00085,0 -80.89131,43.00352,0 -80.88756,43.00591,0 -80.88402,43.00818,0 -80.87946,43.01105,0 -80.87686,43.01267,0 -80.87435,43.01427,0 -80.86922,43.01748,0 -80.86572,43.01965,0 -80.86179,43.02211,0 -80.85857,43.02421,0 -80.85525,43.02644,0 -80.85251,43.02841,0 -80.84926,43.03076,0 -80.84272,43.03547,0 -80.83567,43.04056,0 -80.82954,43.04491,0 -80.82605,43.04746,0 -80.82289,43.04967,0 -80.81798,43.05326,0 -80.80871,43.05994,0 -80.80334,43.06385,0 -80.79699,43.06847,0 -80.79136,43.07257,0 -80.78652,43.07616,0 -80.78047,43.08068,0 -80.7736,43.08562,0 -80.76689,43.09054,0 -80.76139,43.09462,0 -80.75595,43.09828,0 -80.75325,43.10001,0 -80.74854,43.10323,0 -80.74537,43.10523,0 -80.74176,43.1073,0 -80.73899,43.10858,0 -80.73072,43.11238,0 -80.72637,43.11431,0 -80.72248,43.11574,0 -80.71938,43.11642,0 -80.71534,43.11705,0 -80.7107,43.11778,0 -80.7071,43.1183,0 -80.70396,43.11862,0 -80.70037,43.11946,0 -80.69706,43.12056,0 -80.69386,43.12082,0 -80.68894,43.12064,0 -80.68519,43.12093,0 -80.6751,43.12239,0 -80.67108,43.12301,0 -80.66595,43.12377,0 -80.65675,43.12508,0 -80.64959,43.12607,0 -80.64052,43.12731,0 -80.63149,43.12852,0 -80.61186,43.13122,0 -80.6023,43.13263,0 -80.57287,43.1372,0 -80.56948,43.13748,0 -80.56565,43.13732,0 -80.55938,43.13625,0 -80.55505,43.13544,0 -80.53824,43.13229,0 -80.53501,43.13188,0 -80.53182,43.13182,0 -80.52871,43.13209,0 -80.52224,43.13306,0 -80.51859,43.1336,0 -80.51189,43.13463,0 -80.49079,43.13779,0 -80.47182,43.14066,0 -80.46565,43.1416,0 -80.45128,43.14374,0 -80.44657,43.14468,0 -80.44248,43.14585,0 -80.43884,43.1472,0 -80.43157,43.15006,0 -80.4258,43.15195,0 -80.41255,43.15453,0 -80.40773,43.15544,0 -80.38657,43.15952,0 -80.38286,43.16025,0 -80.37681,43.16144,0 -80.37088,43.16261,0 -80.36566,43.1637,0 -80.35983,43.16474,0 -80.35259,43.16582,0 -80.3486,43.16634,0 -80.34456,43.16682,0 -80.33527,43.16808,0 -80.33116,43.16861,0 -80.32626,43.16927,0 -80.31097,43.17132,0 -80.30771,43.17145,0 -80.30402,43.17096,0 -80.30034,43.17038,0 -80.29589,43.16967,0 -80.29088,43.16885,0 -80.27853,43.16743,0 -80.27399,43.16693,0 -80.25186,43.16447,0 -80.24864,43.1643,0 -80.24413,43.16509,0 -80.23979,43.16595,0 -80.23647,43.16653,0 -80.23253,43.16678,0 -80.21912,43.16724,0 -80.21215,43.16744,0 -80.20621,43.16754,0 -80.19106,43.16794,0 -80.18607,43.16806,0 -80.18294,43.16825,0 -80.17879,43.16902,0 -80.17361,43.17035,0 -80.15857,43.17423,0 -80.14365,43.17809,0 -80.13072,43.18143,0 -80.12679,43.18244,0 -80.12221,43.18364,0 -80.11617,43.18521,0 -80.1121,43.18625,0 -80.10869,43.18756,0 -80.09965,43.19212,0 -80.09672,43.19322,0 -80.09356,43.19381,0 -80.08902,43.19372,0 -80.08494,43.19344,0 -80.08151,43.19321,0 -80.07708,43.19303,0 -80.0738,43.19317,0 -80.0691,43.19381,0 -80.06378,43.1953,0 -80.0601,43.19643,0 -80.05256,43.19873,0 -80.04451,43.20115,0 -80.04119,43.20214,0 -80.03822,43.20302,0 -80.0272,43.20638,0 -80.02319,43.20753,0 -80.0194,43.20816,0 -80.01622,43.20819,0 -80.01281,43.20771,0 -80.00919,43.20659,0 -80.00563,43.20517,0 -80.00202,43.20463,0 -79.9987,43.20456,0 -79.99153,43.20442,0 -79.98808,43.20459,0 -79.98364,43.20527,0 -79.98051,43.20576,0 -79.9773,43.20649,0 -79.97436,43.20758,0 -79.97119,43.20928,0 -79.96838,43.21147,0 -79.96659,43.21342,0 -79.96414,43.21646,0 -79.96122,43.22006,0 -79.9571,43.22509,0 -79.95493,43.22748,0 -79.9529,43.22927,0 -79.95007,43.2303,0 -79.94703,43.23125,0 -79.94355,43.23119,0 -79.93752,43.23044,0 -79.93265,43.22969,0 -79.92883,43.229,0 -79.92499,43.22826,0 -79.92128,43.22745,0 -79.91585,43.2261,0 -79.91167,43.22506,0 -79.9055,43.22355,0 -79.90176,43.22261,0 -79.89803,43.22168,0 -79.89388,43.2206,0 -79.89032,43.21973,0 -79.88721,43.21896,0 -79.88151,43.2175,0 -79.87556,43.21603,0 -79.87239,43.21527,0 -79.86933,43.21452,0 -79.86562,43.21364,0 -79.861,43.21249,0 -79.85597,43.21128,0 -79.85133,43.21011,0 -79.84736,43.20914,0 -79.84259,43.20802,0 -79.83742,43.2068,0 -79.83396,43.20562,0 -79.8313,43.2035,0 -79.82875,43.20086,0 -79.82671,43.19875,0 -79.82425,43.19722,0 -79.82134,43.19647,0 -79.81761,43.19659,0 -79.8145,43.19773,0 -79.81231,43.19961,0 -79.81109,43.2021,0 -79.81007,43.20446,0 -79.80794,43.2065,0 -79.80562,43.20839,0 -79.80402,43.21052,0 -79.80292,43.21308,0 -79.80123,43.21649,0 -79.79988,43.2187,0 -79.79798,43.22137,0 -79.79628,43.2234,0 -79.79346,43.22495,0 -79.78989,43.22614,0 -79.78754,43.2289,0 -79.78606,43.23109,0 -79.78345,43.23275,0 -79.78052,43.23367,0 -79.77799,43.2352,0 -79.77518,43.23756,0 -79.77335,43.23945,0 -79.77064,43.24356,0 -79.76903,43.24563,0 -79.76616,43.24712,0 -79.7631,43.24783,0 -79.76003,43.24694,0 -79.75682,43.24571,0 -79.75246,43.24471,0 -79.74944,43.24398,0 -79.74642,43.24327,0 -79.7429,43.24264,0 -79.73285,43.24017,0 -79.72197,43.23757,0 -79.71557,43.23599,0 -79.70579,43.23367,0 -79.69517,43.23111,0 -79.69058,43.23,0 -79.67606,43.22648,0 -79.67131,43.22533,0 -79.66525,43.22386,0 -79.6606,43.22275,0 -79.65433,43.22124,0 -79.64878,43.21985,0 -79.64388,43.21869,0 -79.63842,43.21738,0 -79.63319,43.21613,0 -79.62883,43.21503,0 -79.62589,43.21432,0 -79.62275,43.21357,0 -79.61814,43.21246,0 -79.6135,43.21133,0 -79.61017,43.21053,0 -79.60588,43.20947,0 -79.60116,43.20832,0 -79.59748,43.20744,0 -79.59142,43.20599,0 -79.58781,43.20509,0 -79.58396,43.20414,0 -79.57922,43.20298,0 -79.57586,43.20219,0 -79.57147,43.20111,0 -79.56842,43.20026,0 -79.56461,43.19909,0 -79.56168,43.19819,0 -79.56219,43.19588,0 -79.56415,43.19382,0 -79.56192,43.19222,0 -79.55966,43.19404,0 -79.55774,43.19594,0 -79.55402,43.19639,0 -79.54876,43.19541,0 -79.5424,43.19405,0 -79.5378,43.19293,0 -79.53316,43.1918,0 -79.52756,43.19055,0 -79.52415,43.18993,0 -79.52047,43.18939,0 -79.51675,43.18916,0 -79.5104,43.18917,0 -79.50652,43.18921,0 -79.50122,43.18924,0 -79.48678,43.18929,0 -79.48321,43.18919,0 -79.47589,43.18894,0 -79.47237,43.18883,0 -79.46815,43.18869,0 -79.46323,43.18856,0 -79.45795,43.1884,0 -79.45281,43.18823,0 -79.44438,43.18797,0 -79.4383,43.18776,0 -79.43323,43.18763,0 -79.42823,43.18747,0 -79.40941,43.18687,0 -79.4048,43.1867,0 -79.39924,43.18653,0 -79.39526,43.18643,0 -79.3908,43.1865,0 -79.3861,43.18661,0 -79.38255,43.18656,0 -79.37909,43.18618,0 -79.37553,43.18542,0 -79.37097,43.18384,0 -79.36772,43.18245,0 -79.36477,43.18122,0 -79.36171,43.18016,0 -79.35842,43.17947,0 -79.35433,43.17918,0 -79.33932,43.17955,0 -79.32718,43.17982,0 -79.32119,43.17997,0 -79.31774,43.18004,0 -79.31405,43.1799,0 -79.30808,43.17939,0 -79.30387,43.17904,0 -79.29927,43.17864,0 -79.29033,43.1779,0 -79.28475,43.17743,0 -79.27984,43.17704,0 -79.27635,43.17738,0 -79.27144,43.17872,0 -79.26843,43.17944,0 -79.2647,43.17953,0 -79.26001,43.17866,0 -79.25634,43.17798,0 -79.25333,43.1774,0 -79.24707,43.17619,0 -79.24375,43.17556,0 -79.24052,43.17498,0 -79.23429,43.17376,0 -79.23111,43.17311,0 -79.22803,43.17237,0 -79.22437,43.17149,0 -79.22087,43.17063,0 -79.21622,43.16951,0 -79.21243,43.16859,0 -79.20917,43.16785,0 -79.20511,43.16732,0 -79.19694,43.16722,0 -79.19378,43.16721,0 -79.19034,43.16694,0 -79.18705,43.16583,0 -79.18176,43.16369,0 -79.17632,43.16151,0 -79.17226,43.15991,0 -79.16627,43.15772,0 -79.16192,43.15616,0 -79.15844,43.1549,0 -79.15338,43.15292,0 -79.14982,43.15129,0 -79.14704,43.14993,0 -79.14403,43.14763,0 -79.14136,43.14469,0 -79.138,43.14127,0 -79.136,43.13924,0 -79.13192,43.13519,0 -79.12395,43.1272,0 -79.12195,43.1242,0 -79.12095,43.1215,0 -79.1206,43.11921,0 -79.12046,43.11672,0 -79.12026,43.11248,0 -79.12007,43.10842,0 -79.11951,43.10257,0 -79.11904,43.10014,0 -79.11722,43.09794,0 -79.11393,43.09649,0 -79.11058,43.09579,0 -79.10156,43.09579,0 -79.09807,43.09597,0 -79.09475,43.09607,0 -79.09099,43.0961,0 -79.08563,43.09609,0 -79.08513,43.09328,0 -79.08499,43.09101,0 -79.08485,43.08868,0 -79.08468,43.0864,0 -79.08442,43.08387,0 -79.08136,43.08362,0 -79.07821,43.08404,0 -79.07817,43.08164,0 -79.07943,43.07956,0 -79.07997,43.0773,0 -79.07832,43.07511,0 -79.07623,43.0732,0 -79.07825,43.07515,0 -79.07989,43.07732,0 -79.07936,43.07954,0 -79.07801,43.08179,0 -79.0772,43.08397,0 -79.07621,43.08626,0 -79.07476,43.08828,0 -79.07312,43.09041,0 -79.0703,43.09164,0 -79.06773,43.09017,0 -79.06565,43.08831,0 -79.06222,43.08819,0 -79.05908,43.08835,0 -79.05597,43.08853,0 -79.05284,43.08866,0 -79.05282,43.08506,0 -79.05184,43.08262,0 -79.0502,43.08067,0 -79.04723,43.08003,0 -79.04426,43.07914,0 -79.04129,43.07837,0 -79.03818,43.07817,0 -79.03175,43.07834,0 -79.02786,43.07843,0 -79.02143,43.07859,0 -79.01815,43.07848,0 -79.01494,43.07799,0 -79.01187,43.07712,0 -79.00898,43.07597,0 -79.00598,43.07498,0 -79.00278,43.07443,0 -78.9995,43.07417,0 -78.99621,43.07417,0 -78.9932,43.07517,0 -78.99093,43.07301,0 -78.99093,43.06904,0 -78.99092,43.06342,0 -78.9906,43.05969,0 -78.9906,43.05599,0 -78.99062,43.05112,0 -78.99061,43.0484,0 -78.99033,43.04612,0 -78.98942,43.04386,0 -78.98697,43.04013,0 -78.98408,43.03578,0 -78.98164,43.0321,0 -78.9797,43.02919,0 -78.97755,43.02602,0 -78.97256,43.01852,0 -78.97103,43.01619,0 -78.96905,43.01408,0 -78.96642,43.0125,0 -78.95835,43.00918,0 -78.95429,43.0075,0 -78.95079,43.00605,0 -78.94341,43.00213,0 -78.93972,42.99996,0 -78.93106,42.99495,0 -78.92797,42.9946,0 -78.93626,42.99841,0 -78.94107,43.0012,0 -78.94356,43.00266,0 -78.94612,43.00417,0 -78.94799,43.0061,0 -78.94778,43.00364,0 -78.94461,43.0025,0 -78.94184,43.00122,0 -78.93106,42.99495,0 -78.92798,42.99334,0 -78.92492,42.99214,0 -78.92093,42.99032,0 -78.9178,42.98888,0 -78.91541,42.98734,0 -78.91232,42.98761,0 -78.90992,42.98919,0 -78.90691,42.9907,0 -78.90337,42.99185,0 -78.90025,42.99246,0 -78.89504,42.99338,0 -78.89201,42.9938,0 -78.88797,42.99421,0 -78.88488,42.99452,0 -78.88155,42.99482,0 -78.87774,42.99516,0 -78.87466,42.99542,0 -78.87135,42.99553,0 -78.8678,42.99552,0 -78.86443,42.99561,0 -78.86121,42.99607,0 -78.85819,42.99711,0 -78.85564,42.99839,0 -78.85309,42.99977,0 -78.84942,43.00081,0 -78.84576,43.00093,0 -78.84046,43.00094,0 -78.83656,43.00115,0 -78.83281,43.00186,0 -78.82969,43.00288,0 -78.82651,43.00384,0 -78.82292,43.00408,0 -78.81938,43.0037,0 -78.81638,43.00283,0 -78.81367,43.00151,0 -78.81106,42.99967,0 -78.80838,42.99762,0 -78.8046,42.99472,0 -78.80242,42.99306,0 -78.80029,42.99124,0 -78.7985,42.9892,0 -78.79628,42.98652,0 -78.79428,42.98474,0 -78.79131,42.98286,0 -78.78635,42.9802,0 -78.78382,42.97875,0 -78.78146,42.97711,0 -78.77713,42.97374,0 -78.77423,42.97154,0 -78.77125,42.96928,0 -78.76914,42.9673,0 -78.76768,42.9648,0 -78.76716,42.96245,0 -78.76666,42.95911,0 -78.76638,42.9564,0 -78.76623,42.95355,0 -78.76586,42.95125,0 -78.76336,42.94984,0 -78.76041,42.95052,0 -78.75764,42.95174,0 -78.75451,42.95197,0 -78.75094,42.95199,0 -78.74734,42.95197,0 -78.74358,42.95191,0 -78.73742,42.9511,0 -78.73236,42.95062,0 -78.72094,42.95066,0 -78.71681,42.95066,0 -78.71234,42.95067,0 -78.70763,42.95067,0 -78.69821,42.9499,0 -78.69089,42.94917,0 -78.68624,42.94866,0 -78.68156,42.94815,0 -78.67738,42.94773,0 -78.67349,42.94733,0 -78.65224,42.94745,0 -78.64222,42.94758,0 -78.62599,42.94881,0 -78.61744,42.94945,0 -78.61306,42.94978,0 -78.60978,42.9501,0 -78.60638,42.95082,0 -78.60103,42.95225,0 -78.59233,42.9546,0 -78.58561,42.95643,0 -78.57758,42.95863,0 -78.57021,42.96056,0 -78.56284,42.96232,0 -78.55513,42.96386,0 -78.55131,42.96449,0 -78.5473,42.96509,0 -78.54005,42.96604,0 -78.53456,42.96686,0 -78.52923,42.96803,0 -78.52472,42.9694,0 -78.52184,42.97047,0 -78.51905,42.97165,0 -78.51581,42.97324,0 -78.51291,42.97472,0 -78.50963,42.97627,0 -78.50568,42.97775,0 -78.50199,42.97882,0 -78.49827,42.97962,0 -78.49518,42.98009,0 -78.49198,42.98038,0 -78.48685,42.98058,0 -78.48293,42.98103,0 -78.47917,42.98191,0 -78.47234,42.98387,0 -78.46859,42.9847,0 -78.45267,42.98821,0 -78.44847,42.98905,0 -78.44498,42.9898,0 -78.44012,42.99083,0 -78.43565,42.9918,0 -78.43238,42.99263,0 -78.42929,42.99386,0 -78.42673,42.99526,0 -78.42328,42.99727,0 -78.41795,43.00033,0 -78.41533,43.00186,0 -78.41235,43.00357,0 -78.4095,43.00515,0 -78.40675,43.00644,0 -78.40381,43.00753,0 -78.40087,43.00831,0 -78.39749,43.00889,0 -78.39431,43.00916,0 -78.3889,43.00925,0 -78.38563,43.00929,0 -78.3823,43.00934,0 -78.37816,43.00942,0 -78.37475,43.00946,0 -78.37148,43.00955,0 -78.36696,43.00971,0 -78.36387,43.00986,0 -78.35918,43.01015,0 -78.35547,43.01042,0 -78.3511,43.01075,0 -78.33735,43.01178,0 -78.3339,43.01204,0 -78.3268,43.01258,0 -78.32372,43.0128,0 -78.31996,43.01308,0 -78.31549,43.01341,0 -78.31043,43.01379,0 -78.30223,43.01441,0 -78.29907,43.01463,0 -78.2943,43.01501,0 -78.29023,43.0153,0 -78.28634,43.01555,0 -78.28066,43.01583,0 -78.27744,43.01596,0 -78.27272,43.01609,0 -78.26789,43.0162,0 -78.25983,43.01641,0 -78.25136,43.01662,0 -78.24163,43.01687,0 -78.23564,43.01702,0 -78.23249,43.0171,0 -78.22785,43.01721,0 -78.2235,43.01731,0 -78.2199,43.01739,0 -78.21275,43.01756,0 -78.19887,43.0179,0 -78.19437,43.01805,0 -78.19089,43.01825,0 -78.18618,43.01859,0 -78.18211,43.01887,0 -78.17839,43.01914,0 -78.16859,43.01984,0 -78.1597,43.02048,0 -78.14886,43.02126,0 -78.13889,43.02197,0 -78.13496,43.02213,0 -78.13073,43.02185,0 -78.12716,43.02124,0 -78.12353,43.02024,0 -78.1207,43.01917,0 -78.11409,43.01649,0 -78.11069,43.01513,0 -78.10749,43.01417,0 -78.1044,43.01362,0 -78.10092,43.01341,0 -78.09732,43.01363,0 -78.09362,43.01433,0 -78.08854,43.01584,0 -78.0845,43.01704,0 -78.08152,43.01793,0 -78.07353,43.0203,0 -78.06863,43.02177,0 -78.06482,43.02289,0 -78.06044,43.02418,0 -78.0572,43.02516,0 -78.05405,43.02609,0 -78.05096,43.02702,0 -78.04792,43.02779,0 -78.04439,43.02853,0 -78.04068,43.02917,0 -78.03654,43.02966,0 -78.03335,43.02991,0 -78.03003,43.03004,0 -78.0206,43.02993,0 -78.00922,43.02972,0 -78.0052,43.02965,0 -77.99939,43.02952,0 -77.99436,43.02942,0 -77.9869,43.02926,0 -77.97594,43.02902,0 -77.97193,43.02893,0 -77.96562,43.0288,0 -77.95804,43.02862,0 -77.95127,43.02848,0 -77.94663,43.02837,0 -77.94288,43.0283,0 -77.93888,43.0282,0 -77.93556,43.02821,0 -77.9311,43.02841,0 -77.92246,43.02926,0 -77.91808,43.02971,0 -77.91372,43.03,0 -77.91023,43.03001,0 -77.90483,43.02998,0 -77.89744,43.02996,0 -77.89038,43.02991,0 -77.87914,43.02982,0 -77.86503,43.02974,0 -77.86024,43.02971,0 -77.8398,43.02955,0 -77.83548,43.02961,0 -77.83187,43.03001,0 -77.82765,43.03091,0 -77.8209,43.03318,0 -77.8166,43.03464,0 -77.81322,43.03578,0 -77.8083,43.03745,0 -77.79669,43.04138,0 -77.79275,43.04251,0 -77.78969,43.04317,0 -77.78535,43.04381,0 -77.78203,43.04404,0 -77.77882,43.04417,0 -77.77152,43.0444,0 -77.76494,43.04464,0 -77.76034,43.04481,0 -77.75473,43.045,0 -77.7498,43.04516,0 -77.74595,43.04528,0 -77.74171,43.04518,0 -77.73818,43.0448,0 -77.73288,43.04399,0 -77.72932,43.04345,0 -77.72557,43.04285,0 -77.71983,43.04195,0 -77.71658,43.04157,0 -77.71331,43.04145,0 -77.70745,43.04167,0 -77.70221,43.04189,0 -77.69585,43.04222,0 -77.69254,43.04251,0 -77.68914,43.04304,0 -77.68561,43.04371,0 -77.6809,43.04458,0 -77.6748,43.04574,0 -77.66861,43.04668,0 -77.66475,43.04709,0 -77.6606,43.0474,0 -77.65682,43.04753,0 -77.65169,43.04771,0 -77.6481,43.0478,0 -77.6441,43.0479,0 -77.63824,43.04807,0 -77.63151,43.04825,0 -77.62772,43.04809,0 -77.62108,43.04729,0 -77.61745,43.04691,0 -77.61397,43.04673,0 -77.61015,43.04675,0 -77.60653,43.0469,0 -77.59949,43.04717,0 -77.596,43.0473,0 -77.59015,43.04755,0 -77.58674,43.04757,0 -77.5822,43.04749,0 -77.579,43.04731,0 -77.57453,43.04694,0 -77.56908,43.04621,0 -77.56417,43.0455,0 -77.55964,43.04478,0 -77.55494,43.0438,0 -77.55062,43.04275,0 -77.5477,43.04191,0 -77.54408,43.04077,0 -77.54106,43.03975,0 -77.53497,43.03765,0 -77.52919,43.03568,0 -77.52462,43.03407,0 -77.51586,43.03108,0 -77.51304,43.03001,0 -77.50891,43.02818,0 -77.50572,43.02643,0 -77.50171,43.02415,0 -77.4987,43.02256,0 -77.49187,43.01954,0 -77.4888,43.01813,0 -77.48541,43.01664,0 -77.48135,43.01538,0 -77.47739,43.01467,0 -77.47383,43.0144,0 -77.4695,43.01429,0 -77.46552,43.01418,0 -77.46146,43.01397,0 -77.45776,43.01358,0 -77.45332,43.01286,0 -77.44926,43.01215,0 -77.44631,43.01146,0 -77.44148,43.00979,0 -77.43857,43.00842,0 -77.43613,43.00699,0 -77.42955,43.00273,0 -77.42558,43.00083,0 -77.41988,42.99937,0 -77.41611,42.99863,0 -77.41037,42.9979,0 -77.40438,42.99753,0 -77.40067,42.99736,0 -77.39753,42.99719,0 -77.3928,42.99691,0 -77.38476,42.9965,0 -77.38087,42.9963,0 -77.37484,42.99597,0 -77.37091,42.99577,0 -77.36769,42.99561,0 -77.36345,42.99535,0 -77.36026,42.99518,0 -77.35026,42.99464,0 -77.34532,42.99427,0 -77.34082,42.99369,0 -77.333,42.99219,0 -77.32556,42.9907,0 -77.31847,42.98929,0 -77.31108,42.98783,0 -77.30281,42.98616,0 -77.29077,42.98376,0 -77.27953,42.98153,0 -77.27638,42.98089,0 -77.27272,42.98022,0 -77.26902,42.97967,0 -77.26597,42.97936,0 -77.26232,42.97913,0 -77.24621,42.97896,0 -77.24246,42.97891,0 -77.23824,42.97877,0 -77.2312,42.9785,0 -77.2269,42.97831,0 -77.2225,42.97814,0 -77.21758,42.97756,0 -77.20849,42.97569,0 -77.20471,42.97503,0 -77.20094,42.97473,0 -77.19643,42.97471,0 -77.19189,42.97458,0 -77.18384,42.97368,0 -77.18064,42.97353,0 -77.17707,42.97344,0 -77.17288,42.97332,0 -77.16703,42.97319,0 -77.16276,42.97307,0 -77.15792,42.97299,0 -77.14897,42.9728,0 -77.14105,42.97298,0 -77.13211,42.97327,0 -77.12133,42.97361,0 -77.10975,42.97397,0 -77.10389,42.97407,0 -77.09862,42.97411,0 -77.09504,42.97407,0 -77.08976,42.9737,0 -77.08473,42.97265,0 -77.07885,42.97062,0 -77.07589,42.96975,0 -77.07236,42.96914,0 -77.06765,42.96894,0 -77.06403,42.96881,0 -77.06085,42.96849,0 -77.0575,42.96788,0 -77.05368,42.96684,0 -77.05078,42.96573,0 -77.04799,42.96451,0 -77.04229,42.962,0 -77.03588,42.95918,0 -77.03267,42.95786,0 -77.02873,42.95672,0 -77.02452,42.956,0 -77.01851,42.9556,0 -77.01234,42.95531,0 -77.00497,42.95501,0 -76.9905,42.95486,0 -76.98659,42.9548,0 -76.98177,42.95476,0 -76.97849,42.9547,0 -76.9746,42.9547,0 -76.97075,42.95468,0 -76.96751,42.95488,0 -76.96432,42.95532,0 -76.96076,42.95611,0 -76.95385,42.95819,0 -76.95047,42.95915,0 -76.94681,42.95969,0 -76.94346,42.95972,0 -76.93945,42.95929,0 -76.93591,42.95887,0 -76.93202,42.95842,0 -76.92857,42.95802,0 -76.92506,42.95787,0 -76.92105,42.95803,0 -76.91474,42.95831,0 -76.9107,42.95848,0 -76.90655,42.95885,0 -76.90107,42.95995,0 -76.89635,42.96092,0 -76.89149,42.96191,0 -76.88824,42.96257,0 -76.88266,42.96372,0 -76.87861,42.96454,0 -76.87514,42.96497,0 -76.87189,42.96512,0 -76.8684,42.96527,0 -76.86517,42.96541,0 -76.86192,42.96574,0 -76.85831,42.96637,0 -76.85518,42.9668,0 -76.85227,42.96592,0 -76.84895,42.96554,0 -76.84668,42.96364,0 -76.84632,42.96102,0 -76.84227,42.96114,0 -76.83813,42.96082,0 -76.83097,42.96005,0 -76.8279,42.95967,0 -76.82463,42.95886,0 -76.81967,42.95698,0 -76.81574,42.9554,0 -76.81165,42.95375,0 -76.80655,42.95208,0 -76.79943,42.94909,0 -76.79596,42.94823,0 -76.78905,42.94838,0 -76.78491,42.94852,0 -76.78163,42.94864,0 -76.77784,42.9488,0 -76.77347,42.94892,0 -76.77013,42.94902,0 -76.76676,42.94972,0 -76.76331,42.95147,0 -76.76061,42.95288,0 -76.75496,42.95576,0 -76.75089,42.95792,0 -76.7455,42.96082,0 -76.74282,42.96203,0 -76.73954,42.96288,0 -76.73615,42.96306,0 -76.73305,42.96285,0 -76.73029,42.96182,0 -76.72774,42.96029,0 -76.72438,42.95829,0 -76.72092,42.95623,0 -76.71836,42.95469,0 -76.71597,42.95321,0 -76.71278,42.95072,0 -76.711,42.94769,0 -76.70991,42.94529,0 -76.70823,42.94279,0 -76.70669,42.94071,0 -76.7038,42.93958,0 -76.70054,42.93969,0 -76.69744,42.93966,0 -76.69436,42.93859,0 -76.69122,42.93812,0 -76.68706,42.93821,0 -76.68298,42.93812,0 -76.67992,42.93782,0 -76.67645,42.93729,0 -76.67221,42.93659,0 -76.66821,42.93593,0 -76.66505,42.93541,0 -76.66115,42.93488,0 -76.65799,42.93443,0 -76.6549,42.93383,0 -76.65227,42.9326,0 -76.65003,42.93078,0 -76.64795,42.92899,0 -76.64526,42.92789,0 -76.64019,42.92694,0 -76.63679,42.9263,0 -76.6336,42.92581,0 -76.6267,42.9258,0 -76.6227,42.92665,0 -76.61983,42.92772,0 -76.61561,42.92793,0 -76.61121,42.92803,0 -76.60743,42.92813,0 -76.60304,42.92857,0 -76.59669,42.92919,0 -76.59181,42.92962,0 -76.58702,42.93049,0 -76.58309,42.93088,0 -76.57981,42.93061,0 -76.57629,42.93099,0 -76.57268,42.93147,0 -76.56902,42.93238,0 -76.56577,42.93285,0 -76.56271,42.93312,0 -76.55936,42.93325,0 -76.55609,42.93338,0 -76.55291,42.9335,0 -76.54973,42.93362,0 -76.54661,42.93376,0 -76.54293,42.93414,0 -76.53982,42.93451,0 -76.53655,42.93503,0 -76.53337,42.93537,0 -76.52968,42.93579,0 -76.52609,42.93621,0 -76.52262,42.93663,0 -76.51832,42.93716,0 -76.51077,42.93796,0 -76.50701,42.93842,0 -76.5037,42.93883,0 -76.49963,42.93934,0 -76.49567,42.93982,0 -76.4902,42.94048,0 -76.48678,42.94089,0 -76.48195,42.94145,0 -76.47864,42.94182,0 -76.4756,42.94218,0 -76.47246,42.94255,0 -76.46902,42.94294,0 -76.46594,42.94309,0 -76.46226,42.94323,0 -76.45883,42.94335,0 -76.45501,42.94359,0 -76.4511,42.94383,0 -76.44774,42.94402,0 -76.44426,42.94423,0 -76.44109,42.94443,0 -76.43798,42.94461,0 -76.4349,42.94483,0 -76.43159,42.94505,0 -76.42783,42.94565,0 -76.4244,42.94523,0 -76.42121,42.94483,0 -76.41751,42.94437,0 -76.41492,42.94307,0 -76.41264,42.94054,0 -76.4113,42.93836,0 -76.41004,42.93557,0 -76.40892,42.93307,0 -76.40797,42.9309,0 -76.40688,42.92846,0 -76.40575,42.92594,0 -76.40446,42.92353,0 -76.40307,42.92129,0 -76.40174,42.91914,0 -76.40046,42.91707,0 -76.39836,42.9138,0 -76.3968,42.91137,0 -76.39517,42.90844,0 -76.39399,42.90532,0 -76.39271,42.90306,0 -76.39108,42.90029,0 -76.38976,42.89811,0 -76.38836,42.89568,0 -76.38692,42.89325,0 -76.3854,42.89069,0 -76.38365,42.88809,0 -76.38106,42.885,0 -76.37942,42.88303,0 -76.37729,42.88027,0 -76.37564,42.87823,0 -76.37293,42.87694,0 -76.36929,42.87664,0 -76.36604,42.8757,0 -76.3628,42.87331,0 -76.36012,42.87114,0 -76.35692,42.86851,0 -76.35457,42.86659,0 -76.352,42.86494,0 -76.34538,42.86199,0 -76.3412,42.86017,0 -76.33788,42.85875,0 -76.33254,42.85645,0 -76.32774,42.85542,0 -76.32206,42.85366,0 -76.31885,42.85223,0 -76.31494,42.85001,0 -76.31192,42.84807,0 -76.30858,42.84606,0 -76.30262,42.84243,0 -76.29961,42.84063,0 -76.29531,42.83796,0 -76.2886,42.83377,0 -76.28559,42.83192,0 -76.28173,42.82956,0 -76.27945,42.8278,0 -76.27644,42.82488,0 -76.27445,42.82297,0 -76.27272,42.82104,0 -76.27134,42.81863,0 -76.27019,42.81651,0 -76.26904,42.81362,0 -76.268,42.8112,0 -76.26676,42.80841,0 -76.26543,42.80559,0 -76.26353,42.80131,0 -76.26134,42.79612,0 -76.25938,42.7918,0 -76.2582,42.78912,0 -76.25709,42.78603,0 -76.25647,42.7837,0 -76.25583,42.78131,0 -76.25509,42.77844,0 -76.25412,42.77462,0 -76.25334,42.77219,0 -76.25219,42.7696,0 -76.25148,42.76733,0 -76.24911,42.76387,0 -76.24756,42.7617,0 -76.24516,42.75834,0 -76.24436,42.75575,0 -76.24348,42.7535,0 -76.24326,42.75123,0 -76.24366,42.74859,0 -76.24415,42.74576,0 -76.24474,42.74315,0 -76.24525,42.7405,0 -76.24546,42.73776,0 -76.24484,42.73475,0 -76.24403,42.73175,0 -76.24328,42.72903,0 -76.24249,42.72682,0 -76.24172,42.72429,0 -76.24049,42.72118,0 -76.23933,42.7185,0 -76.23878,42.71607,0 -76.23863,42.71379,0 -76.23826,42.7112,0 -76.23757,42.7086,0 -76.2348,42.70648,0 -76.23232,42.7048,0 -76.23099,42.70174,0 -76.22958,42.69915,0 -76.22683,42.69672,0 -76.22492,42.6944,0 -76.22421,42.69116,0 -76.22345,42.68778,0 -76.22272,42.68368,0 -76.22258,42.68102,0 -76.22177,42.67827,0 -76.22082,42.67545,0 -76.21963,42.67312,0 -76.21764,42.67113,0 -76.21504,42.66907,0 -76.21222,42.66689,0 -76.20993,42.6651,0 -76.20779,42.66342,0 -76.20506,42.66121,0 -76.20312,42.65917,0 -76.20111,42.65702,0 -76.19834,42.65434,0 -76.19634,42.65043,0 -76.19453,42.64834,0 -76.19173,42.64678,0 -76.18903,42.64536,0 -76.18871,42.6424,0 -76.18945,42.6399,0 -76.19015,42.63749,0 -76.19093,42.63467,0 -76.19152,42.63136,0 -76.19194,42.62831,0 -76.18743,42.62789,0 -76.18421,42.62798,0 -76.18098,42.62773,0 -76.17865,42.62607,0 -76.17924,42.62349,0 -76.18047,42.62114,0 -76.18094,42.61883,0 -76.18152,42.61502,0 -76.18116,42.61256,0 -76.17957,42.61052,0 -76.1766,42.60912,0 -76.17301,42.60882,0 -76.16884,42.60902,0 -76.16478,42.60921,0 -76.1614,42.60879,0 -76.15891,42.60744,0 -76.15746,42.60542,0 -76.15676,42.603,0 -76.15563,42.6007,0 -76.15285,42.59859,0 -76.14947,42.59765,0 -76.14436,42.59677,0 -76.1402,42.59552,0 -76.13758,42.59429,0 -76.13502,42.59286,0 -76.13215,42.5909,0 -76.13013,42.58913,0 -76.12827,42.58722,0 -76.12664,42.58512,0 -76.12515,42.58253,0 -76.12362,42.57958,0 -76.12175,42.57591,0 -76.12048,42.57306,0 -76.11953,42.57065,0 -76.11833,42.5678,0 -76.1159,42.56386,0 -76.11321,42.56085,0 -76.10933,42.5577,0 -76.10546,42.55519,0 -76.10169,42.55329,0 -76.09901,42.55205,0 -76.09684,42.5504,0 -76.09517,42.54842,0 -76.09364,42.5458,0 -76.09181,42.54298,0 -76.09057,42.54089,0 -76.08924,42.53873,0 -76.08791,42.53573,0 -76.08745,42.53338,0 -76.08713,42.52976,0 -76.08621,42.52663,0 -76.0845,42.52434,0 -76.08242,42.5217,0 -76.08107,42.51926,0 -76.08011,42.51615,0 -76.0793,42.50867,0 -76.07872,42.50634,0 -76.07735,42.50373,0 -76.07467,42.4997,0 -76.07327,42.49721,0 -76.07204,42.49342,0 -76.07064,42.49097,0 -76.06892,42.48903,0 -76.06539,42.48598,0 -76.06318,42.48411,0 -76.06042,42.48146,0 -76.05662,42.47723,0 -76.05357,42.4738,0 -76.05066,42.47064,0 -76.04881,42.46825,0 -76.04751,42.46613,0 -76.04605,42.46361,0 -76.04406,42.46023,0 -76.03996,42.45327,0 -76.03858,42.4509,0 -76.03688,42.44807,0 -76.03535,42.44571,0 -76.03296,42.44349,0 -76.02947,42.43909,0 -76.02738,42.4361,0 -76.02586,42.43399,0 -76.02375,42.43144,0 -76.02129,42.4283,0 -76.01934,42.42572,0 -76.01832,42.42286,0 -76.01786,42.42025,0 -76.01728,42.41682,0 -76.01623,42.41219,0 -76.01543,42.40931,0 -76.01432,42.40633,0 -76.01301,42.40427,0 -76.01019,42.40106,0 -76.0075,42.39813,0 -76.00232,42.39247,0 -76.00061,42.39053,0 -75.99892,42.38828,0 -75.99749,42.38595,0 -75.99634,42.38357,0 -75.99548,42.38121,0 -75.99491,42.37895,0 -75.99452,42.3764,0 -75.99444,42.37348,0 -75.99465,42.37123,0 -75.99505,42.36868,0 -75.99533,42.36634,0 -75.99528,42.36374,0 -75.99472,42.36086,0 -75.99383,42.35846,0 -75.9926,42.35622,0 -75.99115,42.35422,0 -75.98912,42.35205,0 -75.98512,42.34819,0 -75.98309,42.34624,0 -75.98109,42.3443,0 -75.97922,42.34235,0 -75.97845,42.3397,0 -75.97873,42.33674,0 -75.97897,42.33396,0 -75.9792,42.33133,0 -75.97942,42.32886,0 -75.97947,42.3266,0 -75.97838,42.3244,0 -75.97559,42.32257,0 -75.97241,42.32129,0 -75.96923,42.32,0 -75.9661,42.31873,0 -75.95818,42.31554,0 -75.95531,42.31433,0 -75.95231,42.31259,0 -75.94996,42.31096,0 -75.94744,42.3092,0 -75.94104,42.30478,0 -75.93861,42.3032,0 -75.934,42.30051,0 -75.927,42.29643,0 -75.92497,42.29473,0 -75.92408,42.2923,0 -75.92463,42.29005,0 -75.92574,42.28744,0 -75.92726,42.28386,0 -75.9279,42.28087,0 -75.92769,42.2784,0 -75.92675,42.27584,0 -75.9242,42.27097,0 -75.92297,42.26864,0 -75.91957,42.26212,0 -75.91878,42.25989,0 -75.91844,42.25738,0 -75.91847,42.25473,0 -75.91852,42.25119,0 -75.91849,42.24867,0 -75.91812,42.24576,0 -75.91749,42.24282,0 -75.91636,42.23769,0 -75.91585,42.23532,0 -75.91531,42.23288,0 -75.91469,42.23,0 -75.91394,42.22778,0 -75.91205,42.2257,0 -75.90961,42.22352,0 -75.90795,42.2213,0 -75.906,42.21773,0 -75.90364,42.21341,0 -75.90233,42.21099,0 -75.90068,42.20799,0 -75.89944,42.20517,0 -75.89889,42.20296,0 -75.89874,42.19972,0 -75.89911,42.19735,0 -75.89994,42.19461,0 -75.90099,42.1914,0 -75.90226,42.18753,0 -75.90261,42.18496,0 -75.8997,42.1781,0 -75.89838,42.17537,0 -75.89744,42.17282,0 -75.89662,42.1701,0 -75.89599,42.16789,0 -75.89612,42.16532,0 -75.89672,42.1627,0 -75.89726,42.16042,0 -75.89789,42.15774,0 -75.8983,42.1555,0 -75.8974,42.1526,0 -75.89687,42.1503,0 -75.8977,42.14805,0 -75.9003,42.14372,0 -75.90174,42.14108,0 -75.9025,42.13883,0 -75.90319,42.13535,0 -75.90386,42.13167,0 -75.90439,42.12883,0 -75.90487,42.12655,0 -75.90596,42.12429,0 -75.90784,42.12179,0 -75.90937,42.1198,0 -75.91051,42.11767,0 -75.90937,42.11556,0 -75.90648,42.1147,0 -75.90319,42.11477,0 -75.9001,42.11491,0 -75.897,42.11509,0 -75.89338,42.11516,0 -75.88918,42.11522,0 -75.88595,42.11526,0 -75.88231,42.11439,0 -75.87934,42.11344,0 -75.87569,42.1127,0 -75.87119,42.11091,0 -75.86829,42.11006,0 -75.86297,42.10982,0 -75.85997,42.10936,0 -75.85343,42.10722,0 -75.85044,42.10662,0 -75.84618,42.10733,0 -75.84322,42.10812,0 -75.84015,42.10851,0 -75.83709,42.10804,0 -75.83118,42.10481,0 -75.82768,42.10271,0 -75.8251,42.10117,0 -75.81922,42.09822,0 -75.81649,42.09686,0 -75.81412,42.09522,0 -75.81251,42.09313,0 -75.81105,42.08896,0 -75.81012,42.08671,0 -75.80658,42.08192,0 -75.80382,42.07832,0 -75.8024,42.07609,0 -75.80071,42.07147,0 -75.79937,42.06748,0 -75.79874,42.06509,0 -75.79901,42.06109,0 -75.79941,42.05683,0 -75.79923,42.0544,0 -75.79839,42.05223,0 -75.79598,42.04791,0 -75.79462,42.04545,0 -75.79315,42.04278,0 -75.79152,42.03988,0 -75.79025,42.03752,0 -75.78857,42.03265,0 -75.78701,42.02794,0 -75.78613,42.02533,0 -75.78526,42.02283,0 -75.78374,42.02068,0 -75.78152,42.01903,0 -75.77858,42.01787,0 -75.77237,42.01593,0 -75.76923,42.01495,0 -75.76647,42.01373,0 -75.76363,42.01197,0 -75.76052,42.00941,0 -75.75754,42.0069,0 -75.75555,42.00492,0 -75.75403,42.00274,0 -75.75302,42.00051,0 -75.75232,41.99807,0 -75.75042,41.99113,0 -75.74976,41.98881,0 -75.74867,41.98622,0 -75.7469,41.98338,0 -75.74493,41.98042,0 -75.74308,41.97765,0 -75.74188,41.97557,0 -75.74074,41.97269,0 -75.73981,41.96992,0 -75.73901,41.96751,0 -75.73807,41.96469,0 -75.73712,41.96185,0 -75.73698,41.95948,0 -75.73778,41.95683,0 -75.73828,41.95447,0 -75.73825,41.95215,0 -75.73763,41.94971,0 -75.73664,41.94711,0 -75.73534,41.94378,0 -75.73341,41.93874,0 -75.73244,41.93624,0 -75.73155,41.93386,0 -75.73088,41.93131,0 -75.73046,41.92859,0 -75.73036,41.92598,0 -75.73057,41.92325,0 -75.73119,41.91971,0 -75.73165,41.91721,0 -75.73211,41.91467,0 -75.7323,41.91215,0 -75.73168,41.90956,0 -75.73003,41.90337,0 -75.72886,41.89897,0 -75.72826,41.89633,0 -75.72779,41.89369,0 -75.72708,41.8897,0 -75.72656,41.88741,0 -75.72538,41.88511,0 -75.72382,41.88312,0 -75.72264,41.88096,0 -75.72222,41.8782,0 -75.72177,41.87594,0 -75.72068,41.87364,0 -75.71905,41.87162,0 -75.71662,41.86968,0 -75.7141,41.86837,0 -75.70091,41.86366,0 -75.69388,41.86116,0 -75.69023,41.85986,0 -75.6874,41.85858,0 -75.68538,41.8567,0 -75.68437,41.85454,0 -75.68385,41.85137,0 -75.68293,41.84568,0 -75.68217,41.84096,0 -75.68064,41.83141,0 -75.68027,41.82911,0 -75.68022,41.82679,0 -75.68066,41.82353,0 -75.68121,41.81958,0 -75.68158,41.81726,0 -75.68354,41.81357,0 -75.68574,41.81029,0 -75.68708,41.8081,0 -75.68805,41.80556,0 -75.68842,41.80306,0 -75.68829,41.80067,0 -75.68753,41.79709,0 -75.68636,41.79171,0 -75.68587,41.7894,0 -75.68535,41.78701,0 -75.68477,41.78432,0 -75.68397,41.78059,0 -75.6839,41.77823,0 -75.68567,41.77135,0 -75.68634,41.76878,0 -75.68689,41.76625,0 -75.68694,41.76385,0 -75.68645,41.76132,0 -75.68519,41.75837,0 -75.68347,41.7549,0 -75.68198,41.75187,0 -75.67988,41.74762,0 -75.67836,41.74457,0 -75.67736,41.74226,0 -75.67618,41.72983,0 -75.67558,41.72259,0 -75.67533,41.72028,0 -75.67452,41.71807,0 -75.67278,41.7157,0 -75.6711,41.71379,0 -75.67053,41.71145,0 -75.67066,41.70851,0 -75.67047,41.70619,0 -75.66953,41.70365,0 -75.66926,41.7012,0 -75.67048,41.69897,0 -75.6732,41.69729,0 -75.6758,41.69603,0 -75.678,41.69419,0 -75.68023,41.69206,0 -75.6835,41.68894,0 -75.68536,41.68716,0 -75.68742,41.68514,0 -75.68848,41.68292,0 -75.68816,41.68055,0 -75.68653,41.67853,0 -75.68438,41.67686,0 -75.68237,41.6749,0 -75.6807,41.67222,0 -75.6791,41.66943,0 -75.67798,41.66725,0 -75.67681,41.66457,0 -75.67555,41.66233,0 -75.67328,41.66069,0 -75.66744,41.65858,0 -75.66463,41.65758,0 -75.66179,41.65656,0 -75.65953,41.65505,0 -75.65836,41.65291,0 -75.65851,41.65007,0 -75.65878,41.64771,0 -75.65827,41.64523,0 -75.65662,41.6428,0 -75.65313,41.63864,0 -75.65108,41.63672,0 -75.64788,41.63441,0 -75.64577,41.63278,0 -75.64415,41.6306,0 -75.64354,41.62819,0 -75.64393,41.62201,0 -75.64417,41.61859,0 -75.64438,41.61566,0 -75.64467,41.61335,0 -75.6452,41.61095,0 -75.64597,41.60847,0 -75.64679,41.60601,0 -75.64767,41.60328,0 -75.64891,41.59951,0 -75.64971,41.59701,0 -75.65058,41.59434,0 -75.65142,41.59211,0 -75.65246,41.58997,0 -75.65392,41.58742,0 -75.65453,41.58475,0 -75.65467,41.58036,0 -75.65465,41.57692,0 -75.65443,41.57464,0 -75.65373,41.57222,0 -75.65236,41.57015,0 -75.65089,41.56799,0 -75.65034,41.56565,0 -75.6515,41.56295,0 -75.65299,41.56049,0 -75.65342,41.55797,0 -75.65252,41.55388,0 -75.65202,41.55149,0 -75.65145,41.54885,0 -75.6508,41.54573,0 -75.65057,41.5429,0 -75.65101,41.54062,0 -75.65194,41.53691,0 -75.6523,41.53417,0 -75.65259,41.53171,0 -75.65314,41.52928,0 -75.65447,41.52705,0 -75.65625,41.52505,0 -75.65896,41.52208,0 -75.66112,41.51969,0 -75.66458,41.51578,0 -75.66754,41.51249,0 -75.66999,41.50999,0 -75.67185,41.50799,0 -75.67447,41.50422,0 -75.67677,41.50092,0 -75.67823,41.49867,0 -75.68054,41.4951,0 -75.68102,41.49286,0 -75.67985,41.48994,0 -75.67874,41.48769,0 -75.6787,41.48532,0 -75.68131,41.48014,0 -75.68215,41.4778,0 -75.68153,41.47546,0 -75.67954,41.47353,0 -75.67703,41.47165,0 -75.67056,41.46906,0 -75.66817,41.46766,0 -75.66703,41.46544,0 -75.66702,41.4629,0 -75.66645,41.46052,0 -75.66466,41.45848,0 -75.66191,41.45725,0 -75.65743,41.45621,0 -75.65449,41.45552,0 -75.6517,41.45456,0 -75.64717,41.45229,0 -75.6442,41.45142,0 -75.64116,41.45101,0 -75.63828,41.45004,0 -75.63515,41.44862,0 -75.63211,41.44724,0 -75.62979,41.44566,0 -75.6286,41.44345,0 -75.62887,41.44056,0 -75.6296,41.43747,0 -75.62923,41.43503,0 -75.62727,41.43329,0 -75.61873,41.42913,0 -75.61622,41.42775,0 -75.61356,41.42645,0 -75.61121,41.42473,0 -75.60931,41.42239,0 -75.60726,41.42061,0 -75.60478,41.41921,0 -75.60277,41.4175,0 -75.60085,41.41394,0 -75.59948,41.41155,0 -75.5964,41.40958,0 -75.594,41.40804,0 -75.59243,41.4058,0 -75.5908,41.40346,0 -75.58854,41.40198,0 -75.58614,41.40054,0 -75.58431,41.39859,0 -75.58378,41.39482,0 -75.58351,41.39171,0 -75.58327,41.38925,0 -75.5826,41.3868,0 -75.58158,41.38425,0 -75.58052,41.38158,0 -75.57941,41.37912,0 -75.57795,41.37564,0 -75.57707,41.37347,0 -75.57565,41.37004,0 -75.57457,41.36761,0 -75.57355,41.36511,0 -75.57219,41.36177,0 -75.57114,41.35938,0 -75.56972,41.3558,0 -75.56858,41.3535,0 -75.56655,41.35091,0 -75.56466,41.34895,0 -75.56253,41.34667,0 -75.5607,41.34474,0 -75.5585,41.34243,0 -75.5567,41.34047,0 -75.5556,41.33785,0 -75.55579,41.33467,0 -75.55609,41.33086,0 -75.55612,41.32816,0 -75.55392,41.32458,0 -75.55086,41.32068,0 -75.54848,41.31755,0 -75.54733,41.31545,0 -75.54693,41.31194,0 -75.54677,41.30894,0 -75.54618,41.30568,0 -75.54446,41.30336,0 -75.54224,41.30166,0 -75.53763,41.29836,0 -75.53413,41.29584,0 -75.53182,41.29406,0 -75.52961,41.29206,0 -75.52733,41.28959,0 -75.52515,41.28663,0 -75.52386,41.28444,0 -75.52193,41.27971,0 -75.52034,41.27338,0 -75.51968,41.27074,0 -75.51881,41.26753,0 -75.51824,41.2646,0 -75.51757,41.25919,0 -75.51693,41.2541,0 -75.51641,41.25148,0 -75.51564,41.2485,0 -75.51416,41.24415,0 -75.51184,41.24012,0 -75.51002,41.23788,0 -75.50715,41.23542,0 -75.50473,41.23381,0 -75.49308,41.22707,0 -75.48585,41.22288,0 -75.4821,41.22049,0 -75.47754,41.21695,0 -75.47086,41.2118,0 -75.46452,41.20696,0 -75.45733,41.20144,0 -75.4472,41.19366,0 -75.44444,41.19154,0 -75.44104,41.18891,0 -75.43896,41.18726,0 -75.43686,41.18543,0 -75.43471,41.18302,0 -75.43166,41.17838,0 -75.42997,41.17585,0 -75.42769,41.17241,0 -75.42625,41.17021,0 -75.42473,41.16792,0 -75.42207,41.16452,0 -75.4201,41.16227,0 -75.4177,41.15963,0 -75.405,41.14561,0 -75.40332,41.14329,0 -75.40224,41.14073,0 -75.40167,41.13774,0 -75.39839,41.11015,0 -75.3979,41.10585,0 -75.39755,41.10288,0 -75.39635,41.09232,0 -75.3961,41.09007,0 -75.39593,41.08742,0 -75.3963,41.08345,0 -75.39684,41.07809,0 -75.39708,41.07563,0 -75.39699,41.07328,0 -75.39575,41.07108,0 -75.39312,41.06917,0 -75.38994,41.06808,0 -75.38442,41.06612,0 -75.3793,41.06432,0 -75.37599,41.06314,0 -75.37291,41.06255,0 -75.36948,41.06287,0 -75.36515,41.06373,0 -75.35987,41.06476,0 -75.35655,41.06517,0 -75.35244,41.06481,0 -75.34826,41.0641,0 -75.33964,41.06263,0 -75.33645,41.06209,0 -75.33283,41.0614,0 -75.33006,41.06045,0 -75.32494,41.05774,0 -75.3215,41.05587,0 -75.31908,41.05444,0 -75.31721,41.05257,0 -75.31572,41.04904,0 -75.31312,41.04065,0 -75.3116,41.03579,0 -75.31066,41.03273,0 -75.30957,41.03038,0 -75.30802,41.02761,0 -75.30535,41.02282,0 -75.30125,41.01555,0 -75.29979,41.01341,0 -75.29765,41.01165,0 -75.29465,41.01009,0 -75.29203,41.00879,0 -75.28004,41.00282,0 -75.27623,41.00093,0 -75.27239,40.99901,0 -75.26926,40.99755,0 -75.26574,40.99638,0 -75.26242,40.99531,0 -75.25793,40.99387,0 -75.25225,40.99205,0 -75.246,40.99006,0 -75.2417,40.98868,0 -75.23872,40.98774,0 -75.23564,40.98679,0 -75.2324,40.98606,0 -75.22889,40.98563,0 -75.22527,40.98538,0 -75.22056,40.98501,0 -75.2172,40.98459,0 -75.21467,40.98302,0 -75.21228,40.98162,0 -75.20932,40.98089,0 -75.20645,40.98026,0 -75.20135,40.97915,0 -75.19836,40.97868,0 -75.19549,40.97936,0 -75.19314,40.98145,0 -75.19133,40.98326,0 -75.18882,40.98492,0 -75.18435,40.98668,0 -75.18101,40.98789,0 -75.17799,40.98896,0 -75.17514,40.99002,0 -75.17153,40.99177,0 -75.16691,40.99407,0 -75.16141,40.99616,0 -75.15804,40.99726,0 -75.155,40.9982,0 -75.15164,40.99839,0 -75.14833,40.99799,0 -75.14541,40.99738,0 -75.14297,40.9948,0 -75.14141,40.99169,0 -75.13922,40.98734,0 -75.13835,40.9851,0 -75.13777,40.9827,0 -75.13694,40.98048,0 -75.1358,40.97766,0 -75.13493,40.9755,0 -75.1335,40.97294,0 -75.13166,40.97103,0 -75.12873,40.97049,0 -75.12514,40.97106,0 -75.12217,40.97135,0 -75.11965,40.96985,0 -75.11896,40.9676,0 -75.11783,40.96532,0 -75.11738,40.96244,0 -75.11714,40.95969,0 -75.11688,40.95744,0 -75.11617,40.95512,0 -75.11498,40.95298,0 -75.11319,40.95094,0 -75.11128,40.94912,0 -75.10846,40.94517,0 -75.10647,40.94265,0 -75.10471,40.94048,0 -75.10393,40.93795,0 -75.10346,40.93555,0 -75.10193,40.93362,0 -75.09838,40.93104,0 -75.09592,40.92951,0 -75.09328,40.9284,0 -75.09039,40.92759,0 -75.08709,40.92712,0 -75.08374,40.92733,0 -75.08003,40.92866,0 -75.07726,40.92957,0 -75.07391,40.92967,0 -75.07117,40.92869,0 -75.06873,40.92635,0 -75.06697,40.92428,0 -75.06431,40.92287,0 -75.06126,40.92238,0 -75.05783,40.92241,0 -75.05468,40.92294,0 -75.04978,40.9245,0 -75.04286,40.92688,0 -75.03996,40.92798,0 -75.0364,40.92947,0 -75.0332,40.93035,0 -75.02993,40.93138,0 -75.02707,40.93249,0 -75.02328,40.93362,0 -75.01924,40.93443,0 -75.01584,40.93495,0 -75.01234,40.93511,0 -75.00827,40.93496,0 -75.00514,40.93463,0 -75.00101,40.93394,0 -74.9955,40.93269,0 -74.99237,40.93208,0 -74.98897,40.93175,0 -74.98529,40.93093,0 -74.98193,40.92957,0 -74.97883,40.92895,0 -74.97497,40.92882,0 -74.97195,40.92871,0 -74.96885,40.92822,0 -74.96574,40.92723,0 -74.96307,40.92572,0 -74.96023,40.92438,0 -74.95728,40.92384,0 -74.95414,40.92382,0 -74.94865,40.92456,0 -74.94513,40.92487,0 -74.94189,40.92486,0 -74.93746,40.92485,0 -74.93369,40.92459,0 -74.93042,40.92441,0 -74.92204,40.92595,0 -74.91416,40.9277,0 -74.90938,40.92878,0 -74.90458,40.92984,0 -74.90123,40.93021,0 -74.8976,40.92971,0 -74.89429,40.92918,0 -74.89,40.92898,0 -74.88686,40.92854,0 -74.88413,40.92755,0 -74.8808,40.92578,0 -74.87798,40.9244,0 -74.87498,40.92343,0 -74.87206,40.9229,0 -74.86862,40.92262,0 -74.86494,40.92235,0 -74.86188,40.92212,0 -74.85707,40.92177,0 -74.85382,40.92149,0 -74.85066,40.92091,0 -74.84501,40.91949,0 -74.84194,40.91896,0 -74.8385,40.91941,0 -74.83559,40.91994,0 -74.8325,40.91971,0 -74.8295,40.91862,0 -74.82665,40.91759,0 -74.82347,40.91738,0 -74.82016,40.91779,0 -74.81706,40.91779,0 -74.81417,40.91717,0 -74.81115,40.91667,0 -74.80816,40.91707,0 -74.80553,40.91845,0 -74.80345,40.92039,0 -74.80105,40.92203,0 -74.79815,40.92288,0 -74.79505,40.92336,0 -74.79206,40.92402,0 -74.7891,40.92455,0 -74.78584,40.92415,0 -74.78332,40.92281,0 -74.78174,40.92089,0 -74.78026,40.91874,0 -74.77784,40.91705,0 -74.77483,40.91623,0 -74.77183,40.91595,0 -74.76869,40.91598,0 -74.76547,40.91571,0 -74.76272,40.91467,0 -74.75984,40.91315,0 -74.75715,40.91199,0 -74.75406,40.91174,0 -74.74757,40.91224,0 -74.74452,40.91235,0 -74.74103,40.91215,0 -74.73784,40.91166,0 -74.73467,40.91087,0 -74.73143,40.90971,0 -74.72846,40.90825,0 -74.72567,40.90645,0 -74.72352,40.90468,0 -74.72156,40.9026,0 -74.72007,40.90057,0 -74.71845,40.89774,0 -74.71707,40.89547,0 -74.71507,40.89353,0 -74.71251,40.89203,0 -74.70975,40.89114,0 -74.70658,40.89076,0 -74.70245,40.89059,0 -74.69838,40.89042,0 -74.69527,40.89029,0 -74.6917,40.89014,0 -74.68842,40.89001,0 -74.68506,40.8899,0 -74.68173,40.89011,0 -74.67861,40.89067,0 -74.67436,40.89182,0 -74.67119,40.89243,0 -74.6682,40.89266,0 -74.6651,40.89257,0 -74.66194,40.8924,0 -74.65856,40.8922,0 -74.6553,40.89214,0 -74.65223,40.89241,0 -74.64926,40.893,0 -74.64397,40.89456,0 -74.63997,40.89575,0 -74.63532,40.89713,0 -74.63161,40.89823,0 -74.62845,40.89916,0 -74.62511,40.90016,0 -74.62012,40.90165,0 -74.61684,40.90263,0 -74.6132,40.90371,0 -74.60999,40.90466,0 -74.60637,40.90574,0 -74.60173,40.90711,0 -74.59872,40.90799,0 -74.59542,40.90864,0 -74.59216,40.90881,0 -74.58919,40.90858,0 -74.58452,40.90794,0 -74.58154,40.90775,0 -74.57856,40.90792,0 -74.57531,40.90847,0 -74.57206,40.90905,0 -74.56881,40.90963,0 -74.56581,40.91004,0 -74.56249,40.91029,0 -74.55868,40.91038,0 -74.55562,40.91043,0 -74.5511,40.91051,0 -74.54477,40.91063,0 -74.54133,40.91069,0 -74.53171,40.91087,0 -74.5283,40.91094,0 -74.52026,40.91109,0 -74.51714,40.91114,0 -74.51404,40.9112,0 -74.51072,40.91104,0 -74.50755,40.91049,0 -74.50444,40.90953,0 -74.5016,40.90821,0 -74.49895,40.90669,0 -74.49648,40.90512,0 -74.49433,40.90353,0 -74.49058,40.90029,0 -74.48879,40.89834,0 -74.48721,40.89567,0 -74.48558,40.89348,0 -74.48323,40.89178,0 -74.47822,40.88994,0 -74.47528,40.88893,0 -74.47265,40.88732,0 -74.47086,40.88529,0 -74.46971,40.88193,0 -74.46907,40.87965,0 -74.46785,40.87716,0 -74.46624,40.87498,0 -74.46433,40.87291,0 -74.46198,40.87083,0 -74.4595,40.8693,0 -74.45672,40.86821,0 -74.45327,40.86753,0 -74.44877,40.86732,0 -74.44543,40.86704,0 -74.44208,40.86657,0 -74.43896,40.8662,0 -74.4349,40.86589,0 -74.43132,40.86563,0 -74.42754,40.86534,0 -74.42337,40.86495,0 -74.42013,40.86456,0 -74.41706,40.86414,0 -74.41388,40.86365,0 -74.41086,40.86313,0 -74.40795,40.86257,0 -74.40508,40.86197,0 -74.40016,40.86085,0 -74.39712,40.86033,0 -74.394,40.86026,0 -74.3886,40.86051,0 -74.38546,40.86046,0 -74.38237,40.8601,0 -74.37849,40.85945,0 -74.37506,40.85888,0 -74.37197,40.85855,0 -74.36883,40.85882,0 -74.36591,40.85981,0 -74.36306,40.86111,0 -74.36012,40.86217,0 -74.35698,40.86268,0 -74.35377,40.86261,0 -74.34899,40.86211,0 -74.34371,40.86156,0 -74.34066,40.86146,0 -74.33754,40.86205,0 -74.33491,40.86321,0 -74.33276,40.86487,0 -74.33118,40.86682,0 -74.33011,40.86924,0 -74.32767,40.87703,0 -74.32685,40.8792,0 -74.32567,40.88136,0 -74.32407,40.88334,0 -74.32208,40.88511,0 -74.31982,40.88674,0 -74.31739,40.8882,0 -74.31443,40.88967,0 -74.31169,40.89078,0 -74.30885,40.89171,0 -74.30592,40.89244,0 -74.3029,40.89299,0 -74.29984,40.89334,0 -74.29675,40.8935,0 -74.2741,40.89375,0 -74.27106,40.89383,0 -74.26802,40.89401,0 -74.26483,40.89436,0 -74.26181,40.89476,0 -74.25874,40.89528,0 -74.25582,40.89589,0 -74.25284,40.89661,0 -74.24874,40.89761,0 -74.24583,40.89827,0 -74.2425,40.89885,0 -74.23927,40.89927,0 -74.23627,40.89952,0 -74.23317,40.89941,0 -74.22994,40.89859,0 -74.22639,40.89743,0 -74.22338,40.8967,0 -74.22036,40.89663,0 -74.2171,40.89691,0 -74.2134,40.89722,0 -74.21042,40.89737,0 -74.2074,40.89651,0 -74.20439,40.89579,0 -74.20141,40.89616,0 -74.19892,40.89752,0 -74.19744,40.89955,0 -74.19609,40.90177,0 -74.1942,40.90357,0 -74.19008,40.90518,0 -74.18734,40.90627,0 -74.18478,40.90775,0 -74.18188,40.90867,0 -74.17868,40.90875,0 -74.17562,40.90858,0 -74.17254,40.90806,0 -74.16941,40.90749,0 -74.16608,40.90689,0 -74.16304,40.90634,0 -74.16028,40.90526,0 -74.15811,40.90339,0 -74.15558,40.90198,0 -74.15148,40.90122,0 -74.14845,40.90075,0 -74.14547,40.90041,0 -74.14249,40.90075,0 -74.13942,40.90127,0 -74.13648,40.90178,0 -74.13347,40.90195,0 -74.13032,40.9015,0 -74.12716,40.90104,0 -74.12406,40.90164,0 -74.12123,40.90271,0 -74.11841,40.90358,0 -74.11548,40.90407,0 -74.11234,40.90416,0 -74.10871,40.90396,0 -74.10559,40.90378,0 -74.1025,40.9036,0 -74.09922,40.9034,0 -74.09621,40.90323,0 -74.09308,40.90298,0 -74.08997,40.90257,0 -74.08708,40.90192,0 -74.08433,40.90101,0 -74.08195,40.89955,0 -74.08045,40.897,0 -74.0793,40.8949,0 -74.0772,40.89329,0 -74.07497,40.89176,0 -74.07305,40.88999,0 -74.07072,40.88786,0 -74.06862,40.88591,0 -74.06692,40.88396,0 -74.06591,40.88169,0 -74.06491,40.87942,0 -74.06365,40.87709,0 -74.06229,40.87507,0 -74.06067,40.87308,0 -74.05848,40.87086,0 -74.05626,40.86912,0 -74.05362,40.8679,0 -74.05031,40.86726,0 -74.04716,40.86697,0 -74.04389,40.86682,0 -74.03979,40.86687,0 -74.03312,40.867,0 -74.02996,40.86691,0 -74.02682,40.86658,0 -74.02381,40.86615,0 -74.02059,40.86568,0 -74.01761,40.8652,0 -74.01386,40.86448,0 -74.01073,40.86425,0 -74.00777,40.86489,0 -74.00541,40.86628,0 -74.00298,40.86762,0 -74.00006,40.86715,0 -73.99738,40.86614,0 -73.99464,40.86511,0 -73.99356,40.86283,0 -73.9954,40.8605,0 -73.99644,40.85828,0 -73.99829,40.85511,0 -73.99983,40.85293,0 -74.00123,40.85082,0 -73.99916,40.84918,0 -73.99608,40.8474,0 -73.9931,40.84564,0 -73.9889,40.84755,0 -73.98675,40.85013,0 -73.98498,40.85207,0 -73.98439,40.85432,0 -73.98241,40.85652,0 -73.97937,40.85694,0 -73.98234,40.85671,0 -73.98412,40.8549,0 -73.98491,40.85269,0 -73.98672,40.8503,0 -73.98949,40.84754,0 -73.99192,40.84513,0 -73.99424,40.84283,0 -73.99687,40.8416,0 -73.99983,40.84214,0 -74.00296,40.84096,0 -74.0047,40.83887,0 -74.00722,40.83637,0 -74.00914,40.83462,0 -74.01029,40.83232,0 -74.01034,40.82945,0 -74.01017,40.82708,0 -74.00961,40.82484,0 -74.00871,40.82265,0 -74.00796,40.82043,0 -74.00795,40.81787,0 -74.00878,40.81562,0 -74.01046,40.81363,0 -74.01222,40.8117,0 -74.01404,40.80967,0 -74.01586,40.8077,0 -74.01762,40.80581,0 -74.01953,40.80357,0 -74.02175,40.80093,0 -74.02334,40.79893,0 -74.02515,40.79682,0 -74.02645,40.79478,0 -74.02773,40.79256,0 -74.02893,40.7904,0 -74.03066,40.78819,0 -74.03234,40.78605,0 -74.03324,40.78329,0 -74.03179,40.78092,0 -74.03152,40.77835,0 -74.03226,40.77589,0 -74.03054,40.77383,0 -74.02895,40.77176,0 -74.02668,40.76984,0 -74.02367,40.76847,0 -74.02198,40.76627,0 -74.0234,40.76426,0 -74.02227,40.76641,0 -74.00997,40.76247,0 -73.99771,40.75731,0 -73.99476,40.75772,0 -73.99685,40.75935,0 -73.99987,40.75903,0 -74.00952,40.76309,0 -74.01939,40.76725,0 -74.02238,40.76699,0 -74.02403,40.7649,0 -74.02611,40.76247,0 -74.02758,40.76042,0 -74.02839,40.75796,0 -74.02914,40.7555,0 -74.03517,40.75492,0 -74.03768,40.75226,0 -74.04004,40.75063,0 -74.04141,40.74851,0 -74.04327,40.74561,0 -74.04458,40.74356,0 -74.04602,40.74131,0 -74.04764,40.73877,0 -74.04936,40.73609,0 -74.05092,40.73368,0 -74.05287,40.73174,0 -74.04884,40.73097,0 -74.04547,40.73068,0 -74.04235,40.73028,0 -74.03859,40.72995,0 -74.033,40.729,0 -74.02659,40.72832,0 -74.02135,40.72748,0 -74.01576,40.72653,0 -74.01251,40.72621,0 -74.00812,40.72373,0 -74.00677,40.72172,0 -74.00506,40.71979,0 -74.00244,40.7186,0 -73.99958,40.71737,0 -73.99662,40.71637,0 -73.99473,40.71435,0 -73.98954,40.70507,0 -73.98635,40.69936,0 -73.98706,40.69686,0 -73.98643,40.69975,0 -73.98941,40.70509,0 -73.99075,40.7075,0 -73.99459,40.71437,0 -73.99621,40.71632,0 -73.99926,40.71752,0 -74.00181,40.71934,0 -74.00398,40.72091,0 -74.0062,40.72249,0 -74.00699,40.72476,0 -74.01092,40.72618,0 -74.01471,40.72656,0 -74.02131,40.72764,0 -74.02616,40.72842,0 -74.03167,40.72891,0 -74.03461,40.72956,0 -74.03691,40.73099,0 -74.03995,40.73159,0 -74.04291,40.73186,0 -74.04801,40.73169,0 -74.05097,40.73118,0 -74.05974,40.7379,0 -74.06229,40.7391,0 -74.06586,40.73927,0 -74.06891,40.73911,0 -74.07195,40.73889,0 -74.07717,40.73794,0 -74.08163,40.73711,0 -74.08456,40.73662,0 -74.08878,40.73579,0 -74.09962,40.73472,0 -74.10512,40.73458,0 -74.10819,40.73467,0 -74.11227,40.73482,0 -74.12107,40.73517,0 -74.12419,40.73486,0 -74.12699,40.73375,0 -74.1294,40.73238,0 -74.13232,40.73083,0 -74.13489,40.7294,0 -74.13832,40.72747,0 -74.14077,40.72609,0 -74.14454,40.72395,0 -74.14697,40.72245,0 -74.15011,40.72077,0 -74.15257,40.71939,0 -74.15482,40.71789,0 -74.15639,40.71544,0 -74.1581,40.71244,0 -74.15969,40.71049,0 -74.16229,40.70923,0 -74.16538,40.70866,0 -74.16853,40.70844,0 -74.17166,40.70855,0 -74.17484,40.70863,0 -74.17786,40.70869,0 -74.18081,40.7082,0 -74.18429,40.70833,0 -74.1893,40.70813,0 -74.19553,40.70787,0 -74.19847,40.70724,0 -74.20879,40.70112,0 -74.21156,40.69996,0 -74.21484,40.69829,0 -74.21735,40.69693,0 -74.22046,40.69705,0 -74.22392,40.69754,0 -74.22706,40.69854,0 -74.23071,40.6992,0 -74.23381,40.69939,0 -74.23697,40.69926,0 -74.23993,40.69905,0 -74.24344,40.69828,0 -74.24674,40.69787,0 -74.24979,40.69763,0 -74.25294,40.69716,0 -74.25589,40.69633,0 -74.25897,40.69625,0 -74.26172,40.69523,0 -74.26395,40.6936,0 -74.26656,40.69234,0 -74.26998,40.69203,0 -74.27361,40.69217,0 -74.2771,40.69227,0 -74.28022,40.69202,0 -74.28321,40.69184,0 -74.28624,40.69177,0 -74.28925,40.69148,0 -74.29237,40.69097,0 -74.29559,40.69148,0 -74.29843,40.69216,0 -74.29529,40.69199,0 -74.29327,40.69021,0 -74.29004,40.69064,0 -74.28709,40.69104,0 -74.28396,40.69149,0 -74.28099,40.69181,0 -74.27799,40.69218,0 -74.27501,40.69207,0 -74.27095,40.69197,0 -74.26785,40.69188,0 -74.26483,40.69202,0 -74.26263,40.69371,0 -74.26032,40.69534,0 -74.25715,40.69695,0 -74.25461,40.69827,0 -74.25066,40.70022,0 -74.24827,40.70163,0 -74.24617,40.70325,0 -74.24329,40.70482,0 -74.24004,40.70496,0 -74.23692,40.70553,0 -74.23407,40.70658,0 -74.23124,40.70799,0 -74.22859,40.70943,0 -74.22499,40.71257,0 -74.22275,40.71427,0 -74.22003,40.7155,0 -74.217,40.71621,0 -74.21385,40.71639,0 -74.21069,40.71616,0 -74.2076,40.71558,0 -74.20469,40.71461,0 -74.20204,40.71328,0 -74.19964,40.7118,0 -74.19669,40.71045,0 -74.1939,40.70936,0 -74.19077,40.70857,0 -74.18762,40.7086,0 -74.18393,40.70952,0 -74.18082,40.71033,0 -74.17741,40.71053,0 -74.17428,40.71057,0 -74.16961,40.71055,0 -74.16652,40.71036,0 -74.16339,40.70997,0 -74.16048,40.70938,0 -74.15705,40.70831,0 -74.1543,40.7072,0 -74.15236,40.70548,0 -74.15048,40.70734,0 -74.1488,40.70929,0 -74.14652,40.71083,0 -74.14269,40.71239,0 -74.13993,40.71352,0 -74.13743,40.71489,0 -74.13535,40.71661,0 -74.13424,40.71876,0 -74.13377,40.72105,0 -74.13303,40.72331,0 -74.13184,40.72541,0 -74.12996,40.72731,0 -74.12756,40.72915,0 -74.12548,40.73094,0 -74.12404,40.73313,0 -74.12348,40.73548,0 -74.12335,40.73838,0 -74.12289,40.74072,0 -74.12192,40.74364,0 -74.12089,40.74583,0 -74.11939,40.74784,0 -74.11743,40.74968,0 -74.11514,40.75119,0 -74.11256,40.75252,0 -74.10996,40.75376,0 -74.10713,40.755,0 -74.10447,40.75601,0 -74.10151,40.7567,0 -74.09848,40.75699,0 -74.09053,40.75711,0 -74.08749,40.75738,0 -74.08455,40.75815,0 -74.08189,40.75933,0 -74.0793,40.76057,0 -74.07591,40.7621,0 -74.0707,40.76444,0 -74.06812,40.76572,0 -74.0658,40.76726,0 -74.06379,40.76904,0 -74.06213,40.771,0 -74.0607,40.77307,0 -74.05927,40.77513,0 -74.05763,40.77725,0 -74.05645,40.77934,0 -74.05368,40.78031,0 -74.05072,40.77947,0 -74.04809,40.77833,0 -74.04556,40.77714,0 -74.03938,40.77533,0 -74.03596,40.77413,0 -74.03321,40.77296,0 -74.0302,40.77149,0 -74.02733,40.77027,0 -74.02452,40.76895,0 -74.022,40.76764,0 -74.02242,40.76541,0 -74.02433,40.7634,0 -74.02303,40.76561,0 -74.02049,40.76679,0 -74.00997,40.76247,0 -73.99771,40.75731,0 -73.99469,40.75761,0 -73.99088,40.75602,0 -73.99294,40.75776,0 -73.99579,40.75894,0 -73.99447,40.761,0 -73.99091,40.76104,0 -73.98807,40.75985,0 -73.98543,40.75874,0 -73.98839,40.75916,0 -73.98543,40.75874,0 -73.9827,40.75758,0 -73.97915,40.75609,0 -73.97651,40.75499,0 -73.97507,40.75279,0 -73.97777,40.75469,0 -73.98081,40.75358,0 -73.98228,40.75158,0 -73.98403,40.74916,0 -73.98549,40.74715,0 -73.98842,40.74758,0 -73.98549,40.74715,0 -73.98794,40.749,0 -73.99098,40.75029,0 -73.99472,40.75024,0 -73.99756,40.75144,0 -73.99837,40.75376,0 -73.99597,40.7552,0 -73.99623,40.75749,0 -73.99879,40.75875,0 -74.00955,40.76311,0 -74.01939,40.76725,0 -74.02238,40.76699,0 -74.02403,40.7649,0 -74.02366,40.76266,0 -74.02185,40.76458,0 -74.02125,40.76684,0 -74.02439,40.76912,0 -74.02726,40.77037,0 -74.02989,40.77146,0 -74.03255,40.77276,0 -74.03531,40.774,0 -74.03801,40.77498,0 -74.0408,40.77597,0 -74.04189,40.77387,0 -74.04285,40.7716,0 -74.04432,40.76957,0 -74.04652,40.76669,0 -74.04839,40.76409,0 -74.04991,40.76195,0 -74.05159,40.75961,0 -74.05382,40.75743,0 -74.05602,40.75466,0 -74.0584,40.75162,0 -74.06036,40.7497,0 -74.06183,40.7471,0 -74.06263,40.74482,0 -74.06353,40.7419,0 -74.06507,40.73992,0 -74.06793,40.73921,0 -74.07097,40.73899,0 -74.07425,40.73848,0 -74.07717,40.73794,0 -74.08163,40.73711,0 -74.08456,40.73662,0 -74.08878,40.73579,0 -74.09962,40.73472,0 -74.10512,40.73458,0 -74.10819,40.73467,0 -74.11227,40.73482,0 -74.12107,40.73517,0 -74.12419,40.73486,0 -74.12699,40.73375,0 -74.1294,40.73238,0 -74.13232,40.73083,0 -74.13489,40.7294,0 -74.13832,40.72747,0 -74.14077,40.72609,0 -74.14454,40.72395,0 -74.14697,40.72245,0 -74.15011,40.72077,0 -74.15257,40.71939,0 -74.15482,40.71789,0 -74.15639,40.71544,0 -74.1581,40.71244,0 -74.15969,40.71049,0 -74.16229,40.70923,0 -74.16538,40.70866,0 -74.16853,40.70844,0 -74.17164,40.70849,0 -74.17555,40.70855,0 -74.17862,40.7085,0 -74.18117,40.70734,0 -74.18373,40.70421,0 -74.18517,40.70205,0 -74.18599,40.69983,0 -74.18618,40.69756,0 -74.18821,40.69584,0 -74.1874,40.69364,0 -74.18468,40.69259,0 -74.18429,40.68999,0 -74.18285,40.68798,0 -74.17951,40.68857,0 -74.17779,40.69042,0 -74.17677,40.69275,0 -74.17729,40.69498,0 -74.18025,40.69539,0 -74.18291,40.69348,0 -74.18588,40.6937,0 -74.18507,40.6959,0 -74.18561,40.69889,0 -74.18535,40.70113,0 -74.18414,40.70326,0 -74.18243,40.70519,0 -74.1804,40.70694,0 -74.17792,40.70824,0 -74.17207,40.70823,0 -74.16889,40.70813,0 -74.16503,40.70837,0 -74.16203,40.70894,0 -74.15948,40.71014,0 -74.15714,40.71173,0 -74.15375,40.71465,0 -74.15185,40.71653,0 -74.14966,40.71932,0 -74.14785,40.72127,0 -74.14561,40.72295,0 -74.14258,40.72471,0 -74.14005,40.72617,0 -74.13616,40.72833,0 -74.13281,40.73022,0 -74.13036,40.73166,0 -74.12695,40.73369,0 -74.12423,40.73476,0 -74.12127,40.7351,0 -74.1059,40.73451,0 -74.10216,40.73446,0 -74.09158,40.73534,0 -74.08592,40.73624,0 -74.08291,40.73676,0 -74.07715,40.73787,0 -74.07423,40.73841,0 -74.07123,40.7389,0 -74.06825,40.73907,0 -74.06527,40.73909,0 -74.06376,40.74107,0 -74.06294,40.74343,0 -74.06203,40.74623,0 -74.06087,40.74868,0 -74.05934,40.75064,0 -74.0576,40.75247,0 -74.05599,40.75461,0 -74.0543,40.75682,0 -74.05197,40.75906,0 -74.04993,40.7617,0 -74.04844,40.76382,0 -74.04697,40.76592,0 -74.04543,40.76797,0 -74.04349,40.7705,0 -74.04201,40.77266,0 -74.04098,40.77485,0 -74.0374,40.77442,0 -74.03457,40.77346,0 -74.0302,40.77149,0 -74.02733,40.77027,0 -74.02452,40.76895,0 -74.022,40.76764,0 -74.02242,40.76541,0 -74.02433,40.7634,0 -74.02303,40.76561,0 -74.02049,40.76679,0 -74.00997,40.76247,0 -73.99771,40.75731,0 -73.99476,40.75772,0 -73.99132,40.75788,0 -73.98843,40.7591,0 -73.98697,40.76111,0 -73.98553,40.76309,0 -73.98393,40.76528,0 -73.98241,40.76733,0 -73.98201,40.76962,0 -73.98207,40.7721,0 -73.9821,40.77457,0 -73.982,40.77698,0 -73.98115,40.77923,0 -73.9797,40.78125,0 -73.97826,40.78325,0 -73.97528,40.78359,0 -73.97266,40.78244,0 -73.97152,40.78032,0 -73.9689,40.77908,0 -73.96618,40.77814,0 -73.96417,40.77637,0 -73.96565,40.77435,0 -73.96709,40.77237,0 -73.96886,40.76995,0 -73.97144,40.76878,0 -73.97427,40.7696,0 -73.97681,40.77117,0 -73.97787,40.77361,0 -73.97642,40.7756,0 -73.97496,40.77759,0 -73.97335,40.77981,0 -73.97181,40.78192,0 -73.97035,40.78393,0 -73.96753,40.78467,0 -73.96475,40.78362,0 -73.96306,40.78174,0 -73.96179,40.77964,0 -73.95888,40.78076,0 -73.95745,40.78274,0 -73.95599,40.78473,0 -73.95423,40.78714,0 -73.95274,40.78918,0 -73.95114,40.79137,0 -73.9516,40.79361,0 -73.95304,40.79163,0 -73.95453,40.7896,0 -73.95143,40.79099,0 -73.94996,40.79299,0 -73.94851,40.79497,0 -73.94932,40.79715,0 -73.9523,40.79818,0 -73.9551,40.79936,0 -73.95776,40.80048,0 -73.9551,40.79936,0 -73.9524,40.79822,0 -73.94974,40.7971,0 -73.95065,40.79491,0 -73.94812,40.79299,0 -73.94519,40.79179,0 -73.94258,40.79069,0 -73.9439,40.78864,0 -73.94181,40.78701,0 -73.94182,40.78455,0 -73.94397,40.78289,0 -73.94403,40.78046,0 -73.94307,40.77818,0 -73.94254,40.77596,0 -73.94425,40.77339,0 -73.9463,40.77166,0 -73.94839,40.76953,0 -73.95015,40.76745,0 -73.952,40.76527,0 -73.95374,40.76335,0 -73.95569,40.76145,0 -73.9579,40.75974,0 -73.95982,40.75721,0 -73.96167,40.75536,0 -73.96358,40.75336,0 -73.96767,40.74865,0 -73.96988,40.74616,0 -73.97192,40.74355,0 -73.9729,40.74067,0 -73.97382,40.73834,0 -73.97505,40.73623,0 -73.97405,40.7318,0 -73.97236,40.72988,0 -73.97194,40.72708,0 -73.97302,40.72476,0 -73.97431,40.72269,0 -73.97496,40.71907,0 -73.97554,40.71682,0 -73.97776,40.71252,0 -73.98003,40.71099,0 -73.98355,40.7107,0 -73.98926,40.7101,0 -73.99323,40.70952,0 -73.99685,40.70903,0 -73.99988,40.709,0 -74.00009,40.7114,0 -73.99822,40.71326,0 -74.00115,40.71471,0 -74.00402,40.71322,0 -74.00696,40.71182,0 -74.00971,40.71275,0 -74.01233,40.71394,0 -74.01296,40.71632,0 -74.01235,40.71893,0 -74.01178,40.72164,0 -74.01125,40.72418,0 -74.0108,40.72664,0 -74.01056,40.7291,0 -74.01034,40.73138,0 -74.01011,40.73376,0 -74.00984,40.73698,0 -74.00989,40.73925,0 -74.00892,40.74142,0 -74.00841,40.74389,0 -74.00792,40.7466,0 -74.00775,40.74889,0 -74.00789,40.75157,0 -74.00706,40.75375,0 -74.0053,40.75631,0 -74.00382,40.75835,0 -74.00229,40.76044,0 -74.00038,40.76249,0 -73.9985,40.76424,0 -73.99676,40.76664,0 -73.99502,40.76903,0 -73.99433,40.77123,0 -73.99216,40.77456,0 -73.98837,40.77979,0 -73.98665,40.78172,0 -73.9842,40.78512,0 -73.98302,40.78729,0 -73.98211,40.78946,0 -73.98078,40.79164,0 -73.97912,40.79366,0 -73.977,40.79545,0 -73.97334,40.79531,0 -73.97176,40.79725,0 -73.97019,40.7994,0 -73.96863,40.80156,0 -73.96704,40.80353,0 -73.96525,40.80599,0 -73.9638,40.80799,0 -73.96236,40.80997,0 -73.96581,40.80895,0 -73.96747,40.80698,0 -73.96861,40.80486,0 -73.97028,40.80244,0 -73.97179,40.80047,0 -73.97371,40.79865,0 -73.97448,40.79641,0 -73.97662,40.79476,0 -73.97727,40.79249,0 -73.9796,40.79098,0 -73.98099,40.78895,0 -73.98126,40.78665,0 -73.98323,40.78442,0 -73.98477,40.78249,0 -73.98569,40.78031,0 -73.98215,40.77883,0 -73.98223,40.77642,0 -73.98232,40.77399,0 -73.98295,40.77173,0 -73.98473,40.76929,0 -73.98616,40.76731,0 -73.98762,40.76531,0 -73.98921,40.76312,0 -73.99073,40.76104,0 -73.99219,40.75904,0 -73.99383,40.7568,0 -73.99534,40.75475,0 -73.99266,40.75354,0 -73.98981,40.75234,0 -73.98696,40.75114,0 -73.98404,40.7499,0 -73.98504,40.74777,0 -73.98659,40.74566,0 -73.98811,40.74356,0 -73.9896,40.74155,0 -73.99135,40.73915,0 -73.99308,40.73675,0 -73.99456,40.73473,0 -73.99611,40.73261,0 -73.99494,40.73041,0 -73.99559,40.7282,0 -73.99751,40.72595,0 -73.99957,40.72347,0 -74.00284,40.72326,0 -74.00591,40.72375,0 -74.00745,40.7257,0 -74.01092,40.72618,0 -74.01471,40.72656,0 -74.02131,40.72764,0 -74.02616,40.72842,0 -74.03167,40.72891,0 -74.03461,40.72956,0 -74.03691,40.73099,0 -74.03995,40.73159,0 -74.04291,40.73186,0 -74.04705,40.73196,0 -74.05009,40.73195,0 -74.05195,40.73001,0 -74.05574,40.7194,0 -74.05603,40.71696,0 -74.05479,40.71419,0 -74.05434,40.71185,0 -74.05561,40.70972,0 -74.05901,40.70788,0 -74.06154,40.70665,0 -74.06412,40.70517,0 -74.06646,40.703,0 -74.06839,40.70121,0 -74.07077,40.69981,0 -74.07397,40.69871,0 -74.07669,40.69778,0 -74.07911,40.69646,0 -74.08112,40.69478,0 -74.08556,40.6904,0 -74.08757,40.68862,0 -74.0901,40.68716,0 -74.09323,40.68613,0 -74.09637,40.68609,0 -74.09822,40.6841,0 -74.09942,40.68191,0 -74.09807,40.67976,0 -74.10288,40.67701,0 -74.10561,40.67377,0 -74.10685,40.67156,0 -74.10786,40.6692,0 -74.10878,40.66694,0 -74.10815,40.66448,0 -74.108,40.66217,0 -74.11037,40.66045,0 -74.11368,40.65966,0 -74.11658,40.65844,0 -74.11929,40.65658,0 -74.12179,40.65533,0 -74.12468,40.65438,0 -74.12764,40.65404,0 -74.13291,40.65431,0 -74.13568,40.65344,0 -74.13716,40.65148,0 -74.13907,40.64883,0 -74.14033,40.64666,0 -74.14129,40.64432,0 -74.14328,40.63944,0 -74.14451,40.63645,0 -74.14526,40.63424,0 -74.14576,40.63187,0 -74.14589,40.62958,0 -74.14573,40.62728,0 -74.14663,40.62503,0 -74.14359,40.62493,0 -74.14063,40.62452,0 -74.13765,40.62423,0 -74.14063,40.62452,0 -74.14359,40.62493,0 -74.1466,40.6249,0 -74.14958,40.62525,0 -74.15262,40.62556,0 -74.15561,40.62594,0 -74.15857,40.62631,0 -74.16191,40.62669,0 -74.16499,40.62707,0 -74.168,40.62766,0 -74.17105,40.62767,0 -74.17416,40.6267,0 -74.17682,40.62546,0 -74.17953,40.62652,0 -74.1819,40.62794,0 -74.18459,40.6293,0 -74.18734,40.63049,0 -74.19002,40.63176,0 -74.19726,40.6356,0 -74.19999,40.63704,0 -74.2025,40.63855,0 -74.20462,40.64034,0 -74.20691,40.64207,0 -74.20946,40.64338,0 -74.21232,40.64272,0 -74.21056,40.64087,0 -74.20759,40.64034,0 -74.20476,40.64223,0 -74.20317,40.64484,0 -74.20184,40.64707,0 -74.20008,40.6491,0 -74.19687,40.65113,0 -74.19407,40.65265,0 -74.19132,40.65415,0 -74.18884,40.65585,0 -74.18697,40.65788,0 -74.18519,40.66043,0 -74.18365,40.66254,0 -74.18194,40.66466,0 -74.18012,40.6667,0 -74.17725,40.66975,0 -74.17501,40.67214,0 -74.17315,40.67421,0 -74.17145,40.67636,0 -74.16864,40.68035,0 -74.16699,40.68277,0 -74.16372,40.68749,0 -74.16219,40.6897,0 -74.16075,40.69173,0 -74.15787,40.69567,0 -74.15625,40.69789,0 -74.15474,40.69987,0 -74.1535,40.70195,0 -74.15188,40.70432,0 -74.14936,40.70559,0 -74.14642,40.70456,0 -74.14374,40.70324,0 -74.1399,40.70185,0 -74.13044,40.69893,0 -74.1271,40.69792,0 -74.12366,40.69689,0 -74.11805,40.69518,0 -74.10547,40.69133,0 -74.10258,40.68996,0 -74.10035,40.68814,0 -74.09819,40.68657,0 -74.09525,40.68586,0 -74.09231,40.68626,0 -74.08938,40.68741,0 -74.08708,40.68887,0 -74.08334,40.69246,0 -74.08105,40.69472,0 -74.07899,40.69642,0 -74.07652,40.69776,0 -74.07271,40.699,0 -74.07003,40.70007,0 -74.06776,40.7016,0 -74.0658,40.70353,0 -74.06376,40.7052,0 -74.06118,40.70659,0 -74.05689,40.70885,0 -74.05478,40.71051,0 -74.05417,40.71278,0 -74.05534,40.71537,0 -74.05595,40.71766,0 -74.05365,40.72498,0 -74.05235,40.72871,0 -74.05078,40.73068,0 -74.04622,40.73066,0 -74.04317,40.73035,0 -74.03984,40.73004,0 -74.03672,40.72979,0 -74.033,40.729,0 -74.02659,40.72832,0 -74.02135,40.72748,0 -74.01576,40.72653,0 -74.01251,40.72621,0 -74.00812,40.72373,0 -74.00677,40.72172,0 -74.00485,40.7235,0 -74.00395,40.72571,0 -74.00296,40.72814,0 -74.00175,40.73047,0 -74.00011,40.73288,0 -73.99867,40.73485,0 -73.99718,40.73689,0 -73.99566,40.73898,0 -73.9942,40.74098,0 -73.99273,40.743,0 -73.99111,40.74523,0 -73.98966,40.74722,0 -73.98791,40.74956,0 -73.98644,40.75165,0 -73.985,40.75362,0 -73.98321,40.75608,0 -73.98175,40.75808,0 -73.98324,40.76027,0 -73.98643,40.76161,0 -73.9892,40.76278,0 -73.99118,40.76042,0 -73.99265,40.75843,0 -73.99433,40.7561,0 -73.9958,40.75413,0 -73.99727,40.75213,0 -73.99871,40.75014,0 -74.00037,40.74786,0 -74.00186,40.74586,0 -74.0033,40.74385,0 -74.00479,40.74169,0 -74.00539,40.73949,0 -74.00577,40.73722,0 -74.00476,40.73471,0 -74.00366,40.73239,0 -74.00472,40.73026,0 -74.00541,40.72796,0 -74.00571,40.72568,0 -74.00337,40.72715,0 -74.00005,40.72693,0 -73.99709,40.72547,0 -73.99428,40.72465,0 -73.99775,40.72428,0 -73.99472,40.72583,0 -73.99775,40.72428,0 -74.00054,40.7256,0 -74.00305,40.72684,0 -74.00226,40.72956,0 -74.001,40.73165,0 -73.99952,40.73366,0 -74.00072,40.73593,0 -74.00204,40.73815,0 -74.00498,40.74078,0 -74.0056,40.7382,0 -74.00513,40.73597,0 -74.00428,40.73345,0 -74.00423,40.73113,0 -74.00529,40.72885,0 -74.00565,40.7265,0 -74.00628,40.72429,0 -74.01092,40.72618,0 -74.01471,40.72656,0 -74.02131,40.72764,0 -74.02616,40.72842,0 -74.03167,40.72891,0 -74.03461,40.72956,0 -74.03691,40.73099,0 -74.03995,40.73159,0 -74.04291,40.73186,0 -74.04705,40.73196,0 -74.05009,40.73195,0 -74.05195,40.73001,0 -74.05574,40.7194,0 -74.05603,40.71696,0 -74.05479,40.71419,0 -74.05434,40.71185,0 -74.05561,40.70972,0 -74.05901,40.70788,0 -74.06154,40.70665,0 -74.06412,40.70517,0 -74.06646,40.703,0 -74.06839,40.70121,0 -74.07077,40.69981,0 -74.07397,40.69871,0 -74.07669,40.69778,0 -74.07911,40.69646,0 -74.08112,40.69478,0 -74.08556,40.6904,0 -74.08757,40.68862,0 -74.0901,40.68716,0 -74.09323,40.68613,0 -74.09637,40.68609,0 -74.09822,40.6841,0 -74.09942,40.68191,0 -74.09807,40.67976,0 -74.10288,40.67701,0 -74.10561,40.67377,0 -74.10685,40.67156,0 -74.10786,40.6692,0 -74.10878,40.66694,0 -74.10815,40.66448,0 -74.108,40.66217,0 -74.11037,40.66045,0 -74.11368,40.65966,0 -74.11658,40.65844,0 -74.11929,40.65658,0 -74.12179,40.65533,0 -74.12468,40.65438,0 -74.12764,40.65404,0 -74.13291,40.65431,0 -74.13568,40.65344,0 -74.13716,40.65148,0 -74.13907,40.64883,0 -74.14033,40.64666,0 -74.14129,40.64432,0 -74.14328,40.63944,0 -74.14451,40.63645,0 -74.14526,40.63424,0 -74.14576,40.63187,0 -74.14589,40.62958,0 -74.14573,40.62728,0 -74.14663,40.62503,0 -74.14993,40.6253,0 -74.15313,40.62561,0 -74.15617,40.62602,0 -74.15941,40.62642,0 -74.1625,40.62676,0 -74.16547,40.62716,0 -74.16845,40.62775,0 -74.17142,40.62764,0 -74.16845,40.62775,0 -74.16556,40.62717,0 -74.1625,40.62676,0 -74.15941,40.62642,0 -74.15617,40.62593,0 -74.15313,40.62561,0 -74.14986,40.6252,0 -74.14682,40.62487,0 -74.14773,40.62251,0 -74.15163,40.6182,0 -74.15286,40.61611,0 -74.15496,40.61281,0 -74.15448,40.61053,0 -74.15152,40.61004,0 -74.14903,40.60872,0 -74.14613,40.60775,0 -74.14296,40.6075,0 -74.13992,40.60765,0 -74.13681,40.60781,0 -74.1335,40.60799,0 -74.13041,40.60816,0 -74.12731,40.60846,0 -74.12425,40.60897,0 -74.12132,40.60967,0 -74.1179,40.61071,0 -74.11494,40.61113,0 -74.11088,40.61042,0 -74.10573,40.61022,0 -74.09793,40.61052,0 -74.09493,40.61045,0 -74.09116,40.60926,0 -74.08723,40.6076,0 -74.08446,40.60665,0 -74.08155,40.60619,0 -74.07761,40.60606,0 -74.07448,40.60572,0 -74.07143,40.6048,0 -74.0688,40.60376,0 -74.06572,40.6027,0 -74.06291,40.60196,0 -74.05981,40.60178,0 -74.0564,40.60274,0 -74.05153,40.60432,0 -74.03437,40.60986,0 -74.03147,40.61073,0 -74.02915,40.61221,0 -74.02783,40.61425,0 -74.02585,40.61652,0 -74.02353,40.61929,0 -74.02086,40.62242,0 -74.01931,40.62441,0 -74.01824,40.62657,0 -74.01736,40.62893,0 -74.01611,40.63221,0 -74.01613,40.63461,0 -74.01829,40.63645,0 -74.02071,40.63799,0 -74.0215,40.64049,0 -74.01875,40.64345,0 -74.01448,40.64771,0 -74.01251,40.64959,0 -74.00795,40.65398,0 -74.00653,40.65194,0 -74.0075,40.65422,0 -74.00561,40.65603,0 -74.00338,40.65818,0 -74.00152,40.65995,0 -73.99931,40.6621,0 -73.99746,40.66387,0 -73.99526,40.66602,0 -73.99618,40.66841,0 -73.99775,40.67081,0 -73.99911,40.67294,0 -74.0007,40.67551,0 -74.00201,40.67796,0 -74.00289,40.68056,0 -74.00161,40.68324,0 -73.99798,40.68299,0 -73.99637,40.68605,0 -73.99832,40.68825,0 -73.99809,40.69054,0 -73.99924,40.69269,0 -73.99838,40.69537,0 -73.99647,40.69938,0 -73.99437,40.70106,0 -73.9914,40.70167,0 -73.98781,40.7012,0 -73.98512,40.70018,0 -73.98927,40.70511,0 -73.99446,40.71444,0 -73.99452,40.71688,0 -73.9934,40.71902,0 -73.99352,40.72153,0 -73.99262,40.72391,0 -73.99179,40.72626,0 -73.99098,40.72843,0 -73.99043,40.73084,0 -73.98987,40.7334,0 -73.98957,40.73575,0 -73.98812,40.73772,0 -73.98943,40.73982,0 -73.99352,40.74154,0 -73.99227,40.74364,0 -73.99066,40.74585,0 -73.9892,40.74783,0 -73.98775,40.7498,0 -73.99001,40.75161,0 -73.99284,40.7528,0 -73.99568,40.754,0 -73.99498,40.75621,0 -73.99695,40.75796,0 -73.99965,40.75897,0 -74.00955,40.76311,0 -74.01939,40.76725,0 -74.02238,40.76699,0 -74.02403,40.7649,0 -74.02611,40.76247,0 -74.02758,40.76042,0 -74.02839,40.75796,0 -74.02914,40.7555,0 -74.02787,40.75345,0 -74.02882,40.75034,0 -74.02953,40.74797,0 -74.03041,40.74511,0 -74.03116,40.74261,0 -74.02828,40.742,0 -74.02552,40.74299,0 -74.02314,40.74437,0 -74.02438,40.748,0 -74.02566,40.75084,0 -74.02501,40.75305,0 -74.02726,40.7547,0 -74.02872,40.75688,0 -74.028,40.75922,0 -74.02685,40.76137,0 -74.025,40.76322,0 -74.02303,40.76561,0 -74.02049,40.76679,0 -74.00997,40.76247,0 -73.99771,40.75731,0 -73.9964,40.75512,0 -73.99291,40.75364,0 -73.98981,40.75234,0 -73.98696,40.75114,0 -73.98404,40.7499,0 -73.98066,40.74848,0 -73.97782,40.74728,0 -73.97515,40.74616,0 -73.97207,40.74588,0 -73.9702,40.7478,0 -73.96123,40.743,0 -73.95573,40.74152,0 -73.95227,40.74136,0 -73.94928,40.74154,0 -73.94583,40.74088,0 -73.94027,40.73876,0 -73.93747,40.73793,0 -73.93384,40.73735,0 -73.92822,40.73625,0 -73.92532,40.7356,0 -73.92256,40.73436,0 -73.92001,40.73252,0 -73.91718,40.73127,0 -73.9142,40.73044,0 -73.91129,40.72969,0 -73.90841,40.72814,0 -73.90588,40.72672,0 -73.90238,40.72592,0 -73.89529,40.72527,0 -73.89211,40.7254,0 -73.88932,40.72651,0 -73.88671,40.7279,0 -73.88228,40.72853,0 -73.8792,40.72911,0 -73.87649,40.73018,0 -73.87169,40.73162,0 -73.86751,40.73295,0 -73.86472,40.73385,0 -73.86122,40.73487,0 -73.85788,40.73587,0 -73.855,40.73665,0 -73.85197,40.73724,0 -73.84878,40.73819,0 -73.84571,40.7382,0 -73.84512,40.73599,0 -73.84419,40.73381,0 -73.8427,40.7318,0 -73.84071,40.72991,0 -73.83904,40.72787,0 -73.83775,40.72542,0 -73.8366,40.72329,0 -73.83504,40.72118,0 -73.83335,40.71926,0 -73.83147,40.71746,0 -73.82875,40.71644,0 -73.82606,40.71545,0 -73.82431,40.71341,0 -73.82199,40.71115,0 -73.82023,40.70932,0 -73.81878,40.70699,0 -73.81758,40.70488,0 -73.81596,40.70137,0 -73.8149,40.69922,0 -73.81346,40.69671,0 -73.81197,40.69411,0 -73.80933,40.68948,0 -73.80801,40.68718,0 -73.80677,40.68482,0 -73.80463,40.68024,0 -73.8033,40.67741,0 -73.802,40.67475,0 -73.80128,40.67243,0 -73.80123,40.67002,0 -73.80144,40.66763,0 -73.80216,40.66513,0 -73.80184,40.66286,0 -73.79879,40.66327,0 -73.7965,40.6648,0 -73.79319,40.66466,0 -73.79085,40.66317,0 -73.7918,40.66078,0 -73.79287,40.65863,0 -73.79225,40.65634,0 -73.78831,40.65431,0 -73.7865,40.6524,0 -73.78576,40.64986,0 -73.78639,40.64757,0 -73.78328,40.64671,0 -73.78035,40.64607,0 -73.77785,40.64481,0 -73.77968,40.64503,0
        </coordinates>
      </LineString>
    </Placemark>
    <Placemark>
      <name>로스앤젤레스 국제공항</name>
      <description>로스앤젤레스 국제공항 (LAX) 1 World Way, Los Angeles, CA 90045 (방문일: 2024-07-06 11:50:14)</description>
      <Point>
        <coordinates>-118.4036052,33.942153,0</coordinates>
      </Point>
    </Placemark>
    <Placemark>
      <name>말리부</name>
      <description>캘리포니아 말리부 (방문일: 2024-07-06 11:50:46)</description>
      <Point>
        <coordinates>-118.69234379999999,34.0380585,0</coordinates>
      </Point>
    </Placemark>
    <Placemark>
      <name>비벌리힐스</name>
      <description>캘리포니아 비벌리힐스 (방문일: 2024-07-06 11:51:13)</description>
      <Point>
        <coordinates>-118.40162649999999,34.0730715,0</coordinates>
      </Point>
    </Placemark>
    <Placemark>
      <name>산타모니카 부두</name>
      <description>산타모니카 부두 200 Santa Monica Pier, Santa Monica, CA 90401 (방문일: 2024-07-10 02:27:31)</description>
      <Point>
        <coordinates>-118.4987585,34.008282099999995,0</coordinates>
      </Point>
    </Placemark>
    <Placemark>
      <name>Wallis Annenberg Stadium</name>
      <description>Wallis Annenberg Stadium, Westwood University of California, Los Angeles, CA 90095 (방문일: 2024-07-10 02:27:55)</description>
      <Point>
        <coordinates>-118.4454816,34.072601999999996,0</coordinates>
      </Point>
    </Placemark>
    <Placemark>
      <name>유니버설스튜디오할리우드</name>
      <description>유니버설스튜디오할리우드 100 Universal City Plaza, Universal City, CA 91608 (방문일: 2024-07-10 02:27:55)</description>
      <Point>
        <coordinates>-118.3533061,34.137071299999995,0</coordinates>
      </Point>
    </Placemark>
    <Placemark>
      <name>그리피스 천문대</name>
      <description>그리피스 천문대 2800 E Observatory Rd, Los Angeles, CA 90027 (방문일: 2024-07-10 02:28:25)</description>
      <Point>
        <coordinates>-118.3003935,34.1184341,0</coordinates>
      </Point>
    </Placemark>
    <Placemark>
      <name>더 게티</name>
      <description>더 게티 1200 Getty Center Dr, Los Angeles, CA 90049 (방문일: 2024-07-10 02:28:45)</description>
      <Point>
        <coordinates>-118.4732648,34.0773438,0</coordinates>
      </Point>
    </Placemark>
    <Placemark>
      <name>Grandview Point</name>
      <description>Grandview Point, Grand Canyon Village, AZ 86023 (방문일: 2024-07-07 07:58:41)</description>
      <Point>
        <coordinates>-111.9877556,35.9984667,0</coordinates>
      </Point>
    </Placemark>
    <Placemark>
      <name>모런 포인트</name>
      <description>모런 포인트 Grand Canyon Village, AZ 86023 (방문일: 2024-07-07 07:58:41)</description>
      <Point>
        <coordinates>-111.9242743,36.0051384,0</coordinates>
      </Point>
    </Placemark>
    <Placemark>
      <name>댄이츠 뷰</name>
      <description>캘리포니아 댄이츠 뷰 (방문일: 2024-07-08 02:52:04)</description>
      <Point>
        <coordinates>-116.7255878,36.2210689,0</coordinates>
      </Point>
    </Placemark>
    <Placemark>
      <name>파서 크롤리 오벌룩</name>
      <description>파서 크롤리 오벌룩 Parking lot, CA-190, Inyo, CA (방문일: 2024-07-08 04:59:42)</description>
      <Point>
        <coordinates>-117.5507336,36.3518636,0</coordinates>
      </Point>
    </Placemark>
    <Placemark>
      <name>요세미티 티오가 고개 (Tioga Pass)</name>
      <description> (방문일: 2024-07-08 10:53:20)</description>
      <Point>
        <coordinates>-119.4654765,37.8306616,0</coordinates>
      </Point>
    </Placemark>
    <Placemark>
      <name>Yosemite Falls View</name>
      <description> (방문일: 2024-07-08 10:55:43)</description>
      <Point>
        <coordinates>-119.59378199999999,37.7472255,0</coordinates>
      </Point>
    </Placemark>
    <Placemark>
      <name>샌프란시스코 - 오클랜드 베이 브리지 San Francisco – Oakland Bay Bridge</name>
      <description> (방문일: 2024-07-08 15:40:03)</description>
      <Point>
        <coordinates>-122.3778182,37.7982799,0</coordinates>
      </Point>
    </Placemark>
    <Placemark>
      <name>1426 Quesada Ave</name>
      <description>1426 Quesada Ave, San Francisco, CA 94124 (방문일: 2024-07-09 04:47:51)</description>
      <Point>
        <coordinates>-122.38628639999999,37.7306521,0</coordinates>
      </Point>
    </Placemark>
    <Placemark>
      <name>스탠포드 대학 Stanford University</name>
      <description> (방문일: 2024-07-09 05:50:21)</description>
      <Point>
        <coordinates>-122.17005999999999,37.427659999999996,0</coordinates>
      </Point>
    </Placemark>
    <Placemark>
      <name>Stanford Visitor Center</name>
      <description>Stanford Visitor Center, 295 Galvez St, Stanford, CA 94305 (방문일: 2024-07-09 06:16:34)</description>
      <Point>
        <coordinates>-122.1636508,37.431551999999996,0</coordinates>
      </Point>
    </Placemark>
    <Placemark>
      <name>후버 타워</name>
      <description>후버 타워 550 Jane Stanford Way, Stanford, CA 94305 (방문일: 2024-07-09 06:52:29)</description>
      <Point>
        <coordinates>-122.16696999999999,37.4276001,0</coordinates>
      </Point>
    </Placemark>
    <Placemark>
      <name>Stanford University Bookstore</name>
      <description>Stanford University Bookstore, 519 Lasuen Mall, Stanford, CA 94305 (방문일: 2024-07-09 08:46:00)</description>
      <Point>
        <coordinates>-122.16863599999999,37.4248197,0</coordinates>
      </Point>
    </Placemark>
    <Placemark>
      <name>티파니 공원</name>
      <description>티파니 공원 399 Bridgeway, Sausalito, CA 94965 (방문일: 2024-07-09 10:40:51)</description>
      <Point>
        <coordinates>-122.47976329999999,37.850506599999996,0</coordinates>
      </Point>
    </Placemark>
    <Placemark>
      <name>소살리토</name>
      <description>94965 캘리포니아 소살리토 (방문일: 2024-07-09 10:40:51)</description>
      <Point>
        <coordinates>-122.4852507,37.859093699999995,0</coordinates>
      </Point>
    </Placemark>
    <Placemark>
      <name>골든게이트 교 Golden Gate Bridge</name>
      <description> (방문일: 2024-07-09 10:41:10)</description>
      <Point>
        <coordinates>-122.4785598,37.819910899999996,0</coordinates>
      </Point>
    </Placemark>
    <Placemark>
      <name>Da Pan (H Mart)</name>
      <description>Da Pan (H Mart), 3995 Alemany Blvd, San Francisco, CA 94132 (방문일: 2024-07-09 12:44:49)</description>
      <Point>
        <coordinates>-122.46794399999999,37.710287199999996,0</coordinates>
      </Point>
    </Placemark>
    <Placemark>
      <name>Google Alta Garage (Propark)</name>
      <description>Google Alta Garage (Propark), 1001 Alta Ave, Mountain View, CA 94043 (방문일: 2024-07-10 02:49:22)</description>
      <Point>
        <coordinates>-122.08411889999999,37.418275099999995,0</coordinates>
      </Point>
    </Placemark>
    <Placemark>
      <name>Google Visitor Experience</name>
      <description>Google Visitor Experience, 2000 N Shoreline Blvd Ground Floor, Mountain View, CA 94043 (방문일: 2024-07-10 02:53:35)</description>
      <Point>
        <coordinates>-122.08063759999999,37.4215862,0</coordinates>
      </Point>
    </Placemark>
    <Placemark>
      <name>애플 파크</name>
      <description>애플 파크 One Apple Park Way, Cupertino, CA 95014 (방문일: 2024-07-10 04:17:26)</description>
      <Point>
        <coordinates>-122.008972,37.334643799999995,0</coordinates>
      </Point>
    </Placemark>
    <Placemark>
      <name>Apple Apple Park Visitor Center</name>
      <description>Apple Apple Park Visitor Center, 10600 N Tantau Ave, Cupertino, CA 95014 (방문일: 2024-07-10 04:25:43)</description>
      <Point>
        <coordinates>-122.0053844,37.332772999999996,0</coordinates>
      </Point>
    </Placemark>
    <Placemark>
      <name>엔비디아 코퍼레이션</name>
      <description>엔비디아 코퍼레이션 2788 San Tomas Expy, Santa Clara, CA 95051 (방문일: 2024-07-10 06:59:36)</description>
      <Point>
        <coordinates>-121.9671894,37.3706254,0</coordinates>
      </Point>
    </Placemark>
    <Placemark>
      <name>캘리포니아 대학교</name>
      <description>캘리포니아 대학교 University Avenue and, Oxford St, Berkeley, CA 94720 (방문일: 2024-07-10 07:08:46)</description>
      <Point>
        <coordinates>-122.25546299999999,37.871214099999996,0</coordinates>
      </Point>
    </Placemark>
    <Placemark>
      <name>The Campanile</name>
      <description>The Campanile, Sather Tower, Berkeley, CA 94720 (방문일: 2024-07-10 07:09:23)</description>
      <Point>
        <coordinates>-122.2578123,37.872061599999995,0</coordinates>
      </Point>
    </Placemark>
    <Placemark>
      <name>피셔맨스 와프</name>
      <description>캘리포니아 샌프란시스코 피셔맨스 와프 (방문일: 2024-07-10 07:47:47)</description>
      <Point>
        <coordinates>-122.4125282,37.8085771,0</coordinates>
      </Point>
    </Placemark>
    <Placemark>
      <name>Lombard St</name>
      <description>Lombard St, San Francisco, CA (방문일: 2024-07-10 08:21:11)</description>
      <Point>
        <coordinates>-122.41955189999999,37.802005799999996,0</coordinates>
      </Point>
    </Placemark>
    <Placemark>
      <name>H. Dana Bowers Rest Area &amp; Vista Point – Northbound</name>
      <description>H. Dana Bowers Rest Area &amp; Vista Point – Northbound, Golden Gate Brg, Sausalito, CA 94965 (방문일: 2024-07-10 08:54:03)</description>
      <Point>
        <coordinates>-122.4805159,37.8329421,0</coordinates>
      </Point>
    </Placemark>
    <Placemark>
      <name>골든 게이트 옵셔베이션 데크</name>
      <description>골든 게이트 옵셔베이션 데크 5702 Conzelman Rd, Mill Valley, CA 94941 (방문일: 2024-07-10 09:12:00)</description>
      <Point>
        <coordinates>-122.49107029999999,37.8323937,0</coordinates>
      </Point>
    </Placemark>
    <Placemark>
      <name>Richmond Bridge</name>
      <description>Richmond Bridge, San Rafael, CA (방문일: 2024-07-10 09:50:50)</description>
      <Point>
        <coordinates>-122.4445136,37.9350813,0</coordinates>
      </Point>
    </Placemark>
    <Placemark>
      <name>섀스타 산</name>
      <description>캘리포니아 섀스타 산 (방문일: 2024-07-11 07:22:40)</description>
      <Point>
        <coordinates>-122.1948817,41.4098732,0</coordinates>
      </Point>
    </Placemark>
    <Placemark>
      <name>우드번</name>
      <description>97071 오리건 우드번 (방문일: 2024-07-11 08:52:26)</description>
      <Point>
        <coordinates>-122.8772978,45.1504142,0</coordinates>
      </Point>
    </Placemark>
    <Placemark>
      <name>포틀랜드</name>
      <description>오리건 포틀랜드 (방문일: 2024-07-11 09:46:27)</description>
      <Point>
        <coordinates>-122.67838529999999,45.515232,0</coordinates>
      </Point>
    </Placemark>
    <Placemark>
      <name>스팟 #93</name>
      <description> (방문일: 2024-07-11 10:26:35)</description>
      <Point>
        <coordinates>-122.6768408,45.615097399999996,0</coordinates>
      </Point>
    </Placemark>
    <Placemark>
      <name>Visitors Center</name>
      <description>Visitors Center, 4060 George Washington Lane Northeast, Seattle, WA 98195 (방문일: 2024-07-12 06:56:28)</description>
      <Point>
        <coordinates>-122.31038179999999,47.6564611,0</coordinates>
      </Point>
    </Placemark>
    <Placemark>
      <name>Foster Business Library</name>
      <description>Foster Business Library, NE Klickitat Ln, Seattle, WA 98195 (방문일: 2024-07-12 07:50:24)</description>
      <Point>
        <coordinates>-122.30863269999999,47.6591141,0</coordinates>
      </Point>
    </Placemark>
    <Placemark>
      <name>PACCAR Hall</name>
      <description>PACCAR Hall, 4277 NE Stevens Way, Seattle, WA 98195 (방문일: 2024-07-12 07:50:24)</description>
      <Point>
        <coordinates>-122.3090131,47.6593782,0</coordinates>
      </Point>
    </Placemark>
    <Placemark>
      <name>Husky Union Building</name>
      <description>Husky Union Bldg (HUB), 4001 E Stevens Way NE, Seattle, WA 98195 (방문일: 2024-07-12 07:53:52)</description>
      <Point>
        <coordinates>-122.3050844,47.655389299999996,0</coordinates>
      </Point>
    </Placemark>
    <Placemark>
      <name>Suzzallo and Allen Libraries</name>
      <description>Suzzallo and Allen Libraries, 4000 15th Ave NE, Seattle, WA 98195 (방문일: 2024-07-12 07:54:54)</description>
      <Point>
        <coordinates>-122.3084354,47.655883499999995,0</coordinates>
      </Point>
    </Placemark>
    <Placemark>
      <name>Safeway</name>
      <description>Safeway, 9262 Rainier Ave S, Seattle, WA 98118 (방문일: 2024-07-12 10:23:29)</description>
      <Point>
        <coordinates>-122.268074,47.5209273,0</coordinates>
      </Point>
    </Placemark>
    <Placemark>
      <name>스페이스 니들</name>
      <description>스페이스 니들 400 Broad St, Seattle, WA 98109 (방문일: 2024-07-13 03:39:57)</description>
      <Point>
        <coordinates>-122.34927739999999,47.620506299999995,0</coordinates>
      </Point>
    </Placemark>
    <Placemark>
      <name>Microsoft Visitor Center and Company Store</name>
      <description>Microsoft Visitor Center and Company Store, 15010 NE 36th St Building 92, Redmond, WA 98052 (방문일: 2024-07-13 06:38:03)</description>
      <Point>
        <coordinates>-122.1368406,47.6423109,0</coordinates>
      </Point>
    </Placemark>
    <Placemark>
      <name>QFC</name>
      <description>QFC, 3550 Factoria Blvd SE, Bellevue, WA 98006 (방문일: 2024-07-13 08:57:32)</description>
      <Point>
        <coordinates>-122.1672526,47.5785179,0</coordinates>
      </Point>
    </Placemark>
    <Placemark>
      <name>스팟 #83</name>
      <description> (방문일: 2024-07-14 04:11:27)</description>
      <Point>
        <coordinates>-122.4736564,48.7184058,0</coordinates>
      </Point>
    </Placemark>
    <Placemark>
      <name>Prospect Point Cafe</name>
      <description>Prospect Point Cafe, 5601 Stanley Park Dr, Vancouver, BC V6G 3E2 캐나다 (방문일: 2024-07-14 06:52:03)</description>
      <Point>
        <coordinates>-123.142716,49.312610299999996,0</coordinates>
      </Point>
    </Placemark>
    <Placemark>
      <name>176 St</name>
      <description>176 St, Surrey, BC, 캐나다 (방문일: 2024-07-14 06:57:05)</description>
      <Point>
        <coordinates>-122.73534099999999,49.002023699999995,0</coordinates>
      </Point>
    </Placemark>
    <Placemark>
      <name>스탠리 공원</name>
      <description>스탠리 공원 Vancouver, BC V6G 1Z4 캐나다 (방문일: 2024-07-14 06:57:52)</description>
      <Point>
        <coordinates>-123.14425229999999,49.304258399999995,0</coordinates>
      </Point>
    </Placemark>
    <Placemark>
      <name>Chevron - Gas Station</name>
      <description> (방문일: 2024-07-16 02:26:16)</description>
      <Point>
        <coordinates>-122.00640899999999,49.1406991,0</coordinates>
      </Point>
    </Placemark>
    <Placemark>
      <name>스팟 #78</name>
      <description> (방문일: 2024-07-16 10:42:35)</description>
      <Point>
        <coordinates>-119.4547722,50.876944599999995,0</coordinates>
      </Point>
    </Placemark>
    <Placemark>
      <name>Save-On-Foods</name>
      <description>Save-On-Foods, 555 Victoria Rd, Revelstoke, BC V0E 2S0 캐나다 (방문일: 2024-07-16 10:43:17)</description>
      <Point>
        <coordinates>-118.1996405,51.001788999999995,0</coordinates>
      </Point>
    </Placemark>
    <Placemark>
      <name>루이스 호</name>
      <description>루이스 호 Lake Louise Lakeshore Trail, Lake Louise, AB T0L 캐나다 (방문일: 2024-07-17 06:07:42)</description>
      <Point>
        <coordinates>-116.21789439999999,51.4161271,0</coordinates>
      </Point>
    </Placemark>
    <Placemark>
      <name>스팟 #75</name>
      <description> (방문일: 2024-07-17 06:07:42)</description>
      <Point>
        <coordinates>-115.73534219999999,51.1942339,0</coordinates>
      </Point>
    </Placemark>
    <Placemark>
      <name>캘거리</name>
      <description>캐나다 알버타 캘거리 (방문일: 2024-07-17 07:31:07)</description>
      <Point>
        <coordinates>-114.0718831,51.044733099999995,0</coordinates>
      </Point>
    </Placemark>
    <Placemark>
      <name>Chevron commercial cardlock</name>
      <description>Chevron commercial cardlock, 99 Queen Elizabeth II Hwy, Bowden, AB T0M 0K0 캐나다 (방문일: 2024-07-17 14:08:55)</description>
      <Point>
        <coordinates>-114.01881309999999,51.951673299999996,0</coordinates>
      </Point>
    </Placemark>
    <Placemark>
      <name>Esso</name>
      <description>Esso, 119 Leva Ave, Red Deer County, AB T4E 1B2 캐나다 (방문일: 2024-07-18 07:44:13)</description>
      <Point>
        <coordinates>-113.8149325,52.2043627,0</coordinates>
      </Point>
    </Placemark>
    <Placemark>
      <name>Dickson-Stevenson Stopping House</name>
      <description> (방문일: 2024-07-18 08:59:01)</description>
      <Point>
        <coordinates>-114.00411899999999,51.3740047,0</coordinates>
      </Point>
    </Placemark>
    <Placemark>
      <name>플라잉 J 트레블 센터</name>
      <description>플라잉 J 트레블 센터 2810 21 Ave, Nanton, AB T0L 1R0 캐나다 (방문일: 2024-07-18 11:27:09)</description>
      <Point>
        <coordinates>-113.76553559999999,50.3415416,0</coordinates>
      </Point>
    </Placemark>
    <Placemark>
      <name>I-15/AB-4 US Customs And Border Protection Kiosks</name>
      <description>I-15/AB-4 US Customs And Border Protection Kiosks, 39825 I-15, Sweet Grass, MT 59484 캐나다 (방문일: 2024-07-19 01:39:49)</description>
      <Point>
        <coordinates>-111.96077939999999,48.998394999999995,0</coordinates>
      </Point>
    </Placemark>
    <Placemark>
      <name>Cenex</name>
      <description>Cenex, 110 Main St, Dutton, MT 59433 (방문일: 2024-07-19 03:40:31)</description>
      <Point>
        <coordinates>-111.7181172,47.848033099999995,0</coordinates>
      </Point>
    </Placemark>
    <Placemark>
      <name>엑손</name>
      <description>엑손 309 E Main St, White Sulphur Springs, MT 59645 (방문일: 2024-07-19 06:04:21)</description>
      <Point>
        <coordinates>-110.8998204,46.5483615,0</coordinates>
      </Point>
    </Placemark>
    <Placemark>
      <name>D J's Grocery</name>
      <description> (방문일: 2024-07-20 03:12:45)</description>
      <Point>
        <coordinates>-106.7157326,44.3473785,0</coordinates>
      </Point>
    </Placemark>
    <Placemark>
      <name>Short Stop Fuel Mart</name>
      <description>Short Stop Fuel Mart, 2206 W Main St, Newcastle, WY 82701 (방문일: 2024-07-20 05:17:33)</description>
      <Point>
        <coordinates>-104.23085669999999,43.850756,0</coordinates>
      </Point>
    </Placemark>
    <Placemark>
      <name>마운트 러스모어 내셔널 메모리얼</name>
      <description>마운트 러스모어 내셔널 메모리얼 Keystone, SD 57751 (방문일: 2024-07-20 06:48:04)</description>
      <Point>
        <coordinates>-103.45377459999999,43.880335699999996,0</coordinates>
      </Point>
    </Placemark>
    <Placemark>
      <name>셸</name>
      <description>셸 101 E W Hwy 16, Oacoma, SD 57365 (방문일: 2024-07-20 11:03:11)</description>
      <Point>
        <coordinates>-99.39408499999999,43.802046999999995,0</coordinates>
      </Point>
    </Placemark>
    <Placemark>
      <name>Minnesota Welcome Center (Beaver Creek)</name>
      <description>Minnesota Welcome Center (Beaver Creek), I-90, Beaver Creek, MN 56116 (방문일: 2024-07-21 01:27:32)</description>
      <Point>
        <coordinates>-96.4624982,43.6071375,0</coordinates>
      </Point>
    </Placemark>
    <Placemark>
      <name>Holiday Stationstores</name>
      <description>Holiday Stationstores, 1408 Oxford St, Worthington, MN 56187 (방문일: 2024-07-21 02:37:22)</description>
      <Point>
        <coordinates>-95.5929984,43.6307877,0</coordinates>
      </Point>
    </Placemark>
    <Placemark>
      <name>International Terminal 5</name>
      <description>International Terminal 5, Chicago, IL 60666 (방문일: 2024-07-22 00:10:18)</description>
      <Point>
        <coordinates>-87.8915208,41.9756971,0</coordinates>
      </Point>
    </Placemark>
    <Placemark>
      <name>Frank Lloyd Wright Home &amp; Studio</name>
      <description>Frank Lloyd Wright Home &amp; Studio, 951 Chicago Ave, Oak Park, IL 60302 (방문일: 2024-07-22 02:53:23)</description>
      <Point>
        <coordinates>-87.7996452,41.894145699999996,0</coordinates>
      </Point>
    </Placemark>
    <Placemark>
      <name>Parking lot</name>
      <description>Parking lot, Chicago, IL 60614 (방문일: 2024-07-22 04:04:05)</description>
      <Point>
        <coordinates>-87.6250395,41.9129204,0</coordinates>
      </Point>
    </Placemark>
    <Placemark>
      <name>클라우드 게이트</name>
      <description>클라우드 게이트 201 E Randolph St, Chicago, IL 60602 (방문일: 2024-07-22 05:53:02)</description>
      <Point>
        <coordinates>-87.6233039,41.8826572,0</coordinates>
      </Point>
    </Placemark>
    <Placemark>
      <name>밀레니엄 공원</name>
      <description>밀레니엄 공원 Chicago, IL 60602 (방문일: 2024-07-22 05:53:02)</description>
      <Point>
        <coordinates>-87.62255139999999,41.8825524,0</coordinates>
      </Point>
    </Placemark>
    <Placemark>
      <name>애들러 천문관</name>
      <description>애들러 천문관 1300 S DuSable Lake Shore Dr, Chicago, IL 60605 (방문일: 2024-07-22 06:20:21)</description>
      <Point>
        <coordinates>-87.6067898,41.8664066,0</coordinates>
      </Point>
    </Placemark>
    <Placemark>
      <name>시카고 대학교</name>
      <description>시카고 대학교 5801 S Ellis Ave, Chicago, IL 60637 (방문일: 2024-07-22 07:08:27)</description>
      <Point>
        <coordinates>-87.6003953,41.790448399999995,0</coordinates>
      </Point>
    </Placemark>
    <Placemark>
      <name>Dollar General</name>
      <description>Dollar General, 1606 M-139, Benton Harbor, MI 49022 (방문일: 2024-07-22 09:34:35)</description>
      <Point>
        <coordinates>-86.4351403,42.0929862,0</coordinates>
      </Point>
    </Placemark>
    <Placemark>
      <name>Five Lakes Rest Area</name>
      <description>Five Lakes Rest Area, Attica, MI 48412 (방문일: 2024-07-23 02:15:07)</description>
      <Point>
        <coordinates>-83.2197324,43.0053408,0</coordinates>
      </Point>
    </Placemark>
    <Placemark>
      <name>Blue Water Bridge</name>
      <description>Blue Water Bridge, Blue Water Brg, Point Edward, ON, 캐나다 (방문일: 2024-07-23 03:19:56)</description>
      <Point>
        <coordinates>-82.42353,42.9985147,0</coordinates>
      </Point>
    </Placemark>
    <Placemark>
      <name>Food Basics</name>
      <description>Food Basics, 63 Main St W, Grimsby, ON L3M 4H1 캐나다 (방문일: 2024-07-23 06:00:49)</description>
      <Point>
        <coordinates>-79.5639439,43.193739799999996,0</coordinates>
      </Point>
    </Placemark>
    <Placemark>
      <name>Free Viewpoint</name>
      <description> (방문일: 2024-07-23 07:24:21)</description>
      <Point>
        <coordinates>-79.0781324,43.0789259,0</coordinates>
      </Point>
    </Placemark>
    <Placemark>
      <name>South Grand Island Bridge</name>
      <description>South Grand Island Bridge, Tonawanda, NY 14150 (방문일: 2024-07-23 08:23:18)</description>
      <Point>
        <coordinates>-78.9362616,42.998410899999996,0</coordinates>
      </Point>
    </Placemark>
    <Placemark>
      <name>스팟 #47</name>
      <description> (방문일: 2024-07-24 02:08:23)</description>
      <Point>
        <coordinates>-75.74134269999999,41.9743407,0</coordinates>
      </Point>
    </Placemark>
    <Placemark>
      <name>킹 사우나</name>
      <description>킹 사우나 321 Commercial Ave, Palisades Park, NJ 07650 (방문일: 2024-07-25 00:03:02)</description>
      <Point>
        <coordinates>-74.002331,40.8519921,0</coordinates>
      </Point>
    </Placemark>
    <Placemark>
      <name>KBS Hair Studio 김병수 미용실</name>
      <description>07024 New Jersey, Fort Lee, Main St, KBS Hair Studio 김병수 미용실 (방문일: 2024-07-25 00:16:17)</description>
      <Point>
        <coordinates>-73.9799548,40.857290299999995,0</coordinates>
      </Point>
    </Placemark>
    <Placemark>
      <name>Green Motors, Inc.</name>
      <description> (방문일: 2024-07-25 00:59:23)</description>
      <Point>
        <coordinates>-74.0107888,40.8268863,0</coordinates>
      </Point>
    </Placemark>
    <Placemark>
      <name>SUPER H Mart</name>
      <description>SUPER H Mart 321 Broad Ave, Ridgefield, NJ 07657 (방문일: 2024-07-25 02:51:03)</description>
      <Point>
        <coordinates>-74.0104123,40.824442399999995,0</coordinates>
      </Point>
    </Placemark>
    <Placemark>
      <name>스팟 #42</name>
      <description> (방문일: 2024-07-25 02:57:50)</description>
      <Point>
        <coordinates>-74.00967899999999,40.7628728,0</coordinates>
      </Point>
    </Placemark>
    <Placemark>
      <name>맨해튼 교</name>
      <description>맨해튼 교 Manhattan Brg, New York, NY 11201 (방문일: 2024-07-25 03:43:51)</description>
      <Point>
        <coordinates>-73.99077419999999,40.7074959,0</coordinates>
      </Point>
    </Placemark>
    <Placemark>
      <name>Holland Tunnel Ventilation Shaft 2</name>
      <description>Holland Tunnel Ventilation Shaft 2, Holland Tunnel, New York, NY 10014 (방문일: 2024-07-25 05:15:33)</description>
      <Point>
        <coordinates>-74.015029,40.726596099999995,0</coordinates>
      </Point>
    </Placemark>
    <Placemark>
      <name>Best Buy</name>
      <description>Best Buy, 2391 US-22, Union, NJ 07083 (방문일: 2024-07-25 08:46:31)</description>
      <Point>
        <coordinates>-74.29615299999999,40.6912506,0</coordinates>
      </Point>
    </Placemark>
    <Placemark>
      <name>Barnes &amp; Noble</name>
      <description>Barnes &amp; Noble, 2401 US-22 STE 2401N, Union, NJ 07083 (방문일: 2024-07-25 09:48:45)</description>
      <Point>
        <coordinates>-74.29857419999999,40.691021299999996,0</coordinates>
      </Point>
    </Placemark>
    <Placemark>
      <name>ShopRite of Union, NJ - Highway 22</name>
      <description>ShopRite of Union, NJ - Highway 22, 2401D US-22, Union, NJ 07083 (방문일: 2024-07-25 09:48:45)</description>
      <Point>
        <coordinates>-74.2966594,40.6921618,0</coordinates>
      </Point>
    </Placemark>
    <Placemark>
      <name>Port Authority Bus Terminal</name>
      <description>Port Authority Bus Terminal, New York, NY 10018 (방문일: 2024-07-26 04:36:32)</description>
      <Point>
        <coordinates>-73.9923944,40.7570875,0</coordinates>
      </Point>
    </Placemark>
    <Placemark>
      <name>Times Square</name>
      <description>Times Square, New York, NY 10036 (방문일: 2024-07-26 06:08:16)</description>
      <Point>
        <coordinates>-73.9855426,40.7579747,0</coordinates>
      </Point>
    </Placemark>
    <Placemark>
      <name>크라이슬러 빌딩</name>
      <description>크라이슬러 빌딩 405 Lexington Ave, New York, NY 10174 (방문일: 2024-07-26 06:56:22)</description>
      <Point>
        <coordinates>-73.97550199999999,40.7516208,0</coordinates>
      </Point>
    </Placemark>
    <Placemark>
      <name>Grand Central - 42 St</name>
      <description>Grand Central - 42 St, New York, NY 10017 (방문일: 2024-07-26 07:00:55)</description>
      <Point>
        <coordinates>-73.976044,40.751431,0</coordinates>
      </Point>
    </Placemark>
    <Placemark>
      <name>코리아타운</name>
      <description>10001 뉴욕 코리아타운 (방문일: 2024-07-26 07:49:56)</description>
      <Point>
        <coordinates>-73.98689379999999,40.7477385,0</coordinates>
      </Point>
    </Placemark>
    <Placemark>
      <name>엠파이어 스테이트 빌딩</name>
      <description>엠파이어 스테이트 빌딩 20 W 34th St., New York, NY 10001 (방문일: 2024-07-26 08:19:21)</description>
      <Point>
        <coordinates>-73.98566439999999,40.7484405,0</coordinates>
      </Point>
    </Placemark>
    <Placemark>
      <name>뉴어크 리버티 국제공항</name>
      <description>뉴어크 리버티 국제공항 (EWR) 3 Brewster Rd, Newark, NJ 07114 (방문일: 2024-07-26 11:03:13)</description>
      <Point>
        <coordinates>-74.17686359999999,40.6884837,0</coordinates>
      </Point>
    </Placemark>
    <Placemark>
      <name>콜럼버스 서클</name>
      <description>콜럼버스 서클 848 Columbus Cir, New York, NY 10019 (방문일: 2024-07-27 04:51:54)</description>
      <Point>
        <coordinates>-73.9818957,40.7680797,0</coordinates>
      </Point>
    </Placemark>
    <Placemark>
      <name>벨비디어 성</name>
      <description>벨비디어 성 New York, NY 10024 (방문일: 2024-07-27 06:05:00)</description>
      <Point>
        <coordinates>-73.9690677,40.7794302,0</coordinates>
      </Point>
    </Placemark>
    <Placemark>
      <name>Umpire Rock</name>
      <description>Umpire Rock, Central Park S, New York, NY 10019 (방문일: 2024-07-27 06:08:46)</description>
      <Point>
        <coordinates>-73.9777708,40.7691242,0</coordinates>
      </Point>
    </Placemark>
    <Placemark>
      <name>메트로폴리탄 미술관</name>
      <description>메트로폴리탄 미술관 1000 5th Ave, New York, NY 10028 (방문일: 2024-07-27 06:40:36)</description>
      <Point>
        <coordinates>-73.963244,40.7794366,0</coordinates>
      </Point>
    </Placemark>
    <Placemark>
      <name>스팟 #25</name>
      <description> (방문일: 2024-07-27 06:49:09)</description>
      <Point>
        <coordinates>-73.9600971,40.7832832,0</coordinates>
      </Point>
    </Placemark>
    <Placemark>
      <name>Burnett Fountain</name>
      <description>Burnett Fountain, E 105th St &amp;, 5th Ave, New York, NY 10029 (방문일: 2024-07-27 07:09:22)</description>
      <Point>
        <coordinates>-73.952775,40.793163899999996,0</coordinates>
      </Point>
    </Placemark>
    <Placemark>
      <name>뉴욕 박물관</name>
      <description>뉴욕 박물관 1220 5th Ave, New York, NY 10029 (방문일: 2024-07-27 07:27:39)</description>
      <Point>
        <coordinates>-73.9519897,40.7925318,0</coordinates>
      </Point>
    </Placemark>
    <Placemark>
      <name>듀크 엘링턴 스테츄</name>
      <description>듀크 엘링턴 스테츄 Duke Ellington Circle, New York, NY 10029 (방문일: 2024-07-27 07:33:34)</description>
      <Point>
        <coordinates>-73.9494167,40.7968889,0</coordinates>
      </Point>
    </Placemark>
    <Placemark>
      <name>Frederick Douglass Sculpture and Water Wall</name>
      <description>Frederick Douglass Sculpture and Water Wall, 301 Frederick Douglass Cir, New York, NY 10026 (방문일: 2024-07-27 07:45:37)</description>
      <Point>
        <coordinates>-73.95818059999999,40.8005895,0</coordinates>
      </Point>
    </Placemark>
    <Placemark>
      <name>국제 연합</name>
      <description>국제 연합 405 E 45th St, New York, NY 10017 (방문일: 2024-07-28 05:05:29)</description>
      <Point>
        <coordinates>-73.9682091,40.7488983,0</coordinates>
      </Point>
    </Placemark>
    <Placemark>
      <name>뉴욕</name>
      <description>뉴욕 (방문일: 2024-07-28 05:25:09)</description>
      <Point>
        <coordinates>-74.0059728,40.7127753,0</coordinates>
      </Point>
    </Placemark>
    <Placemark>
      <name>컬럼비아 대학교</name>
      <description>컬럼비아 대학교 116th and Broadway, New York, NY 10027 (방문일: 2024-07-28 06:19:09)</description>
      <Point>
        <coordinates>-73.9625727,40.8075355,0</coordinates>
      </Point>
    </Placemark>
    <Placemark>
      <name>워싱턴 스퀘어 공원</name>
      <description>워싱턴 스퀘어 공원 Washington Square, New York, NY 10012 (방문일: 2024-07-28 07:14:44)</description>
      <Point>
        <coordinates>-73.997332,40.7308838,0</coordinates>
      </Point>
    </Placemark>
    <Placemark>
      <name>Stop &amp; Shop</name>
      <description>Stop &amp; Shop, 1351 Forest Ave, Staten Island, NY 10302 (방문일: 2024-07-28 09:50:59)</description>
      <Point>
        <coordinates>-74.13553019999999,40.626114699999995,0</coordinates>
      </Point>
    </Placemark>
    <Placemark>
      <name>빈센트 R. 카스치아노 역사 기념교</name>
      <description>빈센트 R. 카스치아노 역사 기념교 Newark Bay Brg, Bayonne, NJ (방문일: 2024-07-28 10:55:21)</description>
      <Point>
        <coordinates>-74.1180768,40.6951276,0</coordinates>
      </Point>
    </Placemark>
    <Placemark>
      <name>Chicago The Musical</name>
      <description>Chicago The Musical, 219 W 49th St, New York, NY 10019 (방문일: 2024-07-29 02:31:41)</description>
      <Point>
        <coordinates>-73.9849708,40.7611129,0</coordinates>
      </Point>
    </Placemark>
    <Placemark>
      <name>스프링 스트리트</name>
      <description>스프링 스트리트 New York, NY 10013 (방문일: 2024-07-29 06:22:52)</description>
      <Point>
        <coordinates>-74.00374,40.72623,0</coordinates>
      </Point>
    </Placemark>
    <Placemark>
      <name>Carhartt WIP Store New York</name>
      <description>Carhartt WIP Store New York, 286 Lafayette St, New York, NY 10012 (방문일: 2024-07-29 06:59:19)</description>
      <Point>
        <coordinates>-73.99614989999999,40.7243056,0</coordinates>
      </Point>
    </Placemark>
    <Placemark>
      <name>Target</name>
      <description>Target, 600 Broadway, New York, NY 10012 (방문일: 2024-07-29 07:01:30)</description>
      <Point>
        <coordinates>-73.9968212,40.7251891,0</coordinates>
      </Point>
    </Placemark>
    <Placemark>
      <name>모마 디자인 스토어</name>
      <description>모마 디자인 스토어 81 Spring St A, New York, NY 10012 (방문일: 2024-07-29 07:13:23)</description>
      <Point>
        <coordinates>-73.9979997,40.7229688,0</coordinates>
      </Point>
    </Placemark>
    <Placemark>
      <name>Nike Soho</name>
      <description>Nike Soho, 529 Broadway, New York, NY 10012 (방문일: 2024-07-29 07:28:40)</description>
      <Point>
        <coordinates>-73.9967995,40.7258893,0</coordinates>
      </Point>
    </Placemark>
    <Placemark>
      <name>McNally Jackson Books SoHo</name>
      <description>McNally Jackson Books SoHo, 134 Prince St, New York, NY 10012 (방문일: 2024-07-29 07:41:28)</description>
      <Point>
        <coordinates>-74.000592,40.725538,0</coordinates>
      </Point>
    </Placemark>
    <Placemark>
      <name>14 스트리트 스테이션</name>
      <description>14 스트리트 스테이션 300 W 14th St, New York, NY 10014 (방문일: 2024-07-29 09:30:15)</description>
      <Point>
        <coordinates>-74.00258,40.739779999999996,0</coordinates>
      </Point>
    </Placemark>
    <Placemark>
      <name>더 홈 디포</name>
      <description>더 홈 디포 2501 Forest Ave, Staten Island, NY 10303 (방문일: 2024-07-30 04:10:06)</description>
      <Point>
        <coordinates>-74.1724507,40.629253999999996,0</coordinates>
      </Point>
    </Placemark>
    <Placemark>
      <name>bp</name>
      <description>bp, 4001 4th Ave, Brooklyn, NY 11232 (방문일: 2024-07-30 05:25:24)</description>
      <Point>
        <coordinates>-74.0066375,40.651770299999995,0</coordinates>
      </Point>
    </Placemark>
    <Placemark>
      <name>브루클린 헤이츠 하버 전망대</name>
      <description> (방문일: 2024-07-30 06:35:53)</description>
      <Point>
        <coordinates>-73.9969392,40.684907599999995,0</coordinates>
      </Point>
    </Placemark>
    <Placemark>
      <name>Toys "Я" Us at Macy's</name>
      <description>Toys "Я" Us at Macy's, 7th floor, 151 W 34th St., New York, NY 10001 (방문일: 2024-07-30 07:18:13)</description>
      <Point>
        <coordinates>-73.98906339999999,40.7508631,0</coordinates>
      </Point>
    </Placemark>
    <Placemark>
      <name>The Walkway &amp; Fishing Pier</name>
      <description>The Walkway &amp; Fishing Pier, Hoboken, NJ 07030 (방문일: 2024-07-30 08:57:10)</description>
      <Point>
        <coordinates>-74.02213119999999,40.7455378,0</coordinates>
      </Point>
    </Placemark>
    <Placemark>
      <name>존 F. 케네디 국제공항</name>
      <description>존 F. 케네디 국제공항 (JFK) Queens, NY 11430 (방문일: 2024-07-31 00:31:46)</description>
      <Point>
        <coordinates>-73.7797222,40.6446161,0</coordinates>
      </Point>
    </Placemark>
  </Document>
</kml>